<?xml version = '1.0' encoding = 'UTF-8'?>
<Entity class="oracle.dbtools.crest.model.design.logical.Entity" directorySegmentName="seg_0" id="05CCED74-1FE0-300C-945B-18EA4CED7D60" name="PhoneNo_STME">
<createdBy>10151</createdBy>
<createdTime>2022-09-18 08:22:52 UTC</createdTime>
<ownerDesignName>DBhw1</ownerDesignName>
<engineerTo>
<item key="C2189DB5-09DB-9ECC-4D15-485A8A5B218A" value="true"/>
</engineerTo>
<adequatelyNormalized>NO</adequatelyNormalized>
<expectedVolumes>0</expectedVolumes>
<fwdEngineeringStrategyName>Single Table</fwdEngineeringStrategyName>
<growthPercent>0</growthPercent>
<growthType>Year</growthType>
<maxVolumes>9999999</maxVolumes>
<minVolumes>0</minVolumes>
<normalForm>Third</normalForm>
<attributes itemClass="oracle.dbtools.crest.model.design.logical.Attribute">
<Attribute name="number" id="0E245425-F950-4E27-F2FC-4F85FBA6973E">
<createdBy>10151</createdBy>
<createdTime>2022-09-18 08:24:10 UTC</createdTime>
<ownerDesignName>DBhw1</ownerDesignName>
<engineerTo>
<item key="C2189DB5-09DB-9ECC-4D15-485A8A5B218A" value="true"/>
</engineerTo>
<useDomainConstraints>false</useDomainConstraints>
<use>1</use>
<logicalDatatype>LOGDT025</logicalDatatype>
<dataTypeSize>13</dataTypeSize>
<ownDataTypeParameters>13,,</ownDataTypeParameters>
</Attribute>
<Attribute name="provider" id="4CCD90E0-F471-39F4-C52B-00943FA8330F">
<createdBy>10151</createdBy>
<createdTime>2022-09-18 08:23:13 UTC</createdTime>
<ownerDesignName>DBhw1</ownerDesignName>
<engineerTo>
<item key="C2189DB5-09DB-9ECC-4D15-485A8A5B218A" value="true"/>
</engineerTo>
<use>0</use>
<logicalDatatype>LOGDT025</logicalDatatype>
<dataTypeSize>13</dataTypeSize>
<domain>C7EF61CA-A1F1-22C4-8537-E6AAAFEC85ED</domain>
<ownDataTypeParameters>13,,</ownDataTypeParameters>
</Attribute>
<Attribute name="plan" id="91457B9E-5C0C-3A13-0065-9324945E4F6F">
<createdBy>10151</createdBy>
<createdTime>2022-09-18 08:23:25 UTC</createdTime>
<ownerDesignName>DBhw1</ownerDesignName>
<engineerTo>
<item key="C2189DB5-09DB-9ECC-4D15-485A8A5B218A" value="true"/>
</engineerTo>
<use>0</use>
<logicalDatatype>LOGDT025</logicalDatatype>
<domain>AF446657-568B-C11A-311A-8F9F7E98AD0F</domain>
<ownDataTypeParameters>,,</ownDataTypeParameters>
</Attribute>
<Attribute name="sName" id="66A3C0D4-F56F-7A24-9224-6271946AEF62">
<createdBy>10151</createdBy>
<createdTime>2022-09-18 08:25:10 UTC</createdTime>
<generatorID>2F2A6AB4-C078-CDFA-CFFA-008F2C2AC388</generatorID>
<ownerDesignName>DBhw1</ownerDesignName>
<engineerTo>
<item key="C2189DB5-09DB-9ECC-4D15-485A8A5B218A" value="true"/>
</engineerTo>
<nullsAllowed>true</nullsAllowed>
<referedAttribute>230C2CDC-BF78-CC5D-9A1E-04869741913B</referedAttribute>
<use>0</use>
<logicalDatatype>LOGDT024</logicalDatatype>
<domain>25866B11-AD40-7E90-7574-D03219C65A85</domain>
<ownDataTypeParameters>,,</ownDataTypeParameters>
</Attribute>
<Attribute name="exName" id="3BBB695E-A558-A009-5A22-C5AE15D4A22E">
<createdBy>10151</createdBy>
<createdTime>2022-09-18 08:26:54 UTC</createdTime>
<generatorID>82C15CC8-6002-82B5-8561-BE7A0EA6F846</generatorID>
<ownerDesignName>DBhw1</ownerDesignName>
<engineerTo>
<item key="C2189DB5-09DB-9ECC-4D15-485A8A5B218A" value="true"/>
</engineerTo>
<nullsAllowed>true</nullsAllowed>
<referedAttribute>98D5D395-67BC-11FA-BD07-26C6F02082F0</referedAttribute>
<use>0</use>
<logicalDatatype>LOGDT024</logicalDatatype>
<domain>25866B11-AD40-7E90-7574-D03219C65A85</domain>
<ownDataTypeParameters>,,</ownDataTypeParameters>
</Attribute>
</attributes>
<identifiers itemClass="oracle.dbtools.crest.model.design.logical.CandidateKey">
<identifier id="564333E4-734C-3C5A-7CB8-0D03C90DBB9D" name="PhoneNo_STME PK">
<createdBy>10151</createdBy>
<createdTime>2022-09-18 08:24:43 UTC</createdTime>
<ownerDesignName>DBhw1</ownerDesignName>
<shouldEngineer>false</shouldEngineer>
<engineerTo>
<item key="C2189DB5-09DB-9ECC-4D15-485A8A5B218A" value="false"/>
</engineerTo>
<pk>true</pk>
<newElementsIDs>0E245425-F950-4E27-F2FC-4F85FBA6973E</newElementsIDs>
<usedAttributes>
<attributeRef>0E245425-F950-4E27-F2FC-4F85FBA6973E</attributeRef>
</usedAttributes>
</identifier>
</identifiers>
</Entity>