<?xml version = '1.0' encoding = 'UTF-8'?>
<Entity class="oracle.dbtools.crest.model.design.logical.Entity" directorySegmentName="seg_0" id="06B04198-77D2-D5E2-F909-5F28F56B0BE3" name="Movie">
<createdBy>10151</createdBy>
<createdTime>2022-09-17 17:57:41 UTC</createdTime>
<ownerDesignName>DBhw1</ownerDesignName>
<engineerTo>
<item key="C2189DB5-09DB-9ECC-4D15-485A8A5B218A" value="true"/>
</engineerTo>
<adequatelyNormalized>NO</adequatelyNormalized>
<expectedVolumes>0</expectedVolumes>
<fwdEngineeringStrategyName>Single Table</fwdEngineeringStrategyName>
<growthPercent>0</growthPercent>
<growthType>Year</growthType>
<maxVolumes>9999999</maxVolumes>
<minVolumes>0</minVolumes>
<normalForm>Third</normalForm>
<attributes itemClass="oracle.dbtools.crest.model.design.logical.Attribute">
<Attribute name="title" id="B0BD69F4-C0AC-CFED-09AE-0AB4B69DCD50">
<createdBy>10151</createdBy>
<createdTime>2022-09-17 17:57:50 UTC</createdTime>
<ownerDesignName>DBhw1</ownerDesignName>
<engineerTo>
<item key="C2189DB5-09DB-9ECC-4D15-485A8A5B218A" value="true"/>
</engineerTo>
<use>0</use>
<logicalDatatype>LOGDT024</logicalDatatype>
<domain>535E4BCD-72AD-15E4-3F1A-443FF5C53AC2</domain>
<ownDataTypeParameters>,,</ownDataTypeParameters>
</Attribute>
<Attribute name="year" id="11FC79DB-4DD1-4503-859D-A3F54D3044D3">
<createdBy>10151</createdBy>
<createdTime>2022-09-17 17:57:55 UTC</createdTime>
<ownerDesignName>DBhw1</ownerDesignName>
<engineerTo>
<item key="C2189DB5-09DB-9ECC-4D15-485A8A5B218A" value="true"/>
</engineerTo>
<use>0</use>
<logicalDatatype>LOGDT019</logicalDatatype>
<domain>34611CD3-4223-A0BF-E89E-7A5A4C3D6FF5</domain>
<ownDataTypeParameters>,,</ownDataTypeParameters>
<listOfRanges>
<rangeDef class="oracle.dbtools.crest.model.design.constraint.AVT">
<beginValue>1900</beginValue>
<endValue>2022</endValue>
</rangeDef>
</listOfRanges>
</Attribute>
<Attribute name="length" id="F85C587A-54EA-6658-0B8F-C995ED75108D">
<createdBy>10151</createdBy>
<createdTime>2022-09-17 17:58:10 UTC</createdTime>
<ownerDesignName>DBhw1</ownerDesignName>
<engineerTo>
<item key="C2189DB5-09DB-9ECC-4D15-485A8A5B218A" value="true"/>
</engineerTo>
<use>0</use>
<logicalDatatype>LOGDT019</logicalDatatype>
<domain>6FEA616A-9837-401D-6917-E2987FCEF23F</domain>
<ownDataTypeParameters>,,</ownDataTypeParameters>
<listOfRanges>
<rangeDef class="oracle.dbtools.crest.model.design.constraint.AVT">
<beginValue>50</beginValue>
<endValue>300</endValue>
</rangeDef>
</listOfRanges>
</Attribute>
<Attribute name="inColor" id="AB9DBBF7-2937-5D03-A3EB-C36806DC1912">
<createdBy>10151</createdBy>
<createdTime>2022-09-17 17:58:26 UTC</createdTime>
<ownerDesignName>DBhw1</ownerDesignName>
<engineerTo>
<item key="C2189DB5-09DB-9ECC-4D15-485A8A5B218A" value="true"/>
</engineerTo>
<nullsAllowed>true</nullsAllowed>
<use>0</use>
<logicalDatatype>LOGDT025</logicalDatatype>
<domain>194451C9-D9C6-A1FA-BEA3-204AA4C38B32</domain>
<ownDataTypeParameters>,,</ownDataTypeParameters>
</Attribute>
<Attribute name="producerNo" id="757632DC-7915-91A4-3C84-94F3FA48462F">
<createdBy>10151</createdBy>
<createdTime>2022-09-18 06:09:29 UTC</createdTime>
<generatorID>0E076128-F2E4-4172-600C-8171A1114380</generatorID>
<ownerDesignName>DBhw1</ownerDesignName>
<engineerTo>
<item key="C2189DB5-09DB-9ECC-4D15-485A8A5B218A" value="true"/>
</engineerTo>
<referedAttribute>27DCA753-51B4-44A3-90E1-6C67F059AE26</referedAttribute>
<use>0</use>
<logicalDatatype>LOGDT019</logicalDatatype>
<domain>893B5C95-9783-49F1-AA14-BBE754889717</domain>
<ownDataTypeParameters>,,</ownDataTypeParameters>
</Attribute>
<Attribute name="studioName" id="D416C98A-BBF9-655A-C1A7-E3E6D98892E7">
<createdBy>10151</createdBy>
<createdTime>2022-09-18 06:11:25 UTC</createdTime>
<generatorID>7B0AA09B-2AC9-ECB1-BD81-009BC41B9958</generatorID>
<ownerDesignName>DBhw1</ownerDesignName>
<engineerTo>
<item key="C2189DB5-09DB-9ECC-4D15-485A8A5B218A" value="true"/>
</engineerTo>
<referedAttribute>230C2CDC-BF78-CC5D-9A1E-04869741913B</referedAttribute>
<use>0</use>
<logicalDatatype>LOGDT024</logicalDatatype>
<domain>25866B11-AD40-7E90-7574-D03219C65A85</domain>
<ownDataTypeParameters>,,</ownDataTypeParameters>
</Attribute>
<Attribute name="directorNo" id="92021C2B-E81D-7A29-5F43-747FAE49914F">
<createdBy>10151</createdBy>
<createdTime>2022-09-18 06:25:03 UTC</createdTime>
<generatorID>9FC5D4DB-3053-4320-25E1-8360D6CD8FEB</generatorID>
<ownerDesignName>DBhw1</ownerDesignName>
<engineerTo>
<item key="C2189DB5-09DB-9ECC-4D15-485A8A5B218A" value="true"/>
</engineerTo>
<referedAttribute>27DCA753-51B4-44A3-90E1-6C67F059AE26</referedAttribute>
<use>0</use>
<logicalDatatype>LOGDT019</logicalDatatype>
<domain>893B5C95-9783-49F1-AA14-BBE754889717</domain>
<ownDataTypeParameters>,,</ownDataTypeParameters>
</Attribute>
<Attribute name="soundName" id="C8E32D66-D103-2B4B-97E4-DBECF90ACDC8">
<createdBy>10151</createdBy>
<createdTime>2022-09-18 07:52:11 UTC</createdTime>
<generatorID>E13416CC-F5F0-62B6-C8D2-447B63216EB0</generatorID>
<ownerDesignName>DBhw1</ownerDesignName>
<engineerTo>
<item key="C2189DB5-09DB-9ECC-4D15-485A8A5B218A" value="true"/>
</engineerTo>
<referedAttribute>230C2CDC-BF78-CC5D-9A1E-04869741913B</referedAttribute>
<use>0</use>
<logicalDatatype>LOGDT024</logicalDatatype>
<domain>25866B11-AD40-7E90-7574-D03219C65A85</domain>
<ownDataTypeParameters>,,</ownDataTypeParameters>
</Attribute>
</attributes>
<identifiers itemClass="oracle.dbtools.crest.model.design.logical.CandidateKey">
<identifier id="0DFDB14A-6D42-F264-67E4-215EE152CCDC" name="Movie PK">
<createdBy>10151</createdBy>
<createdTime>2022-09-17 17:58:07 UTC</createdTime>
<ownerDesignName>DBhw1</ownerDesignName>
<shouldEngineer>false</shouldEngineer>
<engineerTo>
<item key="C2189DB5-09DB-9ECC-4D15-485A8A5B218A" value="false"/>
</engineerTo>
<pk>true</pk>
<usedAttributes>
<attributeRef>11FC79DB-4DD1-4503-859D-A3F54D3044D3</attributeRef>
<attributeRef>B0BD69F4-C0AC-CFED-09AE-0AB4B69DCD50</attributeRef>
</usedAttributes>
</identifier>
</identifiers>
</Entity>