<?xml version = '1.0' encoding = 'UTF-8'?>
<Entity class="oracle.dbtools.crest.model.design.logical.Entity" directorySegmentName="seg_0" id="28F076FF-B415-FE77-D1D5-5B9E1785409A" name="MovieExec">
<createdBy>10151</createdBy>
<createdTime>2022-09-18 05:57:22 UTC</createdTime>
<ownerDesignName>DBhw1</ownerDesignName>
<engineerTo>
<item key="C2189DB5-09DB-9ECC-4D15-485A8A5B218A" value="true"/>
</engineerTo>
<adequatelyNormalized>NO</adequatelyNormalized>
<expectedVolumes>0</expectedVolumes>
<fwdEngineeringStrategyName>Single Table</fwdEngineeringStrategyName>
<growthPercent>0</growthPercent>
<growthType>Year</growthType>
<maxVolumes>9999999</maxVolumes>
<minVolumes>0</minVolumes>
<normalForm>Third</normalForm>
<attributes itemClass="oracle.dbtools.crest.model.design.logical.Attribute">
<Attribute name="name" id="98D5D395-67BC-11FA-BD07-26C6F02082F0">
<createdBy>10151</createdBy>
<createdTime>2022-09-18 05:57:34 UTC</createdTime>
<ownerDesignName>DBhw1</ownerDesignName>
<engineerTo>
<item key="C2189DB5-09DB-9ECC-4D15-485A8A5B218A" value="true"/>
</engineerTo>
<use>0</use>
<logicalDatatype>LOGDT024</logicalDatatype>
<domain>25866B11-AD40-7E90-7574-D03219C65A85</domain>
<ownDataTypeParameters>,,</ownDataTypeParameters>
</Attribute>
<Attribute name="address" id="FBB136E6-4AA4-8BA6-22A5-3AA3E23FCEA8">
<createdBy>10151</createdBy>
<createdTime>2022-09-18 05:57:41 UTC</createdTime>
<ownerDesignName>DBhw1</ownerDesignName>
<engineerTo>
<item key="C2189DB5-09DB-9ECC-4D15-485A8A5B218A" value="true"/>
</engineerTo>
<nullsAllowed>true</nullsAllowed>
<use>0</use>
<logicalDatatype>LOGDT024</logicalDatatype>
<domain>0748DC71-A91A-118F-8EDD-ADE2BF86F58B</domain>
<ownDataTypeParameters>,,</ownDataTypeParameters>
</Attribute>
<Attribute name="certNo" id="27DCA753-51B4-44A3-90E1-6C67F059AE26">
<createdBy>10151</createdBy>
<createdTime>2022-09-18 05:57:52 UTC</createdTime>
<ownerDesignName>DBhw1</ownerDesignName>
<engineerTo>
<item key="C2189DB5-09DB-9ECC-4D15-485A8A5B218A" value="true"/>
</engineerTo>
<use>0</use>
<logicalDatatype>LOGDT019</logicalDatatype>
<domain>893B5C95-9783-49F1-AA14-BBE754889717</domain>
<ownDataTypeParameters>,,</ownDataTypeParameters>
</Attribute>
<Attribute name="netWorth" id="C92AA587-79DB-6773-8040-9F3F010C5EB5">
<createdBy>10151</createdBy>
<createdTime>2022-09-18 05:58:05 UTC</createdTime>
<ownerDesignName>DBhw1</ownerDesignName>
<engineerTo>
<item key="C2189DB5-09DB-9ECC-4D15-485A8A5B218A" value="true"/>
</engineerTo>
<nullsAllowed>true</nullsAllowed>
<use>0</use>
<logicalDatatype>LOGDT019</logicalDatatype>
<domain>D470A6F0-72DF-756B-87F8-1C76DBB661E2</domain>
<ownDataTypeParameters>,,</ownDataTypeParameters>
</Attribute>
<Attribute name="spouseName" id="C217D152-0245-622F-7814-2F7C72FC2C6A">
<createdBy>10151</createdBy>
<createdTime>2022-09-18 07:55:53 UTC</createdTime>
<generatorID>549153CB-753E-BCCC-5A15-1F484950B01E</generatorID>
<ownerDesignName>DBhw1</ownerDesignName>
<engineerTo>
<item key="C2189DB5-09DB-9ECC-4D15-485A8A5B218A" value="true"/>
</engineerTo>
<nullsAllowed>true</nullsAllowed>
<referedAttribute>11F306F1-81FD-0C34-F0FF-EE4BD4D538FE</referedAttribute>
<use>0</use>
<logicalDatatype>LOGDT024</logicalDatatype>
<domain>25866B11-AD40-7E90-7574-D03219C65A85</domain>
<ownDataTypeParameters>,,</ownDataTypeParameters>
</Attribute>
</attributes>
<identifiers itemClass="oracle.dbtools.crest.model.design.logical.CandidateKey">
<identifier id="9153B3FF-C1A8-C083-CF39-8C95357A5E10" name="MovieExec PK">
<createdBy>10151</createdBy>
<createdTime>2022-09-18 05:58:05 UTC</createdTime>
<ownerDesignName>DBhw1</ownerDesignName>
<shouldEngineer>false</shouldEngineer>
<engineerTo>
<item key="C2189DB5-09DB-9ECC-4D15-485A8A5B218A" value="false"/>
</engineerTo>
<pk>true</pk>
<usedAttributes>
<attributeRef>27DCA753-51B4-44A3-90E1-6C67F059AE26</attributeRef>
</usedAttributes>
</identifier>
<identifier id="C66FCA45-CE20-198D-F73B-8166D9C8974B" name="Unique_name">
<createdBy>10151</createdBy>
<createdTime>2022-09-18 08:16:57 UTC</createdTime>
<ownerDesignName>DBhw1</ownerDesignName>
<shouldEngineer>false</shouldEngineer>
<engineerTo>
<item key="C2189DB5-09DB-9ECC-4D15-485A8A5B218A" value="false"/>
</engineerTo>
<newElementsIDs>98D5D395-67BC-11FA-BD07-26C6F02082F0</newElementsIDs>
<usedAttributes>
<attributeRef>98D5D395-67BC-11FA-BD07-26C6F02082F0</attributeRef>
</usedAttributes>
</identifier>
</identifiers>
</Entity>