<?xml version = '1.0' encoding = 'UTF-8'?>
<Entity class="oracle.dbtools.crest.model.design.logical.Entity" directorySegmentName="seg_0" id="2B6C8937-53BB-FC7F-17DF-AEBDCBD1380C" name="Studio">
<createdBy>10151</createdBy>
<createdTime>2022-09-18 05:58:28 UTC</createdTime>
<ownerDesignName>DBhw1</ownerDesignName>
<engineerTo>
<item key="C2189DB5-09DB-9ECC-4D15-485A8A5B218A" value="true"/>
</engineerTo>
<adequatelyNormalized>NO</adequatelyNormalized>
<expectedVolumes>0</expectedVolumes>
<fwdEngineeringStrategyName>Single Table</fwdEngineeringStrategyName>
<growthPercent>0</growthPercent>
<growthType>Year</growthType>
<maxVolumes>9999999</maxVolumes>
<minVolumes>0</minVolumes>
<normalForm>Third</normalForm>
<attributes itemClass="oracle.dbtools.crest.model.design.logical.Attribute">
<Attribute name="name" id="230C2CDC-BF78-CC5D-9A1E-04869741913B">
<createdBy>10151</createdBy>
<createdTime>2022-09-18 05:58:36 UTC</createdTime>
<ownerDesignName>DBhw1</ownerDesignName>
<engineerTo>
<item key="C2189DB5-09DB-9ECC-4D15-485A8A5B218A" value="true"/>
</engineerTo>
<use>0</use>
<logicalDatatype>LOGDT024</logicalDatatype>
<domain>25866B11-AD40-7E90-7574-D03219C65A85</domain>
<ownDataTypeParameters>,,</ownDataTypeParameters>
</Attribute>
<Attribute name="address" id="A8243AD4-65E3-8CBE-2AC5-D39B762D1B40">
<createdBy>10151</createdBy>
<createdTime>2022-09-18 05:58:43 UTC</createdTime>
<ownerDesignName>DBhw1</ownerDesignName>
<engineerTo>
<item key="C2189DB5-09DB-9ECC-4D15-485A8A5B218A" value="true"/>
</engineerTo>
<nullsAllowed>true</nullsAllowed>
<use>0</use>
<logicalDatatype>LOGDT024</logicalDatatype>
<domain>0748DC71-A91A-118F-8EDD-ADE2BF86F58B</domain>
<ownDataTypeParameters>,,</ownDataTypeParameters>
</Attribute>
<Attribute name="certNo" id="34C37F6F-94A8-D629-9208-AE2131444261">
<createdBy>10151</createdBy>
<createdTime>2022-09-18 07:58:44 UTC</createdTime>
<generatorID>9DA471D2-83A2-8E5B-4719-5E5AD0E1B4F0</generatorID>
<ownerDesignName>DBhw1</ownerDesignName>
<engineerTo>
<item key="C2189DB5-09DB-9ECC-4D15-485A8A5B218A" value="true"/>
</engineerTo>
<referedAttribute>27DCA753-51B4-44A3-90E1-6C67F059AE26</referedAttribute>
<use>0</use>
<logicalDatatype>LOGDT019</logicalDatatype>
<domain>893B5C95-9783-49F1-AA14-BBE754889717</domain>
<ownDataTypeParameters>,,</ownDataTypeParameters>
</Attribute>
<Attribute name="empCount" id="3DC6D0FC-F1C1-77D5-6B47-CEB9384F22C2">
<createdBy>10151</createdBy>
<createdTime>2022-09-18 08:19:22 UTC</createdTime>
<ownerDesignName>DBhw1</ownerDesignName>
<engineerTo>
<item key="C2189DB5-09DB-9ECC-4D15-485A8A5B218A" value="true"/>
</engineerTo>
<nullsAllowed>true</nullsAllowed>
<use>0</use>
<logicalDatatype>LOGDT019</logicalDatatype>
<domain>736D053F-A049-05B0-66A9-D7437CA44F8F</domain>
<ownDataTypeParameters>,,</ownDataTypeParameters>
<listOfRanges>
<rangeDef class="oracle.dbtools.crest.model.design.constraint.AVT">
<beginValue>10</beginValue>
<endValue>100</endValue>
</rangeDef>
</listOfRanges>
</Attribute>
</attributes>
<identifiers itemClass="oracle.dbtools.crest.model.design.logical.CandidateKey">
<identifier id="0CE33443-A7CD-1189-2602-DB2C7EBBB33E" name="Studio PK">
<createdBy>10151</createdBy>
<createdTime>2022-09-18 05:59:07 UTC</createdTime>
<ownerDesignName>DBhw1</ownerDesignName>
<shouldEngineer>false</shouldEngineer>
<engineerTo>
<item key="C2189DB5-09DB-9ECC-4D15-485A8A5B218A" value="false"/>
</engineerTo>
<pk>true</pk>
<usedAttributes>
<attributeRef>230C2CDC-BF78-CC5D-9A1E-04869741913B</attributeRef>
</usedAttributes>
</identifier>
</identifiers>
</Entity>