<?xml version = '1.0' encoding = 'UTF-8'?>
<Entity class="oracle.dbtools.crest.model.design.logical.Entity" directorySegmentName="seg_0" id="4702AF62-2315-1C5F-C758-CDA7E02019BC" name="Address">
<createdBy>10151</createdBy>
<createdTime>2022-09-18 08:19:48 UTC</createdTime>
<ownerDesignName>DBhw1</ownerDesignName>
<engineerTo>
<item key="C2189DB5-09DB-9ECC-4D15-485A8A5B218A" value="true"/>
</engineerTo>
<adequatelyNormalized>NO</adequatelyNormalized>
<expectedVolumes>0</expectedVolumes>
<fwdEngineeringStrategyName>Single Table</fwdEngineeringStrategyName>
<growthPercent>0</growthPercent>
<growthType>Year</growthType>
<maxVolumes>9999999</maxVolumes>
<minVolumes>0</minVolumes>
<normalForm>Third</normalForm>
<attributes itemClass="oracle.dbtools.crest.model.design.logical.Attribute">
<Attribute name="address" id="11DDEDC4-341A-B161-52A9-BE61ABFB3563">
<createdBy>10151</createdBy>
<createdTime>2022-09-18 08:19:59 UTC</createdTime>
<ownerDesignName>DBhw1</ownerDesignName>
<engineerTo>
<item key="C2189DB5-09DB-9ECC-4D15-485A8A5B218A" value="true"/>
</engineerTo>
<use>0</use>
<ownDataTypeParameters>,,</ownDataTypeParameters>
</Attribute>
<Attribute name="sName" id="8CB47262-243F-3B14-B7BF-380CA800EDF6">
<createdBy>10151</createdBy>
<createdTime>2022-09-18 08:20:48 UTC</createdTime>
<generatorID>CAC164F1-DC2E-AFBF-A503-54229CF9EF41</generatorID>
<ownerDesignName>DBhw1</ownerDesignName>
<engineerTo>
<item key="C2189DB5-09DB-9ECC-4D15-485A8A5B218A" value="true"/>
</engineerTo>
<nullsAllowed>true</nullsAllowed>
<referedAttribute>230C2CDC-BF78-CC5D-9A1E-04869741913B</referedAttribute>
<use>0</use>
<logicalDatatype>LOGDT024</logicalDatatype>
<domain>25866B11-AD40-7E90-7574-D03219C65A85</domain>
<ownDataTypeParameters>,,</ownDataTypeParameters>
</Attribute>
</attributes>
<identifiers itemClass="oracle.dbtools.crest.model.design.logical.CandidateKey">
<identifier id="6EE18936-2E6C-F3E3-475E-769D453B568D" name="Address PK">
<createdBy>10151</createdBy>
<createdTime>2022-09-18 08:20:17 UTC</createdTime>
<ownerDesignName>DBhw1</ownerDesignName>
<shouldEngineer>false</shouldEngineer>
<engineerTo>
<item key="C2189DB5-09DB-9ECC-4D15-485A8A5B218A" value="false"/>
</engineerTo>
<pk>true</pk>
<usedAttributes>
<attributeRef>11DDEDC4-341A-B161-52A9-BE61ABFB3563</attributeRef>
</usedAttributes>
</identifier>
</identifiers>
</Entity>