<?xml version = '1.0' encoding = 'UTF-8'?>
<Entity class="oracle.dbtools.crest.model.design.logical.Entity" directorySegmentName="seg_0" id="6D90C3C8-B77E-8A52-AEE7-4DCA783CBC32" name="PhoneNo_MVST">
<createdBy>10151</createdBy>
<createdTime>2022-09-18 08:43:23 UTC</createdTime>
<ownerDesignName>DBhw1</ownerDesignName>
<engineerTo>
<item key="C2189DB5-09DB-9ECC-4D15-485A8A5B218A" value="true"/>
</engineerTo>
<adequatelyNormalized>NO</adequatelyNormalized>
<expectedVolumes>0</expectedVolumes>
<fwdEngineeringStrategyName>Single Table</fwdEngineeringStrategyName>
<growthPercent>0</growthPercent>
<growthType>Year</growthType>
<maxVolumes>9999999</maxVolumes>
<minVolumes>0</minVolumes>
<normalForm>Third</normalForm>
<attributes itemClass="oracle.dbtools.crest.model.design.logical.Attribute">
<Attribute name="number" id="4FF06B34-4FD7-7996-2BF5-EF3CC4A90119">
<createdBy>10151</createdBy>
<createdTime>2022-09-18 08:44:21 UTC</createdTime>
<ownerDesignName>DBhw1</ownerDesignName>
<engineerTo>
<item key="C2189DB5-09DB-9ECC-4D15-485A8A5B218A" value="true"/>
</engineerTo>
<useDomainConstraints>false</useDomainConstraints>
<use>1</use>
<logicalDatatype>LOGDT025</logicalDatatype>
<dataTypeSize>13</dataTypeSize>
<ownDataTypeParameters>13,,</ownDataTypeParameters>
</Attribute>
<Attribute name="plan" id="7C9A2DD2-6A60-EA43-94DC-A14051D668B4">
<createdBy>10151</createdBy>
<createdTime>2022-09-18 08:44:38 UTC</createdTime>
<ownerDesignName>DBhw1</ownerDesignName>
<engineerTo>
<item key="C2189DB5-09DB-9ECC-4D15-485A8A5B218A" value="true"/>
</engineerTo>
<use>0</use>
<logicalDatatype>LOGDT025</logicalDatatype>
<domain>AF446657-568B-C11A-311A-8F9F7E98AD0F</domain>
<ownDataTypeParameters>,,</ownDataTypeParameters>
</Attribute>
<Attribute name="provider" id="21671F66-F87C-1215-5B91-83B59FF3F631">
<createdBy>10151</createdBy>
<createdTime>2022-09-18 08:44:45 UTC</createdTime>
<ownerDesignName>DBhw1</ownerDesignName>
<engineerTo>
<item key="C2189DB5-09DB-9ECC-4D15-485A8A5B218A" value="true"/>
</engineerTo>
<use>0</use>
<logicalDatatype>LOGDT025</logicalDatatype>
<domain>C7EF61CA-A1F1-22C4-8537-E6AAAFEC85ED</domain>
<ownDataTypeParameters>,,</ownDataTypeParameters>
</Attribute>
<Attribute name="msName" id="4FFBB5BB-2C36-1F9C-E9E6-753C30B2C3CE">
<createdBy>10151</createdBy>
<createdTime>2022-09-18 08:45:54 UTC</createdTime>
<generatorID>90F2D661-D20A-735C-F3AE-BFC84AB7D6D5</generatorID>
<ownerDesignName>DBhw1</ownerDesignName>
<engineerTo>
<item key="C2189DB5-09DB-9ECC-4D15-485A8A5B218A" value="true"/>
</engineerTo>
<nullsAllowed>true</nullsAllowed>
<referedAttribute>11F306F1-81FD-0C34-F0FF-EE4BD4D538FE</referedAttribute>
<use>0</use>
<logicalDatatype>LOGDT024</logicalDatatype>
<domain>25866B11-AD40-7E90-7574-D03219C65A85</domain>
<ownDataTypeParameters>,,</ownDataTypeParameters>
</Attribute>
</attributes>
<identifiers itemClass="oracle.dbtools.crest.model.design.logical.CandidateKey">
<identifier id="FE2BCB73-49C4-96B7-E4A5-5C0966AE10F4" name="PhoneNo_MVST PK">
<createdBy>10151</createdBy>
<createdTime>2022-09-18 08:44:24 UTC</createdTime>
<ownerDesignName>DBhw1</ownerDesignName>
<shouldEngineer>false</shouldEngineer>
<engineerTo>
<item key="C2189DB5-09DB-9ECC-4D15-485A8A5B218A" value="false"/>
</engineerTo>
<pk>true</pk>
<usedAttributes>
<attributeRef>4FF06B34-4FD7-7996-2BF5-EF3CC4A90119</attributeRef>
</usedAttributes>
</identifier>
</identifiers>
</Entity>