<?xml version = '1.0' encoding = 'UTF-8'?>
<FKIndexAssociation class="oracle.dbtools.crest.model.design.relational.FKIndexAssociation" directorySegmentName="seg_0" id="147EB6A5-5F56-6F35-55EA-076DDE692922" containerWithKeyObject="9A878B79-8481-C2C3-4437-8D665AB53CF6" localFKIndex="086A4397-62F3-B562-B185-31C127ADB492" name="Movie_MovieExec_FK">
<createdBy>10151</createdBy>
<createdTime>2022-09-18 06:15:56 UTC</createdTime>
<generatorID>0E076128-F2E4-4172-600C-8171A1114380</generatorID>
<ownerDesignName>DBhw1</ownerDesignName>
<referredTableLongName>MovieExec</referredTableLongName>
<deleteRule>NO ACTION</deleteRule>
<referredTableID>8E86509F-0B96-31B8-03F5-FDC2005B73DF</referredTableID>
<keyObject>0F2D64DB-B9BE-DB2F-3816-D4ACF7048129</keyObject>
<referredKeyID>0F2D64DB-B9BE-DB2F-3816-D4ACF7048129</referredKeyID>
<mandatory>true</mandatory>
<refColNames>certNo</refColNames>
<transferable>true</transferable>
<rely>false</rely>
<columnDependencyConstraintGenerateInDDL>true</columnDependencyConstraintGenerateInDDL>
</FKIndexAssociation>