<?xml version = '1.0' encoding = 'UTF-8'?>
<FKIndexAssociation class="oracle.dbtools.crest.model.design.relational.FKIndexAssociation" directorySegmentName="seg_0" id="1CE50CFA-33E6-109E-644D-C677950C8805" containerWithKeyObject="9A878B79-8481-C2C3-4437-8D665AB53CF6" localFKIndex="4CCA990B-B653-3B1C-FCD4-710F8146E91A" name="Movie_Studio_FK">
<createdBy>10151</createdBy>
<createdTime>2022-09-18 06:15:56 UTC</createdTime>
<generatorID>7B0AA09B-2AC9-ECB1-BD81-009BC41B9958</generatorID>
<ownerDesignName>DBhw1</ownerDesignName>
<referredTableLongName>Studio</referredTableLongName>
<deleteRule>NO ACTION</deleteRule>
<referredTableID>88D5FAA9-9374-98FB-6BBF-A7C6FE6CB075</referredTableID>
<keyObject>CE67A736-9455-E3FE-9F8B-CE38890C784E</keyObject>
<referredKeyID>CE67A736-9455-E3FE-9F8B-CE38890C784E</referredKeyID>
<mandatory>true</mandatory>
<refColNames>name</refColNames>
<transferable>true</transferable>
<rely>false</rely>
<columnDependencyConstraintGenerateInDDL>true</columnDependencyConstraintGenerateInDDL>
</FKIndexAssociation>