<?xml version = '1.0' encoding = 'UTF-8'?>
<FKIndexAssociation class="oracle.dbtools.crest.model.design.relational.FKIndexAssociation" directorySegmentName="seg_0" id="603F1C01-0329-A042-BB6E-B342F92D72AD" containerWithKeyObject="BEE58EA9-63C2-09D7-F187-738A5434629D" localFKIndex="30CC7BDA-474B-5E47-9C51-CD0ED382BE16" name="StarsIn_MovieStar_FK">
<createdBy>10151</createdBy>
<createdTime>2022-09-18 06:01:05 UTC</createdTime>
<generatorID>3D51980F-D0D3-79F4-F153-A7987EE1BE95</generatorID>
<ownerDesignName>DBhw1</ownerDesignName>
<referredTableLongName>MovieStar</referredTableLongName>
<deleteRule>NO ACTION</deleteRule>
<referredTableID>DF3F5B7F-97C8-7C4B-DE0F-321E834B3D55</referredTableID>
<keyObject>F0A17885-F87B-41F8-7145-7DC04DF15F25</keyObject>
<referredKeyID>F0A17885-F87B-41F8-7145-7DC04DF15F25</referredKeyID>
<mandatory>true</mandatory>
<refColNames>name</refColNames>
<transferable>true</transferable>
<rely>false</rely>
<columnDependencyConstraintGenerateInDDL>true</columnDependencyConstraintGenerateInDDL>
</FKIndexAssociation>