<?xml version = '1.0' encoding = 'UTF-8'?>
<FKIndexAssociation class="oracle.dbtools.crest.model.design.relational.FKIndexAssociation" directorySegmentName="seg_0" id="6C626145-4FF5-F4C9-EC78-62A0DC97E2EC" containerWithKeyObject="8EE682F7-C381-3BAF-22E1-01684B457973" localFKIndex="C9F6A177-1E38-3E12-3539-184EEE448FA1" name="PhoneNo_STME_MovieExec_FK">
<createdBy>10151</createdBy>
<createdTime>2022-09-18 08:48:53 UTC</createdTime>
<generatorID>82C15CC8-6002-82B5-8561-BE7A0EA6F846</generatorID>
<ownerDesignName>DBhw1</ownerDesignName>
<referredTableLongName>MovieExec</referredTableLongName>
<deleteRule>NO ACTION</deleteRule>
<referredTableID>8E86509F-0B96-31B8-03F5-FDC2005B73DF</referredTableID>
<keyObject>29B813E1-9402-EF2E-4EE6-35487E2F8962</keyObject>
<referredKeyID>29B813E1-9402-EF2E-4EE6-35487E2F8962</referredKeyID>
<mandatory>false</mandatory>
<refColNames>name</refColNames>
<transferable>true</transferable>
<rely>false</rely>
<columnDependencyConstraintGenerateInDDL>true</columnDependencyConstraintGenerateInDDL>
</FKIndexAssociation>