<?xml version = '1.0' encoding = 'UTF-8'?>
<FKIndexAssociation class="oracle.dbtools.crest.model.design.relational.FKIndexAssociation" directorySegmentName="seg_0" id="70A0B32F-5E10-472F-3917-C9723BD4E4AE" containerWithKeyObject="9A878B79-8481-C2C3-4437-8D665AB53CF6" localFKIndex="14CB615C-FDC3-3F86-18A5-226A458D4EC4" name="Movie_MovieExec_FKv1">
<createdBy>10151</createdBy>
<createdTime>2022-09-18 08:48:53 UTC</createdTime>
<generatorID>9FC5D4DB-3053-4320-25E1-8360D6CD8FEB</generatorID>
<ownerDesignName>DBhw1</ownerDesignName>
<referredTableLongName>MovieExec</referredTableLongName>
<deleteRule>NO ACTION</deleteRule>
<referredTableID>8E86509F-0B96-31B8-03F5-FDC2005B73DF</referredTableID>
<keyObject>0F2D64DB-B9BE-DB2F-3816-D4ACF7048129</keyObject>
<referredKeyID>0F2D64DB-B9BE-DB2F-3816-D4ACF7048129</referredKeyID>
<mandatory>true</mandatory>
<refColNames>certNo</refColNames>
<transferable>true</transferable>
<rely>false</rely>
<columnDependencyConstraintGenerateInDDL>true</columnDependencyConstraintGenerateInDDL>
</FKIndexAssociation>