<?xml version = '1.0' encoding = 'UTF-8'?>
<FKIndexAssociation class="oracle.dbtools.crest.model.design.relational.FKIndexAssociation" directorySegmentName="seg_0" id="78988833-92FB-4D48-6126-BF815846CA33" containerWithKeyObject="9A878B79-8481-C2C3-4437-8D665AB53CF6" localFKIndex="BD4750DF-FD0B-9E16-8562-9C2AA5DC30BF" name="Movie_Studio_FKv1">
<createdBy>10151</createdBy>
<createdTime>2022-09-18 08:48:53 UTC</createdTime>
<generatorID>E13416CC-F5F0-62B6-C8D2-447B63216EB0</generatorID>
<ownerDesignName>DBhw1</ownerDesignName>
<referredTableLongName>Studio</referredTableLongName>
<deleteRule>NO ACTION</deleteRule>
<referredTableID>88D5FAA9-9374-98FB-6BBF-A7C6FE6CB075</referredTableID>
<keyObject>CE67A736-9455-E3FE-9F8B-CE38890C784E</keyObject>
<referredKeyID>CE67A736-9455-E3FE-9F8B-CE38890C784E</referredKeyID>
<mandatory>true</mandatory>
<refColNames>name</refColNames>
<transferable>true</transferable>
<rely>false</rely>
<columnDependencyConstraintGenerateInDDL>true</columnDependencyConstraintGenerateInDDL>
</FKIndexAssociation>