<?xml version = '1.0' encoding = 'UTF-8'?>
<FKIndexAssociation class="oracle.dbtools.crest.model.design.relational.FKIndexAssociation" directorySegmentName="seg_0" id="7A2D351C-49DA-DBD7-D428-E9B174C7CC29" containerWithKeyObject="7FDD8C4D-524B-813B-3135-9EA339A7ECF1" localFKIndex="7380F827-CA83-B786-4D00-C15793EF81DE" name="Address_Studio_FK">
<createdBy>10151</createdBy>
<createdTime>2022-09-18 08:48:53 UTC</createdTime>
<generatorID>CAC164F1-DC2E-AFBF-A503-54229CF9EF41</generatorID>
<ownerDesignName>DBhw1</ownerDesignName>
<referredTableLongName>Studio</referredTableLongName>
<deleteRule>NO ACTION</deleteRule>
<referredTableID>88D5FAA9-9374-98FB-6BBF-A7C6FE6CB075</referredTableID>
<keyObject>CE67A736-9455-E3FE-9F8B-CE38890C784E</keyObject>
<referredKeyID>CE67A736-9455-E3FE-9F8B-CE38890C784E</referredKeyID>
<mandatory>false</mandatory>
<refColNames>name</refColNames>
<transferable>true</transferable>
<rely>false</rely>
<columnDependencyConstraintGenerateInDDL>true</columnDependencyConstraintGenerateInDDL>
</FKIndexAssociation>