<?xml version = '1.0' encoding = 'UTF-8'?>
<FKIndexAssociation class="oracle.dbtools.crest.model.design.relational.FKIndexAssociation" directorySegmentName="seg_0" id="801C419C-1967-1C46-B9C5-0D2132067BA5" containerWithKeyObject="846E7653-76C5-398B-E5B4-05296B7A4374" localFKIndex="503C53E3-99E3-AE67-D357-DF11B5CE7A3C" name="PhoneNo_MVST_MovieStar_FK">
<createdBy>10151</createdBy>
<createdTime>2022-09-18 08:48:53 UTC</createdTime>
<generatorID>90F2D661-D20A-735C-F3AE-BFC84AB7D6D5</generatorID>
<ownerDesignName>DBhw1</ownerDesignName>
<referredTableLongName>MovieStar</referredTableLongName>
<deleteRule>NO ACTION</deleteRule>
<referredTableID>DF3F5B7F-97C8-7C4B-DE0F-321E834B3D55</referredTableID>
<keyObject>F0A17885-F87B-41F8-7145-7DC04DF15F25</keyObject>
<referredKeyID>F0A17885-F87B-41F8-7145-7DC04DF15F25</referredKeyID>
<mandatory>false</mandatory>
<refColNames>name</refColNames>
<transferable>true</transferable>
<rely>false</rely>
<columnDependencyConstraintGenerateInDDL>true</columnDependencyConstraintGenerateInDDL>
</FKIndexAssociation>