<?xml version = '1.0' encoding = 'UTF-8'?>
<FKIndexAssociation class="oracle.dbtools.crest.model.design.relational.FKIndexAssociation" directorySegmentName="seg_0" id="A56033E5-4521-089D-F307-32ADD77276BB" containerWithKeyObject="BEE58EA9-63C2-09D7-F187-738A5434629D" localFKIndex="1E3C2F12-C4A0-7625-AE2F-DAF8F6BD7B6E" name="StarsIn_Movie_FK">
<createdBy>10151</createdBy>
<createdTime>2022-09-18 06:01:05 UTC</createdTime>
<generatorID>3D51980F-D0D3-79F4-F153-A7987EE1BE95</generatorID>
<ownerDesignName>DBhw1</ownerDesignName>
<referredTableLongName>Movie</referredTableLongName>
<deleteRule>NO ACTION</deleteRule>
<referredTableID>9A878B79-8481-C2C3-4437-8D665AB53CF6</referredTableID>
<keyObject>2DCFEB80-AC3F-3D43-F57D-9B67B4BC3807</keyObject>
<referredKeyID>2DCFEB80-AC3F-3D43-F57D-9B67B4BC3807</referredKeyID>
<mandatory>true</mandatory>
<refColNames>year,title</refColNames>
<transferable>true</transferable>
<rely>false</rely>
<columnDependencyConstraintGenerateInDDL>true</columnDependencyConstraintGenerateInDDL>
</FKIndexAssociation>