<?xml version = '1.0' encoding = 'UTF-8'?>
<FKIndexAssociation class="oracle.dbtools.crest.model.design.relational.FKIndexAssociation" directorySegmentName="seg_0" id="C3F29E94-75E7-CE91-345B-DE1B6B524C5A" containerWithKeyObject="8EE682F7-C381-3BAF-22E1-01684B457973" localFKIndex="59424E89-F7AE-B748-13A0-9D15867989B1" name="PhoneNo_STME_Studio_FK">
<createdBy>10151</createdBy>
<createdTime>2022-09-18 08:48:53 UTC</createdTime>
<generatorID>2F2A6AB4-C078-CDFA-CFFA-008F2C2AC388</generatorID>
<ownerDesignName>DBhw1</ownerDesignName>
<referredTableLongName>Studio</referredTableLongName>
<deleteRule>NO ACTION</deleteRule>
<referredTableID>88D5FAA9-9374-98FB-6BBF-A7C6FE6CB075</referredTableID>
<keyObject>CE67A736-9455-E3FE-9F8B-CE38890C784E</keyObject>
<referredKeyID>CE67A736-9455-E3FE-9F8B-CE38890C784E</referredKeyID>
<mandatory>false</mandatory>
<refColNames>name</refColNames>
<transferable>true</transferable>
<rely>false</rely>
<columnDependencyConstraintGenerateInDDL>true</columnDependencyConstraintGenerateInDDL>
</FKIndexAssociation>