<?xml version = '1.0' encoding = 'UTF-8'?>
<FKIndexAssociation class="oracle.dbtools.crest.model.design.relational.FKIndexAssociation" directorySegmentName="seg_0" id="E254BABF-B9B1-A7C3-527F-3D0C98952CF0" containerWithKeyObject="88D5FAA9-9374-98FB-6BBF-A7C6FE6CB075" localFKIndex="22BB2227-3422-0EDA-1990-C9937E603F3D" name="Studio_MovieExec_FK">
<createdBy>10151</createdBy>
<createdTime>2022-09-18 06:15:56 UTC</createdTime>
<generatorID>9DA471D2-83A2-8E5B-4719-5E5AD0E1B4F0</generatorID>
<ownerDesignName>DBhw1</ownerDesignName>
<referredTableLongName>MovieExec</referredTableLongName>
<deleteRule>NO ACTION</deleteRule>
<referredTableID>8E86509F-0B96-31B8-03F5-FDC2005B73DF</referredTableID>
<keyObject>0F2D64DB-B9BE-DB2F-3816-D4ACF7048129</keyObject>
<referredKeyID>0F2D64DB-B9BE-DB2F-3816-D4ACF7048129</referredKeyID>
<mandatory>true</mandatory>
<refColNames>certNo</refColNames>
<transferable>true</transferable>
<rely>false</rely>
<columnDependencyConstraintGenerateInDDL>true</columnDependencyConstraintGenerateInDDL>
</FKIndexAssociation>