<?xml version = '1.0' encoding = 'UTF-8'?>
<StructuredType class="oracle.dbtools.crest.model.design.datatypes.StructuredType" name="universitypeople_Info" directorySegmentName="seg_0" id="18399519-299C-6112-E225-12903D3F086F">
<createdBy>10151</createdBy>
<createdTime>2022-10-08 09:21:58 UTC</createdTime>
<ownerDesignName>DBhw3</ownerDesignName>
<predefined>false</predefined>
<final>false</final>
<instantiable>true</instantiable>
<attributes itemClass="oracle.dbtools.crest.model.design.datatypes.TypeElement">
<Attribute name="name" id="AC472BD3-73AE-9173-8D84-8609A2FA66FD">
<createdBy>10151</createdBy>
<createdTime>2022-10-08 09:23:46 UTC</createdTime>
<ownerDesignName>DBhw3</ownerDesignName>
<mandatory>false</mandatory>
<precision>0</precision>
<reference>false</reference>
<scale>0</scale>
<type>7DF8EF8A-CCCB-B4E3-3103-F9D4C766597C</type>
</Attribute>
<Attribute name="home_address" id="EB71E758-32D1-708B-D272-19C33C7746A2">
<createdBy>10151</createdBy>
<createdTime>2022-10-08 09:23:54 UTC</createdTime>
<ownerDesignName>DBhw3</ownerDesignName>
<mandatory>false</mandatory>
<precision>0</precision>
<reference>false</reference>
<scale>0</scale>
<type>179C8B52-4E13-3A5B-4954-C2F3631B29B3</type>
</Attribute>
<Attribute name="callNo" id="0D378CCB-E2D3-1EFB-0A50-92FEA8361D1E">
<createdBy>10151</createdBy>
<createdTime>2022-10-09 13:13:21 UTC</createdTime>
<ownerDesignName>DBhw3</ownerDesignName>
<mandatory>false</mandatory>
<precision>0</precision>
<reference>false</reference>
<referencerelation>F5DC1C48-8239-2593-207C-0654A607145A</referencerelation>
<scale>0</scale>
<type>B79F679F-5B3A-E27B-E6C1-C13FBC966EB8</type>
<referenceID>F5DC1C48-8239-2593-207C-0654A607145A</referenceID>
</Attribute>
</attributes>
</StructuredType>