<?xml version = '1.0' encoding = 'UTF-8'?>
<StructuredType class="oracle.dbtools.crest.model.design.datatypes.StructuredType" name="callno_Info" directorySegmentName="seg_0" id="B79F679F-5B3A-E27B-E6C1-C13FBC966EB8">
<createdBy>10151</createdBy>
<createdTime>2022-10-09 13:12:18 UTC</createdTime>
<ownerDesignName>DBhw3</ownerDesignName>
<predefined>false</predefined>
<final>false</final>
<instantiable>true</instantiable>
<attributes itemClass="oracle.dbtools.crest.model.design.datatypes.TypeElement">
<Attribute name="phoneNo" id="49E13B21-BD56-1826-3779-BE058196A452">
<createdBy>10151</createdBy>
<createdTime>2022-10-09 13:12:37 UTC</createdTime>
<ownerDesignName>DBhw3</ownerDesignName>
<mandatory>false</mandatory>
<precision>0</precision>
<reference>false</reference>
<scale>0</scale>
<type>34687D4A-E842-786D-6682-BEE0EBE91E67</type>
</Attribute>
<Attribute name="homeno" id="09C37227-1A2E-AB19-5182-BF324CC57851">
<createdBy>10151</createdBy>
<createdTime>2022-10-09 13:12:47 UTC</createdTime>
<ownerDesignName>DBhw3</ownerDesignName>
<mandatory>false</mandatory>
<precision>0</precision>
<reference>false</reference>
<scale>0</scale>
<type>4430E4CB-67B0-B78D-958C-8CB137EE0380</type>
</Attribute>
<Attribute name="workplaceNo" id="CFA31531-E68E-F250-137D-E13A173CBD11">
<createdBy>10151</createdBy>
<createdTime>2022-10-09 13:12:55 UTC</createdTime>
<ownerDesignName>DBhw3</ownerDesignName>
<mandatory>false</mandatory>
<precision>0</precision>
<reference>false</reference>
<scale>0</scale>
<type>5D9783D4-DD43-F17A-F7A6-FCD18043568A</type>
</Attribute>
</attributes>
</StructuredType>