<?xml version = '1.0' encoding = 'UTF-8'?>
<FKIndexAssociation class="oracle.dbtools.crest.model.design.relational.FKIndexAssociation" directorySegmentName="seg_0" id="0DAD3B3E-70AB-3261-2310-4749DCA91D67" containerWithKeyObject="4F17C611-6FA8-542E-944E-ABD8F6EBF5F6" localFKIndex="C0E0BEB4-6625-B1BE-266F-773907598C03" name="belong_professor">
<createdBy>10151</createdBy>
<createdTime>2022-10-09 14:38:02 UTC</createdTime>
<generatorID>1C7FBABA-EC34-8D62-761D-504CE932CD45</generatorID>
<ownerDesignName>DBhw3</ownerDesignName>
<referredTableLongName>Department</referredTableLongName>
<deleteRule>NO ACTION</deleteRule>
<referredTableID>CD27F1BE-85AF-4D9A-FAD7-89328CAE74DB</referredTableID>
<keyObject>D3C23986-27E6-DA5F-317D-B15A28242810</keyObject>
<referredKeyID>D3C23986-27E6-DA5F-317D-B15A28242810</referredKeyID>
<mandatory>true</mandatory>
<refColNames>dName</refColNames>
<transferable>true</transferable>
<rely>false</rely>
<columnDependencyConstraintGenerateInDDL>true</columnDependencyConstraintGenerateInDDL>
</FKIndexAssociation>