<?xml version = '1.0' encoding = 'UTF-8'?>
<FKIndexAssociation class="oracle.dbtools.crest.model.design.relational.FKIndexAssociation" directorySegmentName="seg_0" id="13109429-F061-2CFF-F8A5-29681BCB7708" containerWithKeyObject="B1A89C0A-22C8-1C20-EE4A-8990A58C0350" localFKIndex="E643278F-4F9D-A294-7841-30F30F4E9D70" name="Time_Lecture_FK">
<createdBy>10151</createdBy>
<createdTime>2022-10-09 14:38:02 UTC</createdTime>
<generatorID>8AD8D807-DC9A-2A88-7143-A6D7E9913D17</generatorID>
<ownerDesignName>DBhw3</ownerDesignName>
<referredTableLongName>Lecture</referredTableLongName>
<deleteRule>NO ACTION</deleteRule>
<referredTableID>CEB0DC11-FEF2-981D-511E-1E439676A592</referredTableID>
<keyObject>F9E87604-C527-27BA-2676-E1428D739DE5</keyObject>
<referredKeyID>F9E87604-C527-27BA-2676-E1428D739DE5</referredKeyID>
<mandatory>true</mandatory>
<refColNames>sName</refColNames>
<transferable>true</transferable>
<rely>false</rely>
<columnDependencyConstraintGenerateInDDL>true</columnDependencyConstraintGenerateInDDL>
</FKIndexAssociation>