<?xml version = '1.0' encoding = 'UTF-8'?>
<FKIndexAssociation class="oracle.dbtools.crest.model.design.relational.FKIndexAssociation" directorySegmentName="seg_0" id="4A6964A1-26FB-67E6-4FC7-0F20FC8F33B9" containerWithKeyObject="83A70AFA-47F9-FE34-1BF1-738B3D3773B3" localFKIndex="67F3BDE2-A031-22FD-0E14-2AAAF35BC244" name="sub_department">
<createdBy>10151</createdBy>
<createdTime>2022-10-09 14:38:02 UTC</createdTime>
<generatorID>81A27580-0055-452D-AADF-06E2FD4CE51E</generatorID>
<ownerDesignName>DBhw3</ownerDesignName>
<referredTableLongName>Department</referredTableLongName>
<deleteRule>NO ACTION</deleteRule>
<referredTableID>CD27F1BE-85AF-4D9A-FAD7-89328CAE74DB</referredTableID>
<keyObject>D3C23986-27E6-DA5F-317D-B15A28242810</keyObject>
<referredKeyID>D3C23986-27E6-DA5F-317D-B15A28242810</referredKeyID>
<mandatory>false</mandatory>
<refColNames>dName</refColNames>
<transferable>true</transferable>
<rely>false</rely>
<columnDependencyConstraintGenerateInDDL>true</columnDependencyConstraintGenerateInDDL>
</FKIndexAssociation>