<?xml version = '1.0' encoding = 'UTF-8'?>
<FKIndexAssociation class="oracle.dbtools.crest.model.design.relational.FKIndexAssociation" directorySegmentName="seg_0" id="5B555D1F-3E8E-6650-C473-147651563A90" containerWithKeyObject="8E8F7257-5AD4-4B2C-DA85-A8C221B257CB" localFKIndex="117C86E0-83CF-C221-1EA7-B22253772BB2" name="learn_Student_FK">
<createdBy>10151</createdBy>
<createdTime>2022-10-09 14:38:02 UTC</createdTime>
<generatorID>C86E655D-D885-A60E-1CED-A0572BD36B84</generatorID>
<ownerDesignName>DBhw3</ownerDesignName>
<referredTableLongName>Student</referredTableLongName>
<deleteRule>NO ACTION</deleteRule>
<referredTableID>83A70AFA-47F9-FE34-1BF1-738B3D3773B3</referredTableID>
<keyObject>251D6742-D93B-5CE9-3F2C-1928021A4E8A</keyObject>
<referredKeyID>251D6742-D93B-5CE9-3F2C-1928021A4E8A</referredKeyID>
<mandatory>true</mandatory>
<refColNames>IDNo</refColNames>
<transferable>true</transferable>
<rely>false</rely>
<columnDependencyConstraintGenerateInDDL>true</columnDependencyConstraintGenerateInDDL>
</FKIndexAssociation>