<?xml version = '1.0' encoding = 'UTF-8'?>
<FKIndexAssociation class="oracle.dbtools.crest.model.design.relational.FKIndexAssociation" directorySegmentName="seg_0" id="6546835F-DF1C-E699-8B47-F753131DB4A5" containerWithKeyObject="8E8F7257-5AD4-4B2C-DA85-A8C221B257CB" localFKIndex="9008F8CB-E472-A3D7-D3C2-D398CAC5B345" name="learn_Lecture_FK">
<createdBy>10151</createdBy>
<createdTime>2022-10-09 14:38:02 UTC</createdTime>
<generatorID>C86E655D-D885-A60E-1CED-A0572BD36B84</generatorID>
<ownerDesignName>DBhw3</ownerDesignName>
<referredTableLongName>Lecture</referredTableLongName>
<deleteRule>NO ACTION</deleteRule>
<referredTableID>CEB0DC11-FEF2-981D-511E-1E439676A592</referredTableID>
<keyObject>F9E87604-C527-27BA-2676-E1428D739DE5</keyObject>
<referredKeyID>F9E87604-C527-27BA-2676-E1428D739DE5</referredKeyID>
<mandatory>true</mandatory>
<refColNames>sName</refColNames>
<transferable>true</transferable>
<rely>false</rely>
<columnDependencyConstraintGenerateInDDL>true</columnDependencyConstraintGenerateInDDL>
</FKIndexAssociation>