<?xml version = '1.0' encoding = 'UTF-8'?>
<FKIndexAssociation class="oracle.dbtools.crest.model.design.relational.FKIndexAssociation" directorySegmentName="seg_0" id="76EE4ECB-E250-582D-A0FB-6A0A6A379DDA" containerWithKeyObject="CEB0DC11-FEF2-981D-511E-1E439676A592" localFKIndex="46F4CCA5-CF29-E85A-253F-D979C5061562" name="learning_room">
<createdBy>10151</createdBy>
<createdTime>2022-10-09 14:38:02 UTC</createdTime>
<generatorID>9E888931-2615-55B8-C635-0A3693A0D63E</generatorID>
<ownerDesignName>DBhw3</ownerDesignName>
<referredTableLongName>Room</referredTableLongName>
<deleteRule>NO ACTION</deleteRule>
<referredTableID>8BAE8F18-890E-943A-C1F8-8E54346576AC</referredTableID>
<keyObject>EAD84C9D-C864-20BE-B231-63731265767D</keyObject>
<referredKeyID>EAD84C9D-C864-20BE-B231-63731265767D</referredKeyID>
<mandatory>true</mandatory>
<refColNames>rNO,buildingname</refColNames>
<transferable>true</transferable>
<rely>false</rely>
<columnDependencyConstraintGenerateInDDL>true</columnDependencyConstraintGenerateInDDL>
</FKIndexAssociation>