<?xml version = '1.0' encoding = 'UTF-8'?>
<FKIndexAssociation class="oracle.dbtools.crest.model.design.relational.FKIndexAssociation" directorySegmentName="seg_0" id="812C209D-9946-E97C-C23B-4F7FD0CBE38A" containerWithKeyObject="88F1AFF4-BA18-B909-1A4A-83C30EFC9E59" localFKIndex="D4E526C7-86A5-7DEE-16B2-424EBF88B26E" name="assistant_to_subject">
<createdBy>10151</createdBy>
<createdTime>2022-10-09 14:38:02 UTC</createdTime>
<generatorID>3CB001BB-AA0D-4A0D-DA1C-8159E3E0B4D3</generatorID>
<ownerDesignName>DBhw3</ownerDesignName>
<referredTableLongName>assiatant</referredTableLongName>
<deleteRule>NO ACTION</deleteRule>
<referredTableID>8CEFD231-EE3E-7DEA-C8AE-A85AB880AC67</referredTableID>
<keyObject>BED1A28F-DC93-5BFF-5B3C-2FA2744205C1</keyObject>
<referredKeyID>BED1A28F-DC93-5BFF-5B3C-2FA2744205C1</referredKeyID>
<mandatory>true</mandatory>
<refColNames>aNo</refColNames>
<transferable>true</transferable>
<rely>false</rely>
<columnDependencyConstraintGenerateInDDL>true</columnDependencyConstraintGenerateInDDL>
</FKIndexAssociation>