<?xml version = '1.0' encoding = 'UTF-8'?>
<FKIndexAssociation class="oracle.dbtools.crest.model.design.relational.FKIndexAssociation" directorySegmentName="seg_0" id="87AFE983-BA25-92A8-E2D5-F0970AACCC15" containerWithKeyObject="D53BB313-CB85-EBF0-76AC-D8CED1716329" localFKIndex="3BAB7B81-9840-1943-B085-6D22FDFD0520" name="responsibility_Subject_FK">
<createdBy>10151</createdBy>
<createdTime>2022-10-09 14:38:02 UTC</createdTime>
<generatorID>6A9FF635-81E9-E5D4-46C0-705D5F40D1EC</generatorID>
<ownerDesignName>DBhw3</ownerDesignName>
<referredTableLongName>Subject</referredTableLongName>
<deleteRule>NO ACTION</deleteRule>
<referredTableID>88F1AFF4-BA18-B909-1A4A-83C30EFC9E59</referredTableID>
<keyObject>D0E8B7CC-E200-129A-6302-762537570672</keyObject>
<referredKeyID>D0E8B7CC-E200-129A-6302-762537570672</referredKeyID>
<mandatory>true</mandatory>
<refColNames>name</refColNames>
<transferable>true</transferable>
<rely>false</rely>
<columnDependencyConstraintGenerateInDDL>true</columnDependencyConstraintGenerateInDDL>
</FKIndexAssociation>