<?xml version = '1.0' encoding = 'UTF-8'?>
<FKIndexAssociation class="oracle.dbtools.crest.model.design.relational.FKIndexAssociation" directorySegmentName="seg_0" id="8E383692-5A89-9DE8-0A1D-4881089C5494" containerWithKeyObject="CEB0DC11-FEF2-981D-511E-1E439676A592" localFKIndex="78C9EAB6-0B8A-4907-AE37-E1471E3B21D7" name="teach">
<createdBy>10151</createdBy>
<createdTime>2022-10-09 14:38:02 UTC</createdTime>
<generatorID>E5D06A80-2F3D-074C-6512-3CCC0818F916</generatorID>
<ownerDesignName>DBhw3</ownerDesignName>
<referredTableLongName>Professor</referredTableLongName>
<deleteRule>NO ACTION</deleteRule>
<referredTableID>4F17C611-6FA8-542E-944E-ABD8F6EBF5F6</referredTableID>
<keyObject>5DCFCC78-D956-2371-C06E-8C544D2B6BF3</keyObject>
<referredKeyID>5DCFCC78-D956-2371-C06E-8C544D2B6BF3</referredKeyID>
<mandatory>true</mandatory>
<refColNames>ProNo</refColNames>
<transferable>true</transferable>
<rely>false</rely>
<columnDependencyConstraintGenerateInDDL>true</columnDependencyConstraintGenerateInDDL>
</FKIndexAssociation>