<?xml version = '1.0' encoding = 'UTF-8'?>
<FKIndexAssociation class="oracle.dbtools.crest.model.design.relational.FKIndexAssociation" directorySegmentName="seg_0" id="93F48405-F186-2537-62C1-C3DD32DEF207" containerWithKeyObject="CEB0DC11-FEF2-981D-511E-1E439676A592" localFKIndex="5301A8A8-360A-F711-8937-569CA87486CE" name="s_to_L">
<createdBy>10151</createdBy>
<createdTime>2022-10-09 14:38:02 UTC</createdTime>
<generatorID>A8DBF6A0-3BE4-2151-B166-CD7F4CB78874</generatorID>
<ownerDesignName>DBhw3</ownerDesignName>
<referredTableLongName>Subject</referredTableLongName>
<deleteRule>NO ACTION</deleteRule>
<referredTableID>88F1AFF4-BA18-B909-1A4A-83C30EFC9E59</referredTableID>
<keyObject>D0E8B7CC-E200-129A-6302-762537570672</keyObject>
<referredKeyID>D0E8B7CC-E200-129A-6302-762537570672</referredKeyID>
<mandatory>true</mandatory>
<refColNames>name</refColNames>
<transferable>true</transferable>
<rely>false</rely>
<columnDependencyConstraintGenerateInDDL>true</columnDependencyConstraintGenerateInDDL>
</FKIndexAssociation>