<?xml version = '1.0' encoding = 'UTF-8'?>
<FKIndexAssociation class="oracle.dbtools.crest.model.design.relational.FKIndexAssociation" directorySegmentName="seg_0" id="AEC5BBD3-5905-D807-0F00-661F0D4B6CB8" containerWithKeyObject="DAF4FEA6-3E50-55BF-40DB-036751F6A6E9" localFKIndex="00FC3F14-E2B3-7019-B87F-C2657A714CCB" name="professor_head">
<createdBy>10151</createdBy>
<createdTime>2022-10-09 14:38:02 UTC</createdTime>
<generatorID>AC50753F-5209-2F74-1375-9AB3CC7C3862</generatorID>
<ownerDesignName>DBhw3</ownerDesignName>
<referredTableLongName>Professor</referredTableLongName>
<deleteRule>NO ACTION</deleteRule>
<referredTableID>4F17C611-6FA8-542E-944E-ABD8F6EBF5F6</referredTableID>
<keyObject>5DCFCC78-D956-2371-C06E-8C544D2B6BF3</keyObject>
<referredKeyID>5DCFCC78-D956-2371-C06E-8C544D2B6BF3</referredKeyID>
<mandatory>true</mandatory>
<refColNames>ProNo</refColNames>
<transferable>true</transferable>
<rely>false</rely>
<columnDependencyConstraintGenerateInDDL>true</columnDependencyConstraintGenerateInDDL>
</FKIndexAssociation>