<?xml version = '1.0' encoding = 'UTF-8'?>
<FKIndexAssociation class="oracle.dbtools.crest.model.design.relational.FKIndexAssociation" directorySegmentName="seg_0" id="B8496D45-9E15-15E8-5847-54809A6E8AC9" containerWithKeyObject="83A70AFA-47F9-FE34-1BF1-738B3D3773B3" localFKIndex="43A4EE74-275B-8E0F-2433-EDED4B05C7EE" name="belong">
<createdBy>10151</createdBy>
<createdTime>2022-10-09 14:38:02 UTC</createdTime>
<generatorID>0E8B4D5D-77C2-D7A8-FFAE-D0B04E39B382</generatorID>
<ownerDesignName>DBhw3</ownerDesignName>
<referredTableLongName>Department</referredTableLongName>
<deleteRule>NO ACTION</deleteRule>
<referredTableID>CD27F1BE-85AF-4D9A-FAD7-89328CAE74DB</referredTableID>
<keyObject>D3C23986-27E6-DA5F-317D-B15A28242810</keyObject>
<referredKeyID>D3C23986-27E6-DA5F-317D-B15A28242810</referredKeyID>
<mandatory>true</mandatory>
<refColNames>dName</refColNames>
<transferable>true</transferable>
<rely>false</rely>
<columnDependencyConstraintGenerateInDDL>true</columnDependencyConstraintGenerateInDDL>
</FKIndexAssociation>