<?xml version = '1.0' encoding = 'UTF-8'?>
<FKIndexAssociation class="oracle.dbtools.crest.model.design.relational.FKIndexAssociation" directorySegmentName="seg_0" id="BA97A65C-6AC0-4CCB-A588-AE982D97FE81" containerWithKeyObject="8CEFD231-EE3E-7DEA-C8AE-A85AB880AC67" localFKIndex="1CCE050B-F4C1-1CDB-6240-F8215FB14B90" name="belong_assistant">
<createdBy>10151</createdBy>
<createdTime>2022-10-09 14:38:02 UTC</createdTime>
<generatorID>8E6231DD-F858-8A7B-7D4B-39C4BA8DF5BA</generatorID>
<ownerDesignName>DBhw3</ownerDesignName>
<referredTableLongName>Department</referredTableLongName>
<deleteRule>NO ACTION</deleteRule>
<referredTableID>CD27F1BE-85AF-4D9A-FAD7-89328CAE74DB</referredTableID>
<keyObject>D3C23986-27E6-DA5F-317D-B15A28242810</keyObject>
<referredKeyID>D3C23986-27E6-DA5F-317D-B15A28242810</referredKeyID>
<mandatory>true</mandatory>
<refColNames>dName</refColNames>
<transferable>true</transferable>
<rely>false</rely>
<columnDependencyConstraintGenerateInDDL>true</columnDependencyConstraintGenerateInDDL>
</FKIndexAssociation>