<?xml version = '1.0' encoding = 'UTF-8'?>
<FKIndexAssociation class="oracle.dbtools.crest.model.design.relational.FKIndexAssociation" directorySegmentName="seg_0" id="BF25D1DD-B6CE-F525-1795-F06F728597B8" containerWithKeyObject="DAF4FEA6-3E50-55BF-40DB-036751F6A6E9" localFKIndex="A40FCD81-737A-84C9-A0C8-AFD74C6AC29C" name="head_department">
<createdBy>10151</createdBy>
<createdTime>2022-10-09 14:38:02 UTC</createdTime>
<generatorID>AA2B5421-304D-A7E3-6460-27D153C6794A</generatorID>
<ownerDesignName>DBhw3</ownerDesignName>
<referredTableLongName>Department</referredTableLongName>
<deleteRule>NO ACTION</deleteRule>
<referredTableID>CD27F1BE-85AF-4D9A-FAD7-89328CAE74DB</referredTableID>
<keyObject>D3C23986-27E6-DA5F-317D-B15A28242810</keyObject>
<referredKeyID>D3C23986-27E6-DA5F-317D-B15A28242810</referredKeyID>
<mandatory>true</mandatory>
<refColNames>dName</refColNames>
<transferable>true</transferable>
<rely>false</rely>
<columnDependencyConstraintGenerateInDDL>true</columnDependencyConstraintGenerateInDDL>
</FKIndexAssociation>