<?xml version = '1.0' encoding = 'UTF-8'?>
<FKIndexAssociation class="oracle.dbtools.crest.model.design.relational.FKIndexAssociation" directorySegmentName="seg_0" id="C4679D51-BA7B-F61A-449F-2C646A56D722" containerWithKeyObject="B1A89C0A-22C8-1C20-EE4A-8990A58C0350" localFKIndex="6899393E-3B23-CAC3-E716-0A9AAF1DC574" name="Time_Lecture_time_FK">
<createdBy>10151</createdBy>
<createdTime>2022-10-09 14:38:02 UTC</createdTime>
<generatorID>8AD8D807-DC9A-2A88-7143-A6D7E9913D17</generatorID>
<ownerDesignName>DBhw3</ownerDesignName>
<referredTableLongName>Lecture_time</referredTableLongName>
<deleteRule>NO ACTION</deleteRule>
<referredTableID>209A794C-2919-56F1-D44C-DDC9D777E413</referredTableID>
<keyObject>D57A195D-102A-73CA-2263-47D296967F3A</keyObject>
<referredKeyID>D57A195D-102A-73CA-2263-47D296967F3A</referredKeyID>
<mandatory>true</mandatory>
<refColNames>L_time,L_date</refColNames>
<transferable>true</transferable>
<rely>false</rely>
<columnDependencyConstraintGenerateInDDL>true</columnDependencyConstraintGenerateInDDL>
</FKIndexAssociation>