<?xml version = '1.0' encoding = 'UTF-8'?>
<FKIndexAssociation class="oracle.dbtools.crest.model.design.relational.FKIndexAssociation" directorySegmentName="seg_0" id="EFF65EEF-66F6-342D-DBCF-CC1024746F13" containerWithKeyObject="D53BB313-CB85-EBF0-76AC-D8CED1716329" localFKIndex="37534289-573C-0423-EB1C-9D109CB96810" name="responsibility_Professor_FK">
<createdBy>10151</createdBy>
<createdTime>2022-10-09 14:38:02 UTC</createdTime>
<generatorID>6A9FF635-81E9-E5D4-46C0-705D5F40D1EC</generatorID>
<ownerDesignName>DBhw3</ownerDesignName>
<referredTableLongName>Professor</referredTableLongName>
<deleteRule>NO ACTION</deleteRule>
<referredTableID>4F17C611-6FA8-542E-944E-ABD8F6EBF5F6</referredTableID>
<keyObject>5DCFCC78-D956-2371-C06E-8C544D2B6BF3</keyObject>
<referredKeyID>5DCFCC78-D956-2371-C06E-8C544D2B6BF3</referredKeyID>
<mandatory>true</mandatory>
<refColNames>ProNo</refColNames>
<transferable>true</transferable>
<rely>false</rely>
<columnDependencyConstraintGenerateInDDL>true</columnDependencyConstraintGenerateInDDL>
</FKIndexAssociation>