<?xml version = '1.0' encoding = 'UTF-8'?>
<Table class="oracle.dbtools.crest.model.design.relational.Table" directorySegmentName="seg_0" id="200A8BDF-D040-72BB-D2CE-01D201BA4217" name="Time">
<createdBy>10151</createdBy>
<createdTime>2022-10-09 10:31:04 UTC</createdTime>
<ownerDesignName>DBhw3</ownerDesignName>
<allowColumnReorder>false</allowColumnReorder>
<existDependencyGenerateInDDl>true</existDependencyGenerateInDDl>
<parsed>true</parsed>
<columns itemClass="oracle.dbtools.crest.model.design.relational.Column">
<Column name="Lecture_time_L_time" id="ADCD3099-7B62-DA6E-7E26-BFDA916F56F5">
<createdBy>10151</createdBy>
<createdTime>2022-10-09 10:31:04 UTC</createdTime>
<ownerDesignName>DBhw3</ownerDesignName>
<use>0</use>
<logicalDatatype>LOGDT019</logicalDatatype>
<domain>DCF42633-0672-2FF8-33DB-84F5B3DC2D57</domain>
<ownDataTypeParameters>,,</ownDataTypeParameters>
<previousColumn>false</previousColumn>
<autoIncrementCycle>false</autoIncrementCycle>
<listOfRanges>
<rangeDef class="oracle.dbtools.crest.model.design.constraint.AVT">
<beginValue>1</beginValue>
<endValue>10</endValue>
</rangeDef>
</listOfRanges>
<associations>
<colAssociation fkAssociation="6A0B966A-5A13-5AA1-76B9-C97ED2171492" referredColumn="332AAA9D-9088-AA5C-4534-11EEFF5A0948"/>
</associations>
</Column>
<Column name="Lecture_time_L_date" id="97BD4899-EBC1-FB99-6BFC-E42D2D68A76C">
<createdBy>10151</createdBy>
<createdTime>2022-10-09 10:31:04 UTC</createdTime>
<ownerDesignName>DBhw3</ownerDesignName>
<use>0</use>
<logicalDatatype>LOGDT025</logicalDatatype>
<domain>9B935678-C1E8-458F-E701-1319E3B61C4C</domain>
<ownDataTypeParameters>,,</ownDataTypeParameters>
<previousColumn>false</previousColumn>
<autoIncrementCycle>false</autoIncrementCycle>
<associations>
<colAssociation fkAssociation="6A0B966A-5A13-5AA1-76B9-C97ED2171492" referredColumn="C3C08482-1E92-C487-2F5D-FBD6ADF7A517"/>
</associations>
</Column>
<Column name="Lecture_sName" id="080B8F78-174C-A666-E250-A9EA2AEE9107">
<createdBy>10151</createdBy>
<createdTime>2022-10-09 10:31:04 UTC</createdTime>
<ownerDesignName>DBhw3</ownerDesignName>
<use>0</use>
<logicalDatatype>LOGDT025</logicalDatatype>
<domain>7DF8EF8A-CCCB-B4E3-3103-F9D4C766597C</domain>
<ownDataTypeParameters>,,</ownDataTypeParameters>
<previousColumn>false</previousColumn>
<autoIncrementCycle>false</autoIncrementCycle>
<associations>
<colAssociation fkAssociation="40CA1023-ABCA-31DF-7B4A-932BD5EED559" referredColumn="1203B30A-5F59-ECFF-2131-AA3A5498E0F2"/>
</associations>
</Column>
</columns>
<indexes itemClass="oracle.dbtools.crest.model.design.relational.Index">
<ind_PK_UK id="B3B98737-7A84-35D2-F307-935022CBCEB6" name="Time_PK">
<createdBy>10151</createdBy>
<createdTime>2022-10-09 10:31:04 UTC</createdTime>
<ownerDesignName>DBhw3</ownerDesignName>
<pk>true</pk>
<indexState>Primary Constraint</indexState>
<isSurrogateKey>false</isSurrogateKey>
<indexColumnUsage>
<colUsage columnID="ADCD3099-7B62-DA6E-7E26-BFDA916F56F5"/>
<colUsage columnID="97BD4899-EBC1-FB99-6BFC-E42D2D68A76C"/>
<colUsage columnID="080B8F78-174C-A666-E250-A9EA2AEE9107"/>
</indexColumnUsage>
</ind_PK_UK>
<ind_PK_UK id="C3CBA910-A23D-B8F0-5CB9-40E27B82AE5A" name="Time_Lecture_time_FK">
<createdBy>10151</createdBy>
<createdTime>2022-10-09 10:31:04 UTC</createdTime>
<generatorID>8AD8D807-DC9A-2A88-7143-A6D7E9913D17</generatorID>
<ownerDesignName>DBhw3</ownerDesignName>
<indexState>Foreign Key</indexState>
<isSurrogateKey>false</isSurrogateKey>
<indexColumnUsage>
<colUsage columnID="ADCD3099-7B62-DA6E-7E26-BFDA916F56F5"/>
<colUsage columnID="97BD4899-EBC1-FB99-6BFC-E42D2D68A76C"/>
</indexColumnUsage>
</ind_PK_UK>
<ind_PK_UK id="DFEB3011-4BA9-A2E1-B47B-A827E3DA07EF" name="Time_Lecture_FK">
<createdBy>10151</createdBy>
<createdTime>2022-10-09 10:31:04 UTC</createdTime>
<generatorID>8AD8D807-DC9A-2A88-7143-A6D7E9913D17</generatorID>
<ownerDesignName>DBhw3</ownerDesignName>
<indexState>Foreign Key</indexState>
<isSurrogateKey>false</isSurrogateKey>
<indexColumnUsage>
<colUsage columnID="080B8F78-174C-A666-E250-A9EA2AEE9107"/>
</indexColumnUsage>
</ind_PK_UK>
</indexes>
</Table>