<?xml version = '1.0' encoding = 'UTF-8'?>
<Table class="oracle.dbtools.crest.model.design.relational.Table" directorySegmentName="seg_0" id="20BF18D0-073C-D287-ED09-2D1AC88E3276" name="Lecture">
<createdBy>10151</createdBy>
<createdTime>2022-10-09 10:31:04 UTC</createdTime>
<generatorID>C3728B06-B465-3C86-1466-147E3D1DE138</generatorID>
<ownerDesignName>DBhw3</ownerDesignName>
<allowColumnReorder>false</allowColumnReorder>
<existDependencyGenerateInDDl>true</existDependencyGenerateInDDl>
<parsed>true</parsed>
<columns itemClass="oracle.dbtools.crest.model.design.relational.Column">
<Column name="sName" id="1203B30A-5F59-ECFF-2131-AA3A5498E0F2">
<createdBy>10151</createdBy>
<createdTime>2022-10-09 10:31:04 UTC</createdTime>
<generatorID>23D01532-FC9F-F2A3-0DA6-BCE49349DC5E</generatorID>
<ownerDesignName>DBhw3</ownerDesignName>
<use>0</use>
<logicalDatatype>LOGDT025</logicalDatatype>
<domain>7DF8EF8A-CCCB-B4E3-3103-F9D4C766597C</domain>
<ownDataTypeParameters>,,</ownDataTypeParameters>
<previousColumn>false</previousColumn>
<autoIncrementCycle>false</autoIncrementCycle>
<associations>
<colAssociation fkAssociation="1B3BCF2D-D53F-9314-827C-5FA09CA27FA0" referredColumn="6C839FD7-AAFC-58BD-0C88-B486D85A7C2A"/>
</associations>
</Column>
<Column name="roomNo" id="EB332B8E-E576-F0BB-F7E5-52B5377D3A02">
<createdBy>10151</createdBy>
<createdTime>2022-10-09 10:31:04 UTC</createdTime>
<generatorID>9461D20C-7C9E-0F4C-982A-8FF9863DAD3E</generatorID>
<ownerDesignName>DBhw3</ownerDesignName>
<use>0</use>
<logicalDatatype>LOGDT019</logicalDatatype>
<domain>3AF8B718-ABE9-5F4B-1183-8465C2D3A7D7</domain>
<ownDataTypeParameters>,,</ownDataTypeParameters>
<previousColumn>false</previousColumn>
<autoIncrementCycle>false</autoIncrementCycle>
<associations>
<colAssociation fkAssociation="5CDA9A09-BD28-631E-D95B-32702B78E914" referredColumn="C952DF68-4051-2518-B557-246077725811"/>
</associations>
</Column>
<Column name="bName" id="581CE8E9-35D7-5D15-B719-AB8D100819DF">
<createdBy>10151</createdBy>
<createdTime>2022-10-09 10:31:04 UTC</createdTime>
<generatorID>E7B746D5-77D9-9448-6529-E6BF7CF8FF35</generatorID>
<ownerDesignName>DBhw3</ownerDesignName>
<use>0</use>
<logicalDatatype>LOGDT025</logicalDatatype>
<domain>7DF8EF8A-CCCB-B4E3-3103-F9D4C766597C</domain>
<ownDataTypeParameters>,,</ownDataTypeParameters>
<previousColumn>false</previousColumn>
<autoIncrementCycle>false</autoIncrementCycle>
<associations>
<colAssociation fkAssociation="5CDA9A09-BD28-631E-D95B-32702B78E914" referredColumn="A1DEB905-EF64-29B7-1D36-79D652FCEF2C"/>
</associations>
</Column>
<Column name="Professor_No" id="31E82193-B3E2-6C0B-660B-B2D9A41F761A">
<createdBy>10151</createdBy>
<createdTime>2022-10-09 10:31:04 UTC</createdTime>
<generatorID>57D903C1-2001-A1ED-786E-17BC62000637</generatorID>
<ownerDesignName>DBhw3</ownerDesignName>
<use>0</use>
<logicalDatatype>LOGDT019</logicalDatatype>
<domain>CC156D6C-DD91-95E8-7DC3-60ACB58671D3</domain>
<ownDataTypeParameters>,,</ownDataTypeParameters>
<previousColumn>false</previousColumn>
<autoIncrementCycle>false</autoIncrementCycle>
<associations>
<colAssociation fkAssociation="C12440D6-06C3-00F2-321B-2B7F8D2F8BFD" referredColumn="7F80AA36-7E7F-6E5E-FDC3-728307925607"/>
</associations>
</Column>
<Column name="ST_ID" id="F49C56ED-6F01-0668-CA27-24184EAC2292">
<createdBy>10151</createdBy>
<createdTime>2022-10-09 10:31:04 UTC</createdTime>
<generatorID>AF24A210-9319-C70A-6E16-B839EAC7AFB6</generatorID>
<ownerDesignName>DBhw3</ownerDesignName>
<use>0</use>
<logicalDatatype>LOGDT019</logicalDatatype>
<domain>2ACDA64B-917A-E7FA-7F58-5E68031E3E54</domain>
<ownDataTypeParameters>,,</ownDataTypeParameters>
<previousColumn>false</previousColumn>
<autoIncrementCycle>false</autoIncrementCycle>
<associations>
<colAssociation fkAssociation="89081F01-2617-FEBF-2917-5AC9051CD502" referredColumn="DA6B2F2D-6F39-8646-F40E-4F3E73212EFC"/>
</associations>
</Column>
</columns>
<indexes itemClass="oracle.dbtools.crest.model.design.relational.Index">
<ind_PK_UK id="0E0CE4F3-83E5-37DE-2FF2-2787680EFF38" name="Lecture_PK">
<createdBy>10151</createdBy>
<createdTime>2022-10-09 10:31:04 UTC</createdTime>
<generatorID>18A5A196-0D91-76DA-B529-5EFF1B46CECD</generatorID>
<ownerDesignName>DBhw3</ownerDesignName>
<pk>true</pk>
<indexState>Primary Constraint</indexState>
<isSurrogateKey>false</isSurrogateKey>
<indexColumnUsage>
<colUsage columnID="1203B30A-5F59-ECFF-2131-AA3A5498E0F2"/>
</indexColumnUsage>
</ind_PK_UK>
<ind_PK_UK id="48AB8E92-20D2-31F3-98C2-C1FCB1B57312" name="learn">
<createdBy>10151</createdBy>
<createdTime>2022-10-09 10:31:04 UTC</createdTime>
<generatorID>C86E655D-D885-A60E-1CED-A0572BD36B84</generatorID>
<ownerDesignName>DBhw3</ownerDesignName>
<indexState>Foreign Key</indexState>
<isSurrogateKey>false</isSurrogateKey>
<indexColumnUsage>
<colUsage columnID="F49C56ED-6F01-0668-CA27-24184EAC2292"/>
</indexColumnUsage>
</ind_PK_UK>
<ind_PK_UK id="096216B3-4758-097B-580C-9376CD80D039" name="learning_room">
<createdBy>10151</createdBy>
<createdTime>2022-10-09 10:31:04 UTC</createdTime>
<generatorID>9E888931-2615-55B8-C635-0A3693A0D63E</generatorID>
<ownerDesignName>DBhw3</ownerDesignName>
<indexState>Foreign Key</indexState>
<isSurrogateKey>false</isSurrogateKey>
<indexColumnUsage>
<colUsage columnID="EB332B8E-E576-F0BB-F7E5-52B5377D3A02"/>
<colUsage columnID="581CE8E9-35D7-5D15-B719-AB8D100819DF"/>
</indexColumnUsage>
</ind_PK_UK>
<ind_PK_UK id="4A37E27A-39FF-48B9-BAA0-AE0FE4530758" name="s_to_L">
<createdBy>10151</createdBy>
<createdTime>2022-10-09 10:31:04 UTC</createdTime>
<generatorID>A7AAA9CD-6AE5-C2F9-FB14-A5F4C468AE22</generatorID>
<ownerDesignName>DBhw3</ownerDesignName>
<indexState>Foreign Key</indexState>
<isSurrogateKey>false</isSurrogateKey>
<indexColumnUsage>
<colUsage columnID="1203B30A-5F59-ECFF-2131-AA3A5498E0F2"/>
</indexColumnUsage>
</ind_PK_UK>
<ind_PK_UK id="308C7AE0-A4AE-F81C-F73C-AB552A1EBB5C" name="teach">
<createdBy>10151</createdBy>
<createdTime>2022-10-09 10:31:04 UTC</createdTime>
<generatorID>E5D06A80-2F3D-074C-6512-3CCC0818F916</generatorID>
<ownerDesignName>DBhw3</ownerDesignName>
<indexState>Foreign Key</indexState>
<isSurrogateKey>false</isSurrogateKey>
<indexColumnUsage>
<colUsage columnID="31E82193-B3E2-6C0B-660B-B2D9A41F761A"/>
</indexColumnUsage>
</ind_PK_UK>
</indexes>
</Table>