<?xml version = '1.0' encoding = 'UTF-8'?>
<Table class="oracle.dbtools.crest.model.design.relational.Table" directorySegmentName="seg_0" id="49F26556-0306-EEFF-195A-0E346A0B854E" name="responsibility">
<createdBy>10151</createdBy>
<createdTime>2022-10-09 10:31:04 UTC</createdTime>
<ownerDesignName>DBhw3</ownerDesignName>
<allowColumnReorder>false</allowColumnReorder>
<existDependencyGenerateInDDl>true</existDependencyGenerateInDDl>
<parsed>true</parsed>
<columns itemClass="oracle.dbtools.crest.model.design.relational.Column">
<Column name="Professor_ProNo" id="33860E2D-EE95-7DBF-BBF7-EECCD588EDF3">
<createdBy>10151</createdBy>
<createdTime>2022-10-09 10:31:04 UTC</createdTime>
<ownerDesignName>DBhw3</ownerDesignName>
<use>0</use>
<logicalDatatype>LOGDT019</logicalDatatype>
<domain>CC156D6C-DD91-95E8-7DC3-60ACB58671D3</domain>
<ownDataTypeParameters>,,</ownDataTypeParameters>
<previousColumn>false</previousColumn>
<autoIncrementCycle>false</autoIncrementCycle>
<associations>
<colAssociation fkAssociation="DBA34913-6B7F-2742-6768-7FCF1792B616" referredColumn="7F80AA36-7E7F-6E5E-FDC3-728307925607"/>
</associations>
</Column>
<Column name="Subject_name" id="20FCE696-AA3A-573D-4FF9-4CE4D89B5B07">
<createdBy>10151</createdBy>
<createdTime>2022-10-09 10:31:04 UTC</createdTime>
<ownerDesignName>DBhw3</ownerDesignName>
<use>0</use>
<logicalDatatype>LOGDT025</logicalDatatype>
<domain>7DF8EF8A-CCCB-B4E3-3103-F9D4C766597C</domain>
<ownDataTypeParameters>,,</ownDataTypeParameters>
<previousColumn>false</previousColumn>
<autoIncrementCycle>false</autoIncrementCycle>
<associations>
<colAssociation fkAssociation="CDB75AE7-4B12-DB0B-1E04-1F4D35422B45" referredColumn="6C839FD7-AAFC-58BD-0C88-B486D85A7C2A"/>
</associations>
</Column>
</columns>
<indexes itemClass="oracle.dbtools.crest.model.design.relational.Index">
<ind_PK_UK id="094FEACB-269B-C03F-FF3B-84DA9C6597BA" name="responsibility_PK">
<createdBy>10151</createdBy>
<createdTime>2022-10-09 10:31:04 UTC</createdTime>
<ownerDesignName>DBhw3</ownerDesignName>
<pk>true</pk>
<indexState>Primary Constraint</indexState>
<isSurrogateKey>false</isSurrogateKey>
<indexColumnUsage>
<colUsage columnID="33860E2D-EE95-7DBF-BBF7-EECCD588EDF3"/>
<colUsage columnID="20FCE696-AA3A-573D-4FF9-4CE4D89B5B07"/>
</indexColumnUsage>
</ind_PK_UK>
<ind_PK_UK id="495A1DCF-7F0A-8D51-72E5-EAD85359F78A" name="responsibility_Professor_FK">
<createdBy>10151</createdBy>
<createdTime>2022-10-09 10:31:04 UTC</createdTime>
<generatorID>6A9FF635-81E9-E5D4-46C0-705D5F40D1EC</generatorID>
<ownerDesignName>DBhw3</ownerDesignName>
<indexState>Foreign Key</indexState>
<isSurrogateKey>false</isSurrogateKey>
<indexColumnUsage>
<colUsage columnID="33860E2D-EE95-7DBF-BBF7-EECCD588EDF3"/>
</indexColumnUsage>
</ind_PK_UK>
<ind_PK_UK id="742C8B14-F652-3D8B-5183-9DCB5AC9F561" name="responsibility_Subject_FK">
<createdBy>10151</createdBy>
<createdTime>2022-10-09 10:31:04 UTC</createdTime>
<generatorID>6A9FF635-81E9-E5D4-46C0-705D5F40D1EC</generatorID>
<ownerDesignName>DBhw3</ownerDesignName>
<indexState>Foreign Key</indexState>
<isSurrogateKey>false</isSurrogateKey>
<indexColumnUsage>
<colUsage columnID="20FCE696-AA3A-573D-4FF9-4CE4D89B5B07"/>
</indexColumnUsage>
</ind_PK_UK>
</indexes>
</Table>