<?xml version = '1.0' encoding = 'UTF-8'?>
<Table class="oracle.dbtools.crest.model.design.relational.Table" directorySegmentName="seg_0" id="76D5FD73-81AC-CF51-8215-430D6AADF4D9" name="HeadProfessor">
<createdBy>10151</createdBy>
<createdTime>2022-10-09 10:31:04 UTC</createdTime>
<generatorID>71F6F889-BACD-B406-1E5B-C8690854C24E</generatorID>
<ownerDesignName>DBhw3</ownerDesignName>
<allowColumnReorder>false</allowColumnReorder>
<existDependencyGenerateInDDl>true</existDependencyGenerateInDDl>
<parsed>true</parsed>
<columns itemClass="oracle.dbtools.crest.model.design.relational.Column">
<Column name="HeadNo" id="EE3035F2-CE4E-973E-E84C-51906A7060A6">
<createdBy>10151</createdBy>
<createdTime>2022-10-09 10:31:04 UTC</createdTime>
<generatorID>621E3EB3-A722-9A98-E53F-A65C5034944C</generatorID>
<ownerDesignName>DBhw3</ownerDesignName>
<use>0</use>
<logicalDatatype>LOGDT019</logicalDatatype>
<domain>CC156D6C-DD91-95E8-7DC3-60ACB58671D3</domain>
<ownDataTypeParameters>,,</ownDataTypeParameters>
<previousColumn>false</previousColumn>
<autoIncrementCycle>false</autoIncrementCycle>
<associations>
<colAssociation fkAssociation="9B13D642-F639-D55E-DFFE-29C9F3F7A681" referredColumn="7F80AA36-7E7F-6E5E-FDC3-728307925607"/>
</associations>
</Column>
<Column name="dName" id="91890C7E-A46B-75F8-7123-04017879915C">
<createdBy>10151</createdBy>
<createdTime>2022-10-09 10:31:04 UTC</createdTime>
<generatorID>77554500-364E-FF15-BD02-0F71CE31E901</generatorID>
<ownerDesignName>DBhw3</ownerDesignName>
<use>0</use>
<logicalDatatype>LOGDT025</logicalDatatype>
<domain>7DF8EF8A-CCCB-B4E3-3103-F9D4C766597C</domain>
<ownDataTypeParameters>,,</ownDataTypeParameters>
<previousColumn>false</previousColumn>
<autoIncrementCycle>false</autoIncrementCycle>
<associations>
<colAssociation fkAssociation="7A6518E3-D069-6F1C-8434-8306FCDC9B81" referredColumn="B1590006-9395-C3B3-DCEB-C78B9B8F1160"/>
</associations>
</Column>
</columns>
<indexes itemClass="oracle.dbtools.crest.model.design.relational.Index">
<ind_PK_UK id="88182251-D6A6-21FD-8470-9BBCF02BACAA" name="HeadProfessor_PK">
<createdBy>10151</createdBy>
<createdTime>2022-10-09 10:31:04 UTC</createdTime>
<generatorID>3A996CCC-1181-181A-7FCD-4D3219AB92F3</generatorID>
<ownerDesignName>DBhw3</ownerDesignName>
<pk>true</pk>
<indexState>Primary Constraint</indexState>
<isSurrogateKey>false</isSurrogateKey>
<indexColumnUsage>
<colUsage columnID="EE3035F2-CE4E-973E-E84C-51906A7060A6"/>
</indexColumnUsage>
</ind_PK_UK>
<ind_PK_UK id="BC65974C-1204-EB68-8B4A-978EA75D4B5D" name="HeadProfessor__IDX">
<createdBy>10151</createdBy>
<createdTime>2022-10-09 10:31:04 UTC</createdTime>
<ownerDesignName>DBhw3</ownerDesignName>
<indexState>Unique Plain Index</indexState>
<isSurrogateKey>false</isSurrogateKey>
<relationGeneratorID>AA2B5421-304D-A7E3-6460-27D153C6794A</relationGeneratorID>
<indexColumnUsage>
<colUsage columnID="91890C7E-A46B-75F8-7123-04017879915C"/>
</indexColumnUsage>
</ind_PK_UK>
<ind_PK_UK id="F25DB18E-3FC9-149E-74B0-072FC22CA8E3" name="head_department">
<createdBy>10151</createdBy>
<createdTime>2022-10-09 10:31:04 UTC</createdTime>
<generatorID>AA2B5421-304D-A7E3-6460-27D153C6794A</generatorID>
<ownerDesignName>DBhw3</ownerDesignName>
<indexState>Foreign Key</indexState>
<isSurrogateKey>false</isSurrogateKey>
<indexColumnUsage>
<colUsage columnID="91890C7E-A46B-75F8-7123-04017879915C"/>
</indexColumnUsage>
</ind_PK_UK>
<ind_PK_UK id="0F04C8A9-0B4F-1204-6BC9-5CE63AFD8968" name="professor_head">
<createdBy>10151</createdBy>
<createdTime>2022-10-09 10:31:04 UTC</createdTime>
<generatorID>AC50753F-5209-2F74-1375-9AB3CC7C3862</generatorID>
<ownerDesignName>DBhw3</ownerDesignName>
<indexState>Foreign Key</indexState>
<isSurrogateKey>false</isSurrogateKey>
<indexColumnUsage>
<colUsage columnID="EE3035F2-CE4E-973E-E84C-51906A7060A6"/>
</indexColumnUsage>
</ind_PK_UK>
</indexes>
</Table>