<?xml version = '1.0' encoding = 'UTF-8'?>
<Table class="oracle.dbtools.crest.model.design.relational.Table" directorySegmentName="seg_0" id="88EC634B-63D9-945C-3D67-C79A24B4B4FD" name="Lecture_time">
<createdBy>10151</createdBy>
<createdTime>2022-10-09 10:31:04 UTC</createdTime>
<generatorID>6E274246-7E2C-A3BD-38DA-DEC80D382E1D</generatorID>
<ownerDesignName>DBhw3</ownerDesignName>
<allowColumnReorder>false</allowColumnReorder>
<existDependencyGenerateInDDl>true</existDependencyGenerateInDDl>
<parsed>true</parsed>
<columns itemClass="oracle.dbtools.crest.model.design.relational.Column">
<Column name="L_time" id="332AAA9D-9088-AA5C-4534-11EEFF5A0948">
<createdBy>10151</createdBy>
<createdTime>2022-10-09 10:31:04 UTC</createdTime>
<generatorID>4A063D1D-7F62-B1CE-C6CF-8D970A8B480A</generatorID>
<ownerDesignName>DBhw3</ownerDesignName>
<use>0</use>
<logicalDatatype>LOGDT019</logicalDatatype>
<domain>DCF42633-0672-2FF8-33DB-84F5B3DC2D57</domain>
<ownDataTypeParameters>,,</ownDataTypeParameters>
<autoIncrementCycle>false</autoIncrementCycle>
<listOfRanges>
<rangeDef class="oracle.dbtools.crest.model.design.constraint.AVT">
<beginValue>1</beginValue>
<endValue>10</endValue>
</rangeDef>
</listOfRanges>
</Column>
<Column name="L_date" id="C3C08482-1E92-C487-2F5D-FBD6ADF7A517">
<createdBy>10151</createdBy>
<createdTime>2022-10-09 10:31:04 UTC</createdTime>
<generatorID>A7A57C4C-8EC5-A40D-4120-FD410C25145B</generatorID>
<ownerDesignName>DBhw3</ownerDesignName>
<use>0</use>
<logicalDatatype>LOGDT025</logicalDatatype>
<domain>9B935678-C1E8-458F-E701-1319E3B61C4C</domain>
<ownDataTypeParameters>,,</ownDataTypeParameters>
<autoIncrementCycle>false</autoIncrementCycle>
</Column>
</columns>
<indexes itemClass="oracle.dbtools.crest.model.design.relational.Index">
<ind_PK_UK id="577C7260-AD24-BAD6-78C5-15703F902452" name="Lecture_time_PK">
<createdBy>10151</createdBy>
<createdTime>2022-10-09 10:31:04 UTC</createdTime>
<generatorID>5642CB57-9A79-8506-B367-1EA10D3A1AAE</generatorID>
<ownerDesignName>DBhw3</ownerDesignName>
<pk>true</pk>
<indexState>Primary Constraint</indexState>
<isSurrogateKey>false</isSurrogateKey>
<indexColumnUsage>
<colUsage columnID="332AAA9D-9088-AA5C-4534-11EEFF5A0948"/>
<colUsage columnID="C3C08482-1E92-C487-2F5D-FBD6ADF7A517"/>
</indexColumnUsage>
</ind_PK_UK>
</indexes>
</Table>