<?xml version = '1.0' encoding = 'UTF-8'?>
<Table class="oracle.dbtools.crest.model.design.relational.Table" directorySegmentName="seg_0" id="B469F332-7C6D-B111-DA1A-6BC5D9CADB9B" name="Professor">
<createdBy>10151</createdBy>
<createdTime>2022-10-09 10:31:04 UTC</createdTime>
<generatorID>A12741FA-803A-854E-ADEC-B80B33D66CDE</generatorID>
<ownerDesignName>DBhw3</ownerDesignName>
<allowColumnReorder>false</allowColumnReorder>
<existDependencyGenerateInDDl>true</existDependencyGenerateInDDl>
<parsed>true</parsed>
<columns itemClass="oracle.dbtools.crest.model.design.relational.Column">
<Column name="ProNo" id="7F80AA36-7E7F-6E5E-FDC3-728307925607">
<createdBy>10151</createdBy>
<createdTime>2022-10-09 10:31:04 UTC</createdTime>
<generatorID>4BDAD616-3CB9-BE42-4D3F-530A47949614</generatorID>
<ownerDesignName>DBhw3</ownerDesignName>
<use>0</use>
<logicalDatatype>LOGDT019</logicalDatatype>
<domain>CC156D6C-DD91-95E8-7DC3-60ACB58671D3</domain>
<ownDataTypeParameters>,,</ownDataTypeParameters>
<autoIncrementCycle>false</autoIncrementCycle>
</Column>
<Column name="office" id="C0F205B0-968A-7527-C742-A6297BE7EBC9">
<createdBy>10151</createdBy>
<createdTime>2022-10-09 10:31:04 UTC</createdTime>
<generatorID>9DC37319-F463-041E-BA79-15ECD262B70A</generatorID>
<ownerDesignName>DBhw3</ownerDesignName>
<nullsAllowed>true</nullsAllowed>
<use>0</use>
<logicalDatatype>LOGDT025</logicalDatatype>
<domain>7DF8EF8A-CCCB-B4E3-3103-F9D4C766597C</domain>
<ownDataTypeParameters>,,</ownDataTypeParameters>
<autoIncrementCycle>false</autoIncrementCycle>
</Column>
<Column name="Info" id="4630A9DD-CCD3-8ACC-11A9-3AD9104F7660">
<createdBy>10151</createdBy>
<createdTime>2022-10-09 10:31:04 UTC</createdTime>
<generatorID>7482550B-8DB3-8B58-D80E-77F8F2A4FE1F</generatorID>
<ownerDesignName>DBhw3</ownerDesignName>
<nullsAllowed>true</nullsAllowed>
<useDomainConstraints>false</useDomainConstraints>
<use>3</use>
<structuredType>18399519-299C-6112-E225-12903D3F086F</structuredType>
<ownDataTypeParameters>,,</ownDataTypeParameters>
<autoIncrementCycle>false</autoIncrementCycle>
</Column>
<Column name="department" id="B7A5EED1-5982-1EA9-2914-0071C8CF4906">
<createdBy>10151</createdBy>
<createdTime>2022-10-09 10:31:04 UTC</createdTime>
<generatorID>19327605-6776-8C3A-DD42-C3044A12A282</generatorID>
<ownerDesignName>DBhw3</ownerDesignName>
<use>0</use>
<logicalDatatype>LOGDT025</logicalDatatype>
<domain>7DF8EF8A-CCCB-B4E3-3103-F9D4C766597C</domain>
<ownDataTypeParameters>,,</ownDataTypeParameters>
<previousColumn>false</previousColumn>
<autoIncrementCycle>false</autoIncrementCycle>
<associations>
<colAssociation fkAssociation="10E603DF-FA40-E875-D18B-0DD04980C673" referredColumn="B1590006-9395-C3B3-DCEB-C78B9B8F1160"/>
</associations>
</Column>
</columns>
<nestedColumns itemClass="oracle.dbtools.crest.model.design.relational.Column">
<nestedColumn name="Info.name" id="B48354CA-E535-614A-F3E1-094A08BD66B1">
<createdBy>10151</createdBy>
<createdTime>2022-10-09 10:31:04 UTC</createdTime>
<generatorID>2B596EA4-E26B-1737-6232-995EA1B0D420</generatorID>
<ownerDesignName>DBhw3</ownerDesignName>
<nullsAllowed>true</nullsAllowed>
<parentObject>4630A9DD-CCD3-8ACC-11A9-3AD9104F7660</parentObject>
<structAttributeID>AC472BD3-73AE-9173-8D84-8609A2FA66FD</structAttributeID>
<use>0</use>
<logicalDatatype>LOGDT025</logicalDatatype>
<dataTypeSize>100</dataTypeSize>
<domain>7DF8EF8A-CCCB-B4E3-3103-F9D4C766597C</domain>
<ownDataTypeParameters>100,,</ownDataTypeParameters>
<autoIncrementCycle>false</autoIncrementCycle>
</nestedColumn>
<nestedColumn name="Info.home_address" id="10263C1F-DC74-BEED-F5C3-470FB80CFA79">
<createdBy>10151</createdBy>
<createdTime>2022-10-09 10:31:04 UTC</createdTime>
<generatorID>57716A5E-7003-85C6-BF24-B6BF761D72A5</generatorID>
<ownerDesignName>DBhw3</ownerDesignName>
<nullsAllowed>true</nullsAllowed>
<parentObject>4630A9DD-CCD3-8ACC-11A9-3AD9104F7660</parentObject>
<structAttributeID>EB71E758-32D1-708B-D272-19C33C7746A2</structAttributeID>
<use>0</use>
<logicalDatatype>LOGDT024</logicalDatatype>
<dataTypeSize>255</dataTypeSize>
<domain>179C8B52-4E13-3A5B-4954-C2F3631B29B3</domain>
<ownDataTypeParameters>255,,</ownDataTypeParameters>
<autoIncrementCycle>false</autoIncrementCycle>
</nestedColumn>
<nestedColumn name="Info.callNo" id="4507D73A-41E0-36F0-58A0-3DD0D81E24F2">
<createdBy>10151</createdBy>
<createdTime>2022-10-09 10:31:04 UTC</createdTime>
<generatorID>F6B44829-CE75-8407-410A-4351F109A181</generatorID>
<ownerDesignName>DBhw3</ownerDesignName>
<nullsAllowed>true</nullsAllowed>
<parentObject>4630A9DD-CCD3-8ACC-11A9-3AD9104F7660</parentObject>
<structAttributeID>02CE4C64-20DE-563B-1C0A-D0E9D46C00A6</structAttributeID>
<useDomainConstraints>false</useDomainConstraints>
<use>3</use>
<structuredType>D25AEFE8-B865-C10D-85F2-87406AC32312</structuredType>
<ownDataTypeParameters>,,</ownDataTypeParameters>
<autoIncrementCycle>false</autoIncrementCycle>
</nestedColumn>
<nestedColumn name="Info.callNo.phoneno" id="B30E0A0F-5C0A-9645-6AD7-50F6911D8A61">
<createdBy>10151</createdBy>
<createdTime>2022-10-09 10:31:04 UTC</createdTime>
<generatorID>6184D9F6-C378-AE66-9271-47F7D5C3339F</generatorID>
<ownerDesignName>DBhw3</ownerDesignName>
<nullsAllowed>true</nullsAllowed>
<parentObject>4507D73A-41E0-36F0-58A0-3DD0D81E24F2</parentObject>
<structAttributeID>F3A8D513-DAF0-00B7-1A0F-3D866B0EA1BA</structAttributeID>
<use>0</use>
<logicalDatatype>LOGDT025</logicalDatatype>
<dataTypeSize>13</dataTypeSize>
<domain>34687D4A-E842-786D-6682-BEE0EBE91E67</domain>
<ownDataTypeParameters>13,,</ownDataTypeParameters>
<autoIncrementCycle>false</autoIncrementCycle>
</nestedColumn>
<nestedColumn name="Info.callNo.homeno" id="B8710B0B-5994-5F70-A44F-2CB6B08BD104">
<createdBy>10151</createdBy>
<createdTime>2022-10-09 10:31:04 UTC</createdTime>
<generatorID>6FE3D277-6E4C-780D-F6EB-35C151EE911D</generatorID>
<ownerDesignName>DBhw3</ownerDesignName>
<nullsAllowed>true</nullsAllowed>
<parentObject>4507D73A-41E0-36F0-58A0-3DD0D81E24F2</parentObject>
<structAttributeID>9914DCF7-9BFF-CDC5-4227-15EFA9619C42</structAttributeID>
<use>0</use>
<logicalDatatype>LOGDT025</logicalDatatype>
<dataTypeSize>13</dataTypeSize>
<domain>4430E4CB-67B0-B78D-958C-8CB137EE0380</domain>
<ownDataTypeParameters>13,,</ownDataTypeParameters>
<autoIncrementCycle>false</autoIncrementCycle>
</nestedColumn>
<nestedColumn name="Info.callNo.workpaceno" id="7E578EDD-A979-D218-BC0D-C2459A904B90">
<createdBy>10151</createdBy>
<createdTime>2022-10-09 10:31:04 UTC</createdTime>
<generatorID>93D742E9-C591-3911-2230-4BA25FDA0ADC</generatorID>
<ownerDesignName>DBhw3</ownerDesignName>
<nullsAllowed>true</nullsAllowed>
<parentObject>4507D73A-41E0-36F0-58A0-3DD0D81E24F2</parentObject>
<structAttributeID>D5E7BC89-85C6-DE78-3B00-1A82BC399A4E</structAttributeID>
<use>0</use>
<logicalDatatype>LOGDT025</logicalDatatype>
<dataTypeSize>13</dataTypeSize>
<domain>5D9783D4-DD43-F17A-F7A6-FCD18043568A</domain>
<ownDataTypeParameters>13,,</ownDataTypeParameters>
<autoIncrementCycle>false</autoIncrementCycle>
</nestedColumn>
</nestedColumns>
<indexes itemClass="oracle.dbtools.crest.model.design.relational.Index">
<ind_PK_UK id="62EED889-BB63-BA0C-7FDD-164A079E02DF" name="Professor_PK">
<createdBy>10151</createdBy>
<createdTime>2022-10-09 10:31:04 UTC</createdTime>
<generatorID>ED33261B-3E00-DF51-4C2E-D5ECBF1441A5</generatorID>
<ownerDesignName>DBhw3</ownerDesignName>
<pk>true</pk>
<indexState>Primary Constraint</indexState>
<isSurrogateKey>false</isSurrogateKey>
<indexColumnUsage>
<colUsage columnID="7F80AA36-7E7F-6E5E-FDC3-728307925607"/>
</indexColumnUsage>
</ind_PK_UK>
<ind_PK_UK id="95DC1355-C9FA-2B40-82CC-AD500F7ADC19" name="belong_professor">
<createdBy>10151</createdBy>
<createdTime>2022-10-09 10:31:04 UTC</createdTime>
<generatorID>1C7FBABA-EC34-8D62-761D-504CE932CD45</generatorID>
<ownerDesignName>DBhw3</ownerDesignName>
<indexState>Foreign Key</indexState>
<isSurrogateKey>false</isSurrogateKey>
<indexColumnUsage>
<colUsage columnID="B7A5EED1-5982-1EA9-2914-0071C8CF4906"/>
</indexColumnUsage>
</ind_PK_UK>
</indexes>
</Table>