<?xml version = '1.0' encoding = 'UTF-8'?>
<Table class="oracle.dbtools.crest.model.design.relational.Table" directorySegmentName="seg_0" id="B8087E31-1912-706F-0296-26F60C04B717" name="Subject">
<createdBy>10151</createdBy>
<createdTime>2022-10-09 10:31:04 UTC</createdTime>
<generatorID>7F406B4C-F18B-A2A5-2620-405EF27D949D</generatorID>
<ownerDesignName>DBhw3</ownerDesignName>
<allowColumnReorder>false</allowColumnReorder>
<existDependencyGenerateInDDl>true</existDependencyGenerateInDDl>
<parsed>true</parsed>
<columns itemClass="oracle.dbtools.crest.model.design.relational.Column">
<Column name="name" id="6C839FD7-AAFC-58BD-0C88-B486D85A7C2A">
<createdBy>10151</createdBy>
<createdTime>2022-10-09 10:31:04 UTC</createdTime>
<generatorID>DCF6B826-A171-AA06-E946-9F5CCA74D355</generatorID>
<ownerDesignName>DBhw3</ownerDesignName>
<use>0</use>
<logicalDatatype>LOGDT025</logicalDatatype>
<domain>7DF8EF8A-CCCB-B4E3-3103-F9D4C766597C</domain>
<ownDataTypeParameters>,,</ownDataTypeParameters>
<autoIncrementCycle>false</autoIncrementCycle>
</Column>
<Column name="grades" id="AA7AEDC7-D80F-E61F-1FAE-7121F4CB4200">
<createdBy>10151</createdBy>
<createdTime>2022-10-09 10:31:04 UTC</createdTime>
<generatorID>C9475B06-91E0-83CC-C2C5-F0178A377170</generatorID>
<ownerDesignName>DBhw3</ownerDesignName>
<nullsAllowed>true</nullsAllowed>
<use>0</use>
<logicalDatatype>LOGDT019</logicalDatatype>
<domain>154CA8CA-DE2E-4582-2360-BDA5BFB13230</domain>
<ownDataTypeParameters>,,</ownDataTypeParameters>
<autoIncrementCycle>false</autoIncrementCycle>
</Column>
<Column name="assistantNo" id="15E410C6-1354-E9D8-A666-95731929D90C">
<createdBy>10151</createdBy>
<createdTime>2022-10-09 10:31:04 UTC</createdTime>
<generatorID>9D63969C-D8C2-F914-CE13-89324D882F3E</generatorID>
<ownerDesignName>DBhw3</ownerDesignName>
<use>0</use>
<logicalDatatype>LOGDT019</logicalDatatype>
<domain>CC156D6C-DD91-95E8-7DC3-60ACB58671D3</domain>
<ownDataTypeParameters>,,</ownDataTypeParameters>
<previousColumn>false</previousColumn>
<autoIncrementCycle>false</autoIncrementCycle>
<associations>
<colAssociation fkAssociation="020DABD3-C872-AA74-81BB-8FB910297C77" referredColumn="DD810BD6-8818-FCC3-15B7-4C22F1652FC1"/>
</associations>
</Column>
</columns>
<indexes itemClass="oracle.dbtools.crest.model.design.relational.Index">
<ind_PK_UK id="7B350B9F-18D0-E8B2-0358-6B00FDD9C5E3" name="Subject_PK">
<createdBy>10151</createdBy>
<createdTime>2022-10-09 10:31:04 UTC</createdTime>
<generatorID>9F6B4822-1015-E3E1-F108-1C65B77CB484</generatorID>
<ownerDesignName>DBhw3</ownerDesignName>
<pk>true</pk>
<indexState>Primary Constraint</indexState>
<isSurrogateKey>false</isSurrogateKey>
<indexColumnUsage>
<colUsage columnID="6C839FD7-AAFC-58BD-0C88-B486D85A7C2A"/>
</indexColumnUsage>
</ind_PK_UK>
<ind_PK_UK id="CCCFACAF-8A82-F55D-6315-61262D1C150D" name="assistant_to_subject">
<createdBy>10151</createdBy>
<createdTime>2022-10-09 10:31:04 UTC</createdTime>
<generatorID>3CB001BB-AA0D-4A0D-DA1C-8159E3E0B4D3</generatorID>
<ownerDesignName>DBhw3</ownerDesignName>
<indexState>Foreign Key</indexState>
<isSurrogateKey>false</isSurrogateKey>
<indexColumnUsage>
<colUsage columnID="15E410C6-1354-E9D8-A666-95731929D90C"/>
</indexColumnUsage>
</ind_PK_UK>
</indexes>
</Table>