<?xml version = '1.0' encoding = 'UTF-8'?>
<Table class="oracle.dbtools.crest.model.design.relational.Table" directorySegmentName="seg_0" id="C2366D40-813C-E510-B67B-FC4065E55520" name="Student">
<createdBy>10151</createdBy>
<createdTime>2022-10-09 10:31:04 UTC</createdTime>
<generatorID>3A98840C-D69F-AA28-F64C-0FEB808B45F9</generatorID>
<ownerDesignName>DBhw3</ownerDesignName>
<allowColumnReorder>false</allowColumnReorder>
<existDependencyGenerateInDDl>true</existDependencyGenerateInDDl>
<parsed>true</parsed>
<columns itemClass="oracle.dbtools.crest.model.design.relational.Column">
<Column name="IDNo" id="DA6B2F2D-6F39-8646-F40E-4F3E73212EFC">
<createdBy>10151</createdBy>
<createdTime>2022-10-09 10:31:04 UTC</createdTime>
<generatorID>27ED20C2-9CE9-8A43-1590-E623F2007696</generatorID>
<ownerDesignName>DBhw3</ownerDesignName>
<use>0</use>
<logicalDatatype>LOGDT019</logicalDatatype>
<domain>2ACDA64B-917A-E7FA-7F58-5E68031E3E54</domain>
<ownDataTypeParameters>,,</ownDataTypeParameters>
<autoIncrementCycle>false</autoIncrementCycle>
</Column>
<Column name="faculty" id="8D0FC963-4B18-BE67-9D17-A82198724CAA">
<createdBy>10151</createdBy>
<createdTime>2022-10-09 10:31:04 UTC</createdTime>
<generatorID>6516AFA7-3A9F-E6AD-F391-0D5F53B68F84</generatorID>
<ownerDesignName>DBhw3</ownerDesignName>
<nullsAllowed>true</nullsAllowed>
<use>0</use>
<logicalDatatype>LOGDT025</logicalDatatype>
<domain>12EFC3C6-5690-FC5D-41A2-C86F86292C16</domain>
<ownDataTypeParameters>,,</ownDataTypeParameters>
<autoIncrementCycle>false</autoIncrementCycle>
</Column>
<Column name="Info" id="CC7F4C6E-3651-37CE-DC77-FB7551A84F74">
<createdBy>10151</createdBy>
<createdTime>2022-10-09 10:31:04 UTC</createdTime>
<generatorID>FFC4FD20-A713-2128-74E5-21C4E39BBCCF</generatorID>
<ownerDesignName>DBhw3</ownerDesignName>
<nullsAllowed>true</nullsAllowed>
<useDomainConstraints>false</useDomainConstraints>
<use>3</use>
<structuredType>18399519-299C-6112-E225-12903D3F086F</structuredType>
<ownDataTypeParameters>,,</ownDataTypeParameters>
<autoIncrementCycle>false</autoIncrementCycle>
</Column>
<Column name="department" id="8F086D0F-D3D8-FF81-8C15-9D05F698CADE">
<createdBy>10151</createdBy>
<createdTime>2022-10-09 10:31:04 UTC</createdTime>
<generatorID>8F05A2FC-E29F-D298-AF94-F7AB127EA244</generatorID>
<ownerDesignName>DBhw3</ownerDesignName>
<use>0</use>
<logicalDatatype>LOGDT025</logicalDatatype>
<domain>7DF8EF8A-CCCB-B4E3-3103-F9D4C766597C</domain>
<ownDataTypeParameters>,,</ownDataTypeParameters>
<previousColumn>false</previousColumn>
<autoIncrementCycle>false</autoIncrementCycle>
<associations>
<colAssociation fkAssociation="F7147231-EA9C-DD0C-5063-3FC87B8AEEF2" referredColumn="B1590006-9395-C3B3-DCEB-C78B9B8F1160"/>
</associations>
</Column>
<Column name="subDepartment" id="BD7BA4F4-6DBA-0C3A-F185-C8263DD1EB80">
<createdBy>10151</createdBy>
<createdTime>2022-10-09 10:31:04 UTC</createdTime>
<generatorID>A0520D7D-1706-8418-9D5F-E530EDD84F0B</generatorID>
<ownerDesignName>DBhw3</ownerDesignName>
<nullsAllowed>true</nullsAllowed>
<use>0</use>
<logicalDatatype>LOGDT025</logicalDatatype>
<domain>7DF8EF8A-CCCB-B4E3-3103-F9D4C766597C</domain>
<ownDataTypeParameters>,,</ownDataTypeParameters>
<previousColumn>false</previousColumn>
<autoIncrementCycle>false</autoIncrementCycle>
<associations>
<colAssociation fkAssociation="928224FD-AE8C-ACE7-1635-C1D99365CC96" referredColumn="B1590006-9395-C3B3-DCEB-C78B9B8F1160"/>
</associations>
</Column>
</columns>
<nestedColumns itemClass="oracle.dbtools.crest.model.design.relational.Column">
<nestedColumn name="Info.name" id="518467CB-0A0F-3B91-FEFD-4E37B0AD71A9">
<createdBy>10151</createdBy>
<createdTime>2022-10-09 10:31:04 UTC</createdTime>
<generatorID>34B1B9A9-F63D-C710-800F-1F5DCF9248C3</generatorID>
<ownerDesignName>DBhw3</ownerDesignName>
<nullsAllowed>true</nullsAllowed>
<parentObject>CC7F4C6E-3651-37CE-DC77-FB7551A84F74</parentObject>
<structAttributeID>AC472BD3-73AE-9173-8D84-8609A2FA66FD</structAttributeID>
<use>0</use>
<logicalDatatype>LOGDT025</logicalDatatype>
<dataTypeSize>100</dataTypeSize>
<domain>7DF8EF8A-CCCB-B4E3-3103-F9D4C766597C</domain>
<ownDataTypeParameters>100,,</ownDataTypeParameters>
<autoIncrementCycle>false</autoIncrementCycle>
</nestedColumn>
<nestedColumn name="Info.home_address" id="B4AE440C-825B-2CBD-1B56-EB1D289A6C14">
<createdBy>10151</createdBy>
<createdTime>2022-10-09 10:31:04 UTC</createdTime>
<generatorID>26E9A054-13BB-5BD6-EEF2-0948BE4CE48B</generatorID>
<ownerDesignName>DBhw3</ownerDesignName>
<nullsAllowed>true</nullsAllowed>
<parentObject>CC7F4C6E-3651-37CE-DC77-FB7551A84F74</parentObject>
<structAttributeID>EB71E758-32D1-708B-D272-19C33C7746A2</structAttributeID>
<use>0</use>
<logicalDatatype>LOGDT024</logicalDatatype>
<dataTypeSize>255</dataTypeSize>
<domain>179C8B52-4E13-3A5B-4954-C2F3631B29B3</domain>
<ownDataTypeParameters>255,,</ownDataTypeParameters>
<autoIncrementCycle>false</autoIncrementCycle>
</nestedColumn>
<nestedColumn name="Info.callNo" id="093216DC-D5A5-EBE0-D2C9-51BEF2DFA4FE">
<createdBy>10151</createdBy>
<createdTime>2022-10-09 10:31:04 UTC</createdTime>
<generatorID>F2C47304-A4B3-68FB-24C9-C623D4CA5A79</generatorID>
<ownerDesignName>DBhw3</ownerDesignName>
<nullsAllowed>true</nullsAllowed>
<parentObject>CC7F4C6E-3651-37CE-DC77-FB7551A84F74</parentObject>
<structAttributeID>02CE4C64-20DE-563B-1C0A-D0E9D46C00A6</structAttributeID>
<useDomainConstraints>false</useDomainConstraints>
<use>3</use>
<structuredType>D25AEFE8-B865-C10D-85F2-87406AC32312</structuredType>
<ownDataTypeParameters>,,</ownDataTypeParameters>
<autoIncrementCycle>false</autoIncrementCycle>
</nestedColumn>
<nestedColumn name="Info.callNo.phoneno" id="904C44B2-B9D3-4D69-BDF2-4B10BC9FED3F">
<createdBy>10151</createdBy>
<createdTime>2022-10-09 10:31:04 UTC</createdTime>
<generatorID>A1CD354E-93B7-BD49-F62B-557F08D91B8A</generatorID>
<ownerDesignName>DBhw3</ownerDesignName>
<nullsAllowed>true</nullsAllowed>
<parentObject>093216DC-D5A5-EBE0-D2C9-51BEF2DFA4FE</parentObject>
<structAttributeID>F3A8D513-DAF0-00B7-1A0F-3D866B0EA1BA</structAttributeID>
<use>0</use>
<logicalDatatype>LOGDT025</logicalDatatype>
<dataTypeSize>13</dataTypeSize>
<domain>34687D4A-E842-786D-6682-BEE0EBE91E67</domain>
<ownDataTypeParameters>13,,</ownDataTypeParameters>
<autoIncrementCycle>false</autoIncrementCycle>
</nestedColumn>
<nestedColumn name="Info.callNo.homeno" id="692A226F-52E2-71E2-2E02-65E461C17154">
<createdBy>10151</createdBy>
<createdTime>2022-10-09 10:31:04 UTC</createdTime>
<generatorID>3C8E0277-67C3-5717-3484-F4F5F2579976</generatorID>
<ownerDesignName>DBhw3</ownerDesignName>
<nullsAllowed>true</nullsAllowed>
<parentObject>093216DC-D5A5-EBE0-D2C9-51BEF2DFA4FE</parentObject>
<structAttributeID>9914DCF7-9BFF-CDC5-4227-15EFA9619C42</structAttributeID>
<use>0</use>
<logicalDatatype>LOGDT025</logicalDatatype>
<dataTypeSize>13</dataTypeSize>
<domain>4430E4CB-67B0-B78D-958C-8CB137EE0380</domain>
<ownDataTypeParameters>13,,</ownDataTypeParameters>
<autoIncrementCycle>false</autoIncrementCycle>
</nestedColumn>
<nestedColumn name="Info.callNo.workpaceno" id="E9EAB746-A8BF-65FA-EBFB-AA75C82EA745">
<createdBy>10151</createdBy>
<createdTime>2022-10-09 10:31:04 UTC</createdTime>
<generatorID>12FA75FA-87F8-3090-1AC6-82A9C89BD82C</generatorID>
<ownerDesignName>DBhw3</ownerDesignName>
<nullsAllowed>true</nullsAllowed>
<parentObject>093216DC-D5A5-EBE0-D2C9-51BEF2DFA4FE</parentObject>
<structAttributeID>D5E7BC89-85C6-DE78-3B00-1A82BC399A4E</structAttributeID>
<use>0</use>
<logicalDatatype>LOGDT025</logicalDatatype>
<dataTypeSize>13</dataTypeSize>
<domain>5D9783D4-DD43-F17A-F7A6-FCD18043568A</domain>
<ownDataTypeParameters>13,,</ownDataTypeParameters>
<autoIncrementCycle>false</autoIncrementCycle>
</nestedColumn>
</nestedColumns>
<indexes itemClass="oracle.dbtools.crest.model.design.relational.Index">
<ind_PK_UK id="5F6F0208-A280-C581-C5D2-0BE6EC570C24" name="Student_PK">
<createdBy>10151</createdBy>
<createdTime>2022-10-09 10:31:04 UTC</createdTime>
<generatorID>9F718E0F-B73A-6866-D6E9-F14839F58821</generatorID>
<ownerDesignName>DBhw3</ownerDesignName>
<pk>true</pk>
<indexState>Primary Constraint</indexState>
<isSurrogateKey>false</isSurrogateKey>
<indexColumnUsage>
<colUsage columnID="DA6B2F2D-6F39-8646-F40E-4F3E73212EFC"/>
</indexColumnUsage>
</ind_PK_UK>
<ind_PK_UK id="C1DE64AA-C2B8-910D-A19D-5FA2E8D29857" name="belong">
<createdBy>10151</createdBy>
<createdTime>2022-10-09 10:31:04 UTC</createdTime>
<generatorID>0E8B4D5D-77C2-D7A8-FFAE-D0B04E39B382</generatorID>
<ownerDesignName>DBhw3</ownerDesignName>
<indexState>Foreign Key</indexState>
<isSurrogateKey>false</isSurrogateKey>
<indexColumnUsage>
<colUsage columnID="8F086D0F-D3D8-FF81-8C15-9D05F698CADE"/>
</indexColumnUsage>
</ind_PK_UK>
<ind_PK_UK id="5B0CC1FD-F277-5096-D733-A826E38EE9EA" name="sub_department">
<createdBy>10151</createdBy>
<createdTime>2022-10-09 10:31:04 UTC</createdTime>
<generatorID>81A27580-0055-452D-AADF-06E2FD4CE51E</generatorID>
<ownerDesignName>DBhw3</ownerDesignName>
<indexState>Foreign Key</indexState>
<isSurrogateKey>false</isSurrogateKey>
<indexColumnUsage>
<colUsage columnID="BD7BA4F4-6DBA-0C3A-F185-C8263DD1EB80"/>
</indexColumnUsage>
</ind_PK_UK>
</indexes>
</Table>