<?xml version = '1.0' encoding = 'UTF-8'?>
<Diagram class="oracle.dbtools.crest.swingui.relational.DPVRelational" name="Relational_1" id="D0B9B4AB-D5E1-17B2-08DC-B9FF85A40F79">
<createdBy>10151</createdBy>
<modifiedBy>10151</modifiedBy>
<createdTime>2022-10-08 13:51:33 UTC</createdTime>
<autoRoute>false</autoRoute>
<boxInbox>true</boxInbox>
<showLegend>false</showLegend>
<showLabels>false</showLabels>
<showRelAttributes>false</showRelAttributes>
<gridEnabled>false</gridEnabled>
<showGrid>false</showGrid>
<diagramColor>-1</diagramColor>
<display>false</display>
<notation>1</notation>
<objectViews>
<OView class="oracle.dbtools.crest.swingui.relational.TVTable" oid="225A85C8-ABE7-40D7-F7CF-FCB27910C908" otype="Table" vid="2146383A-1779-41A8-ECFD-0E9E156B02F6">
<hideElementsInCurrentOnly>false</hideElementsInCurrentOnly>
<bounds x="611" y="577" width="171" height="148"/>
</OView>
<OView class="oracle.dbtools.crest.swingui.relational.TVTable" oid="6DDA2586-B550-9DB1-AAA8-043779675B79" otype="Table" vid="87171C65-FAD8-F95A-60DF-64B9800E297B">
<hideElementsInCurrentOnly>false</hideElementsInCurrentOnly>
<bounds x="728" y="221" width="184" height="204"/>
</OView>
<OView class="oracle.dbtools.crest.swingui.relational.TVTable" oid="72A6BD11-4B07-E1D4-579A-A5C4DFED5367" otype="Table" vid="983B6C6D-B4E7-1856-4854-277C406F85F8">
<hideElementsInCurrentOnly>false</hideElementsInCurrentOnly>
<bounds x="981" y="604" width="200" height="204"/>
</OView>
<OView class="oracle.dbtools.crest.swingui.relational.TVTable" oid="8334844F-3AC5-8637-BB84-818E3A534788" otype="Table" vid="AEA7C95B-257D-1B14-61B4-8D8E86801E19">
<hideElementsInCurrentOnly>false</hideElementsInCurrentOnly>
<bounds x="21" y="326" width="235" height="197"/>
</OView>
<OView class="oracle.dbtools.crest.swingui.relational.TVTable" oid="851F1C0B-70F2-5F5C-815A-5D39C297B085" otype="Table" vid="9A137EEB-357E-5A0A-9871-6E4599B5CC92">
<hideElementsInCurrentOnly>false</hideElementsInCurrentOnly>
<bounds x="963" y="218" width="225" height="208"/>
</OView>
<OView class="oracle.dbtools.crest.swingui.relational.TVTable" oid="870C29FA-D60C-9E88-98DB-32948A17354A" otype="Table" vid="1A8C28EB-9759-00D0-4085-7C463C0DCDAC">
<hideElementsInCurrentOnly>false</hideElementsInCurrentOnly>
<bounds x="312" y="413" width="259" height="189"/>
</OView>
<OView class="oracle.dbtools.crest.swingui.relational.TVTable" oid="8AFE6D14-632D-27EC-265B-921592ACD462" otype="Table" vid="7FF8EE87-2D33-6462-96E5-0CA01D7576D0">
<hideElementsInCurrentOnly>false</hideElementsInCurrentOnly>
<bounds x="123" y="32" width="246" height="214"/>
</OView>
<OView class="oracle.dbtools.crest.swingui.relational.TVTable" oid="965BE631-65B4-200E-5F41-CEDD814BFBF8" otype="Table" vid="F76864D1-B153-7190-8BBF-0F403C4038BC">
<hideElementsInCurrentOnly>false</hideElementsInCurrentOnly>
<bounds x="300" y="262" width="313" height="133"/>
</OView>
<OView class="oracle.dbtools.crest.swingui.relational.TVTable" oid="9A11BA53-48B0-C873-5A12-32946400C26B" otype="Table" vid="F18DBA79-0EBF-A733-57C5-E94225DA44E4">
<hideElementsInCurrentOnly>false</hideElementsInCurrentOnly>
<bounds x="713" y="28" width="275" height="121"/>
</OView>
<OView class="oracle.dbtools.crest.swingui.relational.TVView" oid="CFDC20F0-D30B-E43A-55F5-0FF0CFE77FE5" otype="View" vid="60B555AB-3395-5365-C310-7D4A9A9C024B">
<hideElementsInCurrentOnly>false</hideElementsInCurrentOnly>
<bounds x="1225" y="419" width="207" height="162"/>
</OView>
<OView class="oracle.dbtools.crest.swingui.relational.TVTable" oid="E202457F-F476-D8ED-9909-07D620EA79CE" otype="Table" vid="84AFF303-1968-3FC9-0862-9F2342AC6F15">
<hideElementsInCurrentOnly>false</hideElementsInCurrentOnly>
<bounds x="262" y="613" width="288" height="207"/>
</OView>
<OView class="oracle.dbtools.crest.swingui.relational.TVView" oid="E86EB3BB-B5E7-500C-10D9-E1CD2B30041C" otype="View" vid="F3BD944A-C262-661B-BE73-F3DC1A8AE24E">
<hideElementsInCurrentOnly>false</hideElementsInCurrentOnly>
<bounds x="1228" y="224" width="217" height="154"/>
</OView>
<OView class="oracle.dbtools.crest.swingui.relational.TVView" oid="FB6D6421-2485-F294-26DB-54128EF6B0DD" otype="View" vid="CC61D61B-33BA-2845-E50B-0A92A7B42864">
<hideElementsInCurrentOnly>false</hideElementsInCurrentOnly>
<bounds x="1219" y="62" width="203" height="141"/>
</OView>
</objectViews>
<connectors>
<Connector class="oracle.dbtools.crest.swingui.relational.TVFKRelation" oid="0BA26570-F25E-A7AD-8E64-9C178062E89A" otype="FKIndexAssociation" vid_source="983B6C6D-B4E7-1856-4854-277C406F85F8" vid_target="87171C65-FAD8-F95A-60DF-64B9800E297B">
<hideElementsInCurrentOnly>false</hideElementsInCurrentOnly>
<backgroundColor>-16777216</backgroundColor>
<lineWidth>1</lineWidth>
<points>
<point x="981" y="771"/>
<point x="867" y="771"/>
<point x="867" y="425"/>
</points>
</Connector>
<Connector class="oracle.dbtools.crest.swingui.relational.TVFKRelation" oid="0E4FBEA5-35C0-E938-0859-27C9EED7EAFB" otype="FKIndexAssociation" vid_source="7FF8EE87-2D33-6462-96E5-0CA01D7576D0" vid_target="87171C65-FAD8-F95A-60DF-64B9800E297B">
<hideElementsInCurrentOnly>false</hideElementsInCurrentOnly>
<backgroundColor>-16777216</backgroundColor>
<lineWidth>1</lineWidth>
<points>
<point x="369" y="173"/>
<point x="854" y="173"/>
<point x="854" y="221"/>
</points>
</Connector>
<Connector class="oracle.dbtools.crest.swingui.relational.TVFKRelation" oid="101FFCC5-CA6A-960D-BD7D-4168D99D09DB" otype="FKIndexAssociation" vid_source="7FF8EE87-2D33-6462-96E5-0CA01D7576D0" vid_target="AEA7C95B-257D-1B14-61B4-8D8E86801E19">
<hideElementsInCurrentOnly>false</hideElementsInCurrentOnly>
<backgroundColor>-16777216</backgroundColor>
<lineWidth>1</lineWidth>
<points>
<point x="123" y="173"/>
<point x="64" y="173"/>
<point x="64" y="326"/>
</points>
</Connector>
<Connector class="oracle.dbtools.crest.swingui.relational.TVFKRelation" oid="2FB422E1-08B7-33B9-48EE-1A80D6FF58AE" otype="FKIndexAssociation" vid_source="1A8C28EB-9759-00D0-4085-7C463C0DCDAC" vid_target="9A137EEB-357E-5A0A-9871-6E4599B5CC92">
<hideElementsInCurrentOnly>false</hideElementsInCurrentOnly>
<backgroundColor>-16777216</backgroundColor>
<lineWidth>1</lineWidth>
<points>
<point x="571" y="471"/>
<point x="1022" y="471"/>
<point x="1022" y="426"/>
</points>
</Connector>
<Connector class="oracle.dbtools.crest.swingui.relational.TVFKRelation" oid="4653CC7A-9ABD-698A-DA75-AE299235677E" otype="FKIndexAssociation" vid_source="9A137EEB-357E-5A0A-9871-6E4599B5CC92" vid_target="87171C65-FAD8-F95A-60DF-64B9800E297B">
<hideElementsInCurrentOnly>false</hideElementsInCurrentOnly>
<backgroundColor>-16777216</backgroundColor>
<lineWidth>1</lineWidth>
<points>
<point x="963" y="323"/>
<point x="912" y="323"/>
</points>
</Connector>
<Connector class="oracle.dbtools.crest.swingui.relational.TVFKRelation" oid="57584EE3-2CDF-6A5E-F615-2AD74B5406D1" otype="FKIndexAssociation" vid_source="87171C65-FAD8-F95A-60DF-64B9800E297B" vid_target="F76864D1-B153-7190-8BBF-0F403C4038BC">
<hideElementsInCurrentOnly>false</hideElementsInCurrentOnly>
<backgroundColor>-16777216</backgroundColor>
<lineWidth>1</lineWidth>
<points>
<point x="728" y="328"/>
<point x="613" y="328"/>
</points>
</Connector>
<Connector class="oracle.dbtools.crest.swingui.relational.TVFKRelation" oid="57BCD7C4-6FE3-EF35-F00B-A4EE5030B87C" otype="FKIndexAssociation" vid_source="9A137EEB-357E-5A0A-9871-6E4599B5CC92" vid_target="F18DBA79-0EBF-A733-57C5-E94225DA44E4">
<hideElementsInCurrentOnly>false</hideElementsInCurrentOnly>
<backgroundColor>-16777216</backgroundColor>
<lineWidth>1</lineWidth>
<points>
<point x="975" y="218"/>
<point x="975" y="149"/>
</points>
</Connector>
<Connector class="oracle.dbtools.crest.swingui.relational.TVFKRelation" oid="63BD1B7A-0725-915A-7366-6A340D81132E" otype="FKIndexAssociation" vid_source="9A137EEB-357E-5A0A-9871-6E4599B5CC92" vid_target="1A8C28EB-9759-00D0-4085-7C463C0DCDAC">
<hideElementsInCurrentOnly>false</hideElementsInCurrentOnly>
<backgroundColor>-16777216</backgroundColor>
<lineWidth>1</lineWidth>
<points>
<point x="1053" y="426"/>
<point x="1053" y="528"/>
<point x="571" y="528"/>
</points>
</Connector>
<Connector class="oracle.dbtools.crest.swingui.relational.TVFKRelation" oid="70CB1929-97C1-0B55-5262-5BE2FE231F87" otype="FKIndexAssociation" vid_source="84AFF303-1968-3FC9-0862-9F2342AC6F15" vid_target="87171C65-FAD8-F95A-60DF-64B9800E297B">
<hideElementsInCurrentOnly>false</hideElementsInCurrentOnly>
<backgroundColor>-16777216</backgroundColor>
<lineWidth>1</lineWidth>
<points>
<point x="550" y="771"/>
<point x="832" y="771"/>
<point x="832" y="425"/>
</points>
</Connector>
<Connector class="oracle.dbtools.crest.swingui.relational.TVFKRelation" oid="82E3AD6C-98E3-F62D-BC71-407B6D7CDF94" otype="FKIndexAssociation" vid_source="AEA7C95B-257D-1B14-61B4-8D8E86801E19" vid_target="1A8C28EB-9759-00D0-4085-7C463C0DCDAC">
<hideElementsInCurrentOnly>false</hideElementsInCurrentOnly>
<backgroundColor>-16777216</backgroundColor>
<lineWidth>1</lineWidth>
<points>
<point x="256" y="483"/>
<point x="312" y="483"/>
</points>
</Connector>
<Connector class="oracle.dbtools.crest.swingui.relational.TVFKRelation" oid="CA74A4CE-B041-A25D-4929-F8FAC9FE88D0" otype="FKIndexAssociation" vid_source="7FF8EE87-2D33-6462-96E5-0CA01D7576D0" vid_target="F18DBA79-0EBF-A733-57C5-E94225DA44E4">
<hideElementsInCurrentOnly>false</hideElementsInCurrentOnly>
<backgroundColor>-16777216</backgroundColor>
<lineWidth>1</lineWidth>
<points>
<point x="369" y="93"/>
<point x="497" y="93"/>
<point x="713" y="93"/>
</points>
</Connector>
<Connector class="oracle.dbtools.crest.swingui.relational.TVFKRelation" oid="D457CE81-FF50-74E7-9C80-765D8ECF9CEE" otype="FKIndexAssociation" vid_source="2146383A-1779-41A8-ECFD-0E9E156B02F6" vid_target="F76864D1-B153-7190-8BBF-0F403C4038BC">
<hideElementsInCurrentOnly>false</hideElementsInCurrentOnly>
<backgroundColor>-16777216</backgroundColor>
<lineWidth>1</lineWidth>
<points>
<point x="699" y="577"/>
<point x="699" y="352"/>
<point x="613" y="352"/>
</points>
</Connector>
<Connector class="oracle.dbtools.crest.swingui.relational.TVFKRelation" oid="E122F171-2E94-563D-FB73-97024DD52EAE" otype="FKIndexAssociation" vid_source="AEA7C95B-257D-1B14-61B4-8D8E86801E19" vid_target="84AFF303-1968-3FC9-0862-9F2342AC6F15">
<hideElementsInCurrentOnly>false</hideElementsInCurrentOnly>
<backgroundColor>-16777216</backgroundColor>
<lineWidth>1</lineWidth>
<points>
<point x="190" y="523"/>
<point x="190" y="700"/>
<point x="262" y="700"/>
</points>
</Connector>
<Connector class="oracle.dbtools.crest.swingui.relational.TVFKRelation" oid="F8AFBE31-E1EA-0DE1-0173-5FAE0C59B8DC" otype="FKIndexAssociation" vid_source="AEA7C95B-257D-1B14-61B4-8D8E86801E19" vid_target="7FF8EE87-2D33-6462-96E5-0CA01D7576D0">
<hideElementsInCurrentOnly>false</hideElementsInCurrentOnly>
<backgroundColor>-16777216</backgroundColor>
<lineWidth>1</lineWidth>
<points>
<point x="154" y="326"/>
<point x="154" y="317"/>
<point x="154" y="246"/>
</points>
</Connector>
<Connector class="oracle.dbtools.crest.swingui.relational.TVFKRelation" oid="FDE4820C-76A8-B730-AD50-90F3296E6EFD" otype="FKIndexAssociation" vid_source="AEA7C95B-257D-1B14-61B4-8D8E86801E19" vid_target="84AFF303-1968-3FC9-0862-9F2342AC6F15">
<hideElementsInCurrentOnly>false</hideElementsInCurrentOnly>
<backgroundColor>-16777216</backgroundColor>
<lineWidth>1</lineWidth>
<points>
<point x="87" y="523"/>
<point x="87" y="775"/>
<point x="262" y="775"/>
</points>
</Connector>
</connectors>
</Diagram>