<?xml version = '1.0' encoding = 'UTF-8'?>
<Relation class="oracle.dbtools.crest.model.design.logical.Relation" name="Produced" directorySegmentName="seg_0" id="0E076128-F2E4-4172-600C-8171A1114380">
<createdBy>10151</createdBy>
<createdTime>2022-09-18 06:09:29 UTC</createdTime>
<ownerDesignName>DBhw1</ownerDesignName>
<engineerTo>
<item key="C2189DB5-09DB-9ECC-4D15-485A8A5B218A" value="true"/>
</engineerTo>
<sourcePk>9153B3FF-C1A8-C083-CF39-8C95357A5E10</sourcePk>
<identifying>false</identifying>
<optionalSource>true</optionalSource>
<optionalTarget>false</optionalTarget>
<sourceCardinality>1</sourceCardinality>
<sourceEntity>28F076FF-B415-FE77-D1D5-5B9E1785409A</sourceEntity>
<targetCardinalityString>*</targetCardinalityString>
<targetEntity>06B04198-77D2-D5E2-F909-5F28F56B0BE3</targetEntity>
<transferable>true</transferable>
<deleteRule>NO ACTION</deleteRule>
</Relation>