<?xml version = '1.0' encoding = 'UTF-8'?>
<Relation class="oracle.dbtools.crest.model.design.logical.Relation" name="Phone_Of_Studio" directorySegmentName="seg_0" id="2F2A6AB4-C078-CDFA-CFFA-008F2C2AC388">
<createdBy>10151</createdBy>
<createdTime>2022-09-18 08:25:10 UTC</createdTime>
<ownerDesignName>DBhw1</ownerDesignName>
<engineerTo>
<item key="C2189DB5-09DB-9ECC-4D15-485A8A5B218A" value="true"/>
</engineerTo>
<sourcePk>0CE33443-A7CD-1189-2602-DB2C7EBBB33E</sourcePk>
<identifying>false</identifying>
<optionalSource>false</optionalSource>
<optionalTarget>true</optionalTarget>
<sourceCardinality>1</sourceCardinality>
<sourceEntity>2B6C8937-53BB-FC7F-17DF-AEBDCBD1380C</sourceEntity>
<targetCardinalityString>*</targetCardinalityString>
<targetEntity>05CCED74-1FE0-300C-945B-18EA4CED7D60</targetEntity>
<transferable>true</transferable>
<deleteRule>NO ACTION</deleteRule>
</Relation>