<?xml version = '1.0' encoding = 'UTF-8'?>
<Relation class="oracle.dbtools.crest.model.design.logical.Relation" name="StarsIn" directorySegmentName="seg_0" id="3D51980F-D0D3-79F4-F153-A7987EE1BE95">
<createdBy>10151</createdBy>
<createdTime>2022-09-18 06:00:37 UTC</createdTime>
<ownerDesignName>DBhw1</ownerDesignName>
<engineerTo>
<item key="C2189DB5-09DB-9ECC-4D15-485A8A5B218A" value="true"/>
</engineerTo>
<identifying>false</identifying>
<optionalSource>true</optionalSource>
<optionalTarget>true</optionalTarget>
<sourceCardinality>*</sourceCardinality>
<sourceEntity>06B04198-77D2-D5E2-F909-5F28F56B0BE3</sourceEntity>
<targetCardinalityString>*</targetCardinalityString>
<targetEntity>2CF5A7F5-93FF-63D0-A8D1-64BB1F6D83D7</targetEntity>
<transferable>true</transferable>
<deleteRule>NO ACTION</deleteRule>
</Relation>