<?xml version = '1.0' encoding = 'UTF-8'?>
<Relation class="oracle.dbtools.crest.model.design.logical.Relation" name="Spouse" directorySegmentName="seg_0" id="549153CB-753E-BCCC-5A15-1F484950B01E">
<createdBy>10151</createdBy>
<createdTime>2022-09-18 07:55:53 UTC</createdTime>
<ownerDesignName>DBhw1</ownerDesignName>
<engineerTo>
<item key="C2189DB5-09DB-9ECC-4D15-485A8A5B218A" value="true"/>
</engineerTo>
<sourcePk>726625F5-9A33-4F34-3255-72E75D075B6C</sourcePk>
<targetPk>C66FCA45-CE20-198D-F73B-8166D9C8974B</targetPk>
<identifying>false</identifying>
<optionalSource>true</optionalSource>
<optionalTarget>true</optionalTarget>
<sourceCardinality>1</sourceCardinality>
<sourceEntity>2CF5A7F5-93FF-63D0-A8D1-64BB1F6D83D7</sourceEntity>
<targetCardinalityString>1</targetCardinalityString>
<targetEntity>28F076FF-B415-FE77-D1D5-5B9E1785409A</targetEntity>
<transferable>true</transferable>
<deleteRule>NO ACTION</deleteRule>
</Relation>