<?xml version = '1.0' encoding = 'UTF-8'?>
<Relation class="oracle.dbtools.crest.model.design.logical.Relation" name="Owns" directorySegmentName="seg_0" id="7B0AA09B-2AC9-ECB1-BD81-009BC41B9958">
<createdBy>10151</createdBy>
<createdTime>2022-09-18 06:11:25 UTC</createdTime>
<ownerDesignName>DBhw1</ownerDesignName>
<engineerTo>
<item key="C2189DB5-09DB-9ECC-4D15-485A8A5B218A" value="true"/>
</engineerTo>
<sourcePk>0CE33443-A7CD-1189-2602-DB2C7EBBB33E</sourcePk>
<identifying>false</identifying>
<optionalSource>true</optionalSource>
<optionalTarget>false</optionalTarget>
<sourceCardinality>1</sourceCardinality>
<sourceEntity>2B6C8937-53BB-FC7F-17DF-AEBDCBD1380C</sourceEntity>
<targetCardinalityString>*</targetCardinalityString>
<targetEntity>06B04198-77D2-D5E2-F909-5F28F56B0BE3</targetEntity>
<transferable>true</transferable>
<deleteRule>NO ACTION</deleteRule>
</Relation>