<?xml version = '1.0' encoding = 'UTF-8'?>
<Relation class="oracle.dbtools.crest.model.design.logical.Relation" name="Phone_Of_MvEx" directorySegmentName="seg_0" id="82C15CC8-6002-82B5-8561-BE7A0EA6F846">
<createdBy>10151</createdBy>
<createdTime>2022-09-18 08:26:18 UTC</createdTime>
<ownerDesignName>DBhw1</ownerDesignName>
<engineerTo>
<item key="C2189DB5-09DB-9ECC-4D15-485A8A5B218A" value="true"/>
</engineerTo>
<sourcePk>C66FCA45-CE20-198D-F73B-8166D9C8974B</sourcePk>
<identifying>false</identifying>
<optionalSource>false</optionalSource>
<optionalTarget>true</optionalTarget>
<sourceCardinality>1</sourceCardinality>
<sourceEntity>28F076FF-B415-FE77-D1D5-5B9E1785409A</sourceEntity>
<targetCardinalityString>*</targetCardinalityString>
<targetEntity>05CCED74-1FE0-300C-945B-18EA4CED7D60</targetEntity>
<transferable>true</transferable>
<deleteRule>NO ACTION</deleteRule>
</Relation>