<?xml version = '1.0' encoding = 'UTF-8'?>
<Relation class="oracle.dbtools.crest.model.design.logical.Relation" name="Relation_14" directorySegmentName="seg_0" id="90F2D661-D20A-735C-F3AE-BFC84AB7D6D5">
<createdBy>10151</createdBy>
<createdTime>2022-09-18 08:45:54 UTC</createdTime>
<ownerDesignName>DBhw1</ownerDesignName>
<engineerTo>
<item key="C2189DB5-09DB-9ECC-4D15-485A8A5B218A" value="true"/>
</engineerTo>
<sourcePk>726625F5-9A33-4F34-3255-72E75D075B6C</sourcePk>
<identifying>false</identifying>
<optionalSource>false</optionalSource>
<optionalTarget>true</optionalTarget>
<sourceCardinality>1</sourceCardinality>
<sourceEntity>2CF5A7F5-93FF-63D0-A8D1-64BB1F6D83D7</sourceEntity>
<targetCardinalityString>*</targetCardinalityString>
<targetEntity>6D90C3C8-B77E-8A52-AEE7-4DCA783CBC32</targetEntity>
<transferable>true</transferable>
<deleteRule>NO ACTION</deleteRule>
</Relation>