<?xml version = '1.0' encoding = 'UTF-8'?>
<Relation class="oracle.dbtools.crest.model.design.logical.Relation" name="President" directorySegmentName="seg_0" id="9DA471D2-83A2-8E5B-4719-5E5AD0E1B4F0">
<createdBy>10151</createdBy>
<createdTime>2022-09-18 06:13:54 UTC</createdTime>
<ownerDesignName>DBhw1</ownerDesignName>
<engineerTo>
<item key="C2189DB5-09DB-9ECC-4D15-485A8A5B218A" value="true"/>
</engineerTo>
<sourcePk>0CE33443-A7CD-1189-2602-DB2C7EBBB33E</sourcePk>
<targetPk>9153B3FF-C1A8-C083-CF39-8C95357A5E10</targetPk>
<identifying>false</identifying>
<optionalSource>false</optionalSource>
<optionalTarget>true</optionalTarget>
<sourceCardinality>*</sourceCardinality>
<sourceEntity>2B6C8937-53BB-FC7F-17DF-AEBDCBD1380C</sourceEntity>
<targetCardinalityString>1</targetCardinalityString>
<targetEntity>28F076FF-B415-FE77-D1D5-5B9E1785409A</targetEntity>
<transferable>true</transferable>
<deleteRule>NO ACTION</deleteRule>
</Relation>