<?xml version = '1.0' encoding = 'UTF-8'?>
<Diagram class="oracle.dbtools.crest.swingui.logical.DPVLogical" name="Logical" id="956825C5-32A9-6873-D8F1-D9DBDD3CFE04">
<createdBy>10151</createdBy>
<modifiedBy>10151</modifiedBy>
<createdTime>2022-09-29 14:01:39 UTC</createdTime>
<autoRoute>false</autoRoute>
<boxInbox>true</boxInbox>
<showLegend>false</showLegend>
<showLabels>false</showLabels>
<showRelAttributes>false</showRelAttributes>
<gridEnabled>false</gridEnabled>
<showGrid>false</showGrid>
<diagramColor>-1</diagramColor>
<display>false</display>
<notation>2</notation>
<objectViews>
<OView class="oracle.dbtools.crest.swingui.logical.TVEntity" oid="015E29F1-74E5-A2DE-2D75-4CE352F3590A" otype="Entity" vid="68914A0D-B642-9B19-70FF-B8EA51758E58">
<hideElementsInCurrentOnly>false</hideElementsInCurrentOnly>
<bounds x="1111" y="286" width="294" height="180"/>
</OView>
<OView class="oracle.dbtools.crest.swingui.logical.TVEntity" oid="1171CAA4-3035-D67D-7E1A-2639A790DF64" otype="Entity" vid="B2051FEA-3F69-B7A5-BA24-8D62C062E8F8">
<hideElementsInCurrentOnly>false</hideElementsInCurrentOnly>
<bounds x="426" y="429" width="304" height="137"/>
</OView>
<OView class="oracle.dbtools.crest.swingui.logical.TVEntity" oid="12C138CA-1440-61A7-E00C-D1E8862A4A27" otype="Entity" vid="1DDAC2B2-24B3-21BF-BAC8-32AC37FEEAE5">
<hideElementsInCurrentOnly>false</hideElementsInCurrentOnly>
<bounds x="1056" y="655" width="251" height="133"/>
</OView>
<OView class="oracle.dbtools.crest.swingui.logical.TVEntity" oid="162F48DF-3354-744D-F854-5D8FF909D98E" otype="Entity" vid="79AEA7CD-1D81-0C77-2A64-D3D52DB7A0B1">
<hideElementsInCurrentOnly>false</hideElementsInCurrentOnly>
<bounds x="853" y="548" width="159" height="148"/>
</OView>
<OView class="oracle.dbtools.crest.swingui.logical.TVEntity" oid="64DDCD74-5AAB-64BB-2B6F-34A1C0F79052" otype="Entity" vid="880CADB1-3436-CC0E-2ED1-13E0F978BF6B">
<hideElementsInCurrentOnly>false</hideElementsInCurrentOnly>
<bounds x="23" y="218" width="263" height="242"/>
</OView>
<OView class="oracle.dbtools.crest.swingui.logical.TVEntity" oid="99BB7528-E110-603D-A10B-7ED7A7EEA24D" otype="Entity" vid="5C6B25E1-F45F-0F3D-73EC-84E85B8E07DC">
<hideElementsInCurrentOnly>false</hideElementsInCurrentOnly>
<bounds x="816" y="288" width="240" height="178"/>
</OView>
<OView class="oracle.dbtools.crest.swingui.logical.TVEntity" oid="B5D7C31A-E0D0-F015-7B29-B1D2F3E3F6FE" otype="Entity" vid="77D61ED1-4A36-50BD-DA7A-9B74DDE78C82">
<hideElementsInCurrentOnly>false</hideElementsInCurrentOnly>
<bounds x="491" y="625" width="214" height="184"/>
</OView>
<OView class="oracle.dbtools.crest.swingui.logical.TVEntity" oid="C3ABFF17-5828-1E96-833A-B47876CB6682" otype="Entity" vid="D0BEEB1A-D059-34F1-70DB-9E06726509D7">
<hideElementsInCurrentOnly>false</hideElementsInCurrentOnly>
<bounds x="431" y="212" width="298" height="137"/>
</OView>
<OView class="oracle.dbtools.crest.swingui.logical.TVEntity" oid="D6F9C145-210A-4DD7-5B5B-29004962E6B9" otype="Entity" vid="53285118-5CA0-E473-4338-26B989ECF5BB">
<hideElementsInCurrentOnly>false</hideElementsInCurrentOnly>
<bounds x="424" y="28" width="302" height="157"/>
</OView>
</objectViews>
<connectors>
<Connector class="oracle.dbtools.crest.swingui.logical.TVRelation" oid="05A3DD91-281B-287A-9FD3-9C135A946D68" otype="Relation" vid_source="1DDAC2B2-24B3-21BF-BAC8-32AC37FEEAE5" vid_target="77D61ED1-4A36-50BD-DA7A-9B74DDE78C82">
<hideElementsInCurrentOnly>false</hideElementsInCurrentOnly>
<backgroundColor>-16777216</backgroundColor>
<lineWidth>1</lineWidth>
<points>
<point x="1056" y="738"/>
<point x="866" y="738"/>
<point x="705" y="738"/>
</points>
</Connector>
<Connector class="oracle.dbtools.crest.swingui.logical.TVRelation" oid="0B53C29F-B839-4A01-562B-8CE3F0AF546B" otype="Relation" vid_source="1DDAC2B2-24B3-21BF-BAC8-32AC37FEEAE5" vid_target="68914A0D-B642-9B19-70FF-B8EA51758E58">
<hideElementsInCurrentOnly>false</hideElementsInCurrentOnly>
<backgroundColor>-16777216</backgroundColor>
<lineWidth>1</lineWidth>
<points>
<point x="1177" y="655"/>
<point x="1177" y="622"/>
<point x="1177" y="466"/>
</points>
</Connector>
<Connector class="oracle.dbtools.crest.swingui.logical.TVRelation" oid="2A3F5BCF-027F-ECFE-6C2F-3BA5B96C7081" otype="Relation" vid_source="880CADB1-3436-CC0E-2ED1-13E0F978BF6B" vid_target="D0BEEB1A-D059-34F1-70DB-9E06726509D7">
<hideElementsInCurrentOnly>false</hideElementsInCurrentOnly>
<backgroundColor>-16777216</backgroundColor>
<lineWidth>1</lineWidth>
<points>
<point x="286" y="268"/>
<point x="431" y="268"/>
</points>
</Connector>
<Connector class="oracle.dbtools.crest.swingui.logical.TVRelation" oid="2FE1DCA3-4123-AE23-8753-3D2A8E2CB944" otype="Relation" vid_source="5C6B25E1-F45F-0F3D-73EC-84E85B8E07DC" vid_target="B2051FEA-3F69-B7A5-BA24-8D62C062E8F8">
<hideElementsInCurrentOnly>false</hideElementsInCurrentOnly>
<backgroundColor>-16777216</backgroundColor>
<lineWidth>1</lineWidth>
<points>
<point x="816" y="447"/>
<point x="764" y="447"/>
<point x="730" y="447"/>
</points>
</Connector>
<Connector class="oracle.dbtools.crest.swingui.logical.TVRelation" oid="452499E9-3F0E-04D1-2A0E-E8D3F8B91BA9" otype="Relation" vid_source="880CADB1-3436-CC0E-2ED1-13E0F978BF6B" vid_target="B2051FEA-3F69-B7A5-BA24-8D62C062E8F8">
<hideElementsInCurrentOnly>false</hideElementsInCurrentOnly>
<backgroundColor>-16777216</backgroundColor>
<lineWidth>1</lineWidth>
<points>
<point x="183" y="460"/>
<point x="183" y="534"/>
<point x="426" y="534"/>
</points>
</Connector>
<Connector class="oracle.dbtools.crest.swingui.logical.TVRelation" oid="77A57072-CC4E-359E-26E4-40CF0ACB7CAD" otype="Relation" vid_source="5C6B25E1-F45F-0F3D-73EC-84E85B8E07DC" vid_target="D0BEEB1A-D059-34F1-70DB-9E06726509D7">
<hideElementsInCurrentOnly>false</hideElementsInCurrentOnly>
<backgroundColor>-16777216</backgroundColor>
<lineWidth>1</lineWidth>
<points>
<point x="915" y="288"/>
<point x="915" y="252"/>
<point x="729" y="252"/>
</points>
</Connector>
<Connector class="oracle.dbtools.crest.swingui.logical.TVRelation" oid="91338536-7F0F-20F3-2DF5-BF0002A93325" otype="Relation" vid_source="5C6B25E1-F45F-0F3D-73EC-84E85B8E07DC" vid_target="79AEA7CD-1D81-0C77-2A64-D3D52DB7A0B1">
<hideElementsInCurrentOnly>false</hideElementsInCurrentOnly>
<backgroundColor>-16777216</backgroundColor>
<lineWidth>1</lineWidth>
<points>
<point x="932" y="466"/>
<point x="932" y="548"/>
</points>
</Connector>
<Connector class="oracle.dbtools.crest.swingui.logical.TVRelation" oid="AF551EB2-BF1E-B990-9E5C-D36F4A54D1AC" otype="Relation" vid_source="880CADB1-3436-CC0E-2ED1-13E0F978BF6B" vid_target="53285118-5CA0-E473-4338-26B989ECF5BB">
<hideElementsInCurrentOnly>false</hideElementsInCurrentOnly>
<backgroundColor>-16777216</backgroundColor>
<lineWidth>1</lineWidth>
<points>
<point x="176" y="218"/>
<point x="176" y="117"/>
<point x="424" y="117"/>
</points>
</Connector>
<Connector class="oracle.dbtools.crest.swingui.logical.TVRelation" oid="C0057F27-334A-B097-2798-7207D399D61D" otype="Relation" vid_source="53285118-5CA0-E473-4338-26B989ECF5BB" vid_target="68914A0D-B642-9B19-70FF-B8EA51758E58">
<hideElementsInCurrentOnly>false</hideElementsInCurrentOnly>
<backgroundColor>-16777216</backgroundColor>
<lineWidth>1</lineWidth>
<points>
<point x="726" y="117"/>
<point x="1176" y="117"/>
<point x="1176" y="286"/>
</points>
</Connector>
<Connector class="oracle.dbtools.crest.swingui.logical.TVRelation" oid="F07D7409-7A4F-C579-AF20-14101374E128" otype="Relation" vid_source="77D61ED1-4A36-50BD-DA7A-9B74DDE78C82" vid_target="79AEA7CD-1D81-0C77-2A64-D3D52DB7A0B1">
<hideElementsInCurrentOnly>false</hideElementsInCurrentOnly>
<backgroundColor>-16777216</backgroundColor>
<lineWidth>1</lineWidth>
<points>
<point x="705" y="660"/>
<point x="764" y="660"/>
<point x="853" y="660"/>
</points>
</Connector>
</connectors>
</Diagram>