<?xml version = '1.0' encoding = 'UTF-8'?>
<FKIndexAssociation class="oracle.dbtools.crest.model.design.relational.FKIndexAssociation" directorySegmentName="seg_0" id="020DABD3-C872-AA74-81BB-8FB910297C77" containerWithKeyObject="B8087E31-1912-706F-0296-26F60C04B717" localFKIndex="CCCFACAF-8A82-F55D-6315-61262D1C150D" name="assistant_to_subject">
<createdBy>10151</createdBy>
<createdTime>2022-10-09 10:31:04 UTC</createdTime>
<generatorID>3CB001BB-AA0D-4A0D-DA1C-8159E3E0B4D3</generatorID>
<ownerDesignName>DBhw3</ownerDesignName>
<referredTableLongName>assiatant</referredTableLongName>
<deleteRule>NO ACTION</deleteRule>
<referredTableID>D6461B20-19BF-9C53-CA30-87B84FBBDB36</referredTableID>
<keyObject>4BE146CE-43AF-9E6A-6D8B-5D24CE9B1B7B</keyObject>
<referredKeyID>4BE146CE-43AF-9E6A-6D8B-5D24CE9B1B7B</referredKeyID>
<mandatory>true</mandatory>
<refColNames>aNo</refColNames>
<transferable>true</transferable>
<rely>false</rely>
<columnDependencyConstraintGenerateInDDL>true</columnDependencyConstraintGenerateInDDL>
</FKIndexAssociation>