<?xml version = '1.0' encoding = 'UTF-8'?>
<FKIndexAssociation class="oracle.dbtools.crest.model.design.relational.FKIndexAssociation" directorySegmentName="seg_0" id="10E603DF-FA40-E875-D18B-0DD04980C673" containerWithKeyObject="B469F332-7C6D-B111-DA1A-6BC5D9CADB9B" localFKIndex="95DC1355-C9FA-2B40-82CC-AD500F7ADC19" name="belong_professor">
<createdBy>10151</createdBy>
<createdTime>2022-10-09 10:31:04 UTC</createdTime>
<generatorID>1C7FBABA-EC34-8D62-761D-504CE932CD45</generatorID>
<ownerDesignName>DBhw3</ownerDesignName>
<referredTableLongName>Department</referredTableLongName>
<deleteRule>NO ACTION</deleteRule>
<referredTableID>1C747D0E-86D1-64A5-756F-4F97A227C33D</referredTableID>
<keyObject>F747BBFE-6B49-346F-B59B-37DBC93E7626</keyObject>
<referredKeyID>F747BBFE-6B49-346F-B59B-37DBC93E7626</referredKeyID>
<mandatory>true</mandatory>
<refColNames>dName</refColNames>
<transferable>true</transferable>
<rely>false</rely>
<columnDependencyConstraintGenerateInDDL>true</columnDependencyConstraintGenerateInDDL>
</FKIndexAssociation>