<?xml version = '1.0' encoding = 'UTF-8'?>
<FKIndexAssociation class="oracle.dbtools.crest.model.design.relational.FKIndexAssociation" directorySegmentName="seg_0" id="1B3BCF2D-D53F-9314-827C-5FA09CA27FA0" containerWithKeyObject="20BF18D0-073C-D287-ED09-2D1AC88E3276" localFKIndex="4A37E27A-39FF-48B9-BAA0-AE0FE4530758" name="s_to_L">
<createdBy>10151</createdBy>
<createdTime>2022-10-09 10:31:04 UTC</createdTime>
<generatorID>A7AAA9CD-6AE5-C2F9-FB14-A5F4C468AE22</generatorID>
<ownerDesignName>DBhw3</ownerDesignName>
<referredTableLongName>Subject</referredTableLongName>
<deleteRule>NO ACTION</deleteRule>
<referredTableID>B8087E31-1912-706F-0296-26F60C04B717</referredTableID>
<keyObject>7B350B9F-18D0-E8B2-0358-6B00FDD9C5E3</keyObject>
<referredKeyID>7B350B9F-18D0-E8B2-0358-6B00FDD9C5E3</referredKeyID>
<mandatory>true</mandatory>
<refColNames>name</refColNames>
<transferable>true</transferable>
<rely>false</rely>
<columnDependencyConstraintGenerateInDDL>true</columnDependencyConstraintGenerateInDDL>
</FKIndexAssociation>