<?xml version = '1.0' encoding = 'UTF-8'?>
<FKIndexAssociation class="oracle.dbtools.crest.model.design.relational.FKIndexAssociation" directorySegmentName="seg_0" id="40CA1023-ABCA-31DF-7B4A-932BD5EED559" containerWithKeyObject="200A8BDF-D040-72BB-D2CE-01D201BA4217" localFKIndex="DFEB3011-4BA9-A2E1-B47B-A827E3DA07EF" name="Time_Lecture_FK">
<createdBy>10151</createdBy>
<createdTime>2022-10-09 10:31:04 UTC</createdTime>
<generatorID>8AD8D807-DC9A-2A88-7143-A6D7E9913D17</generatorID>
<ownerDesignName>DBhw3</ownerDesignName>
<referredTableLongName>Lecture</referredTableLongName>
<deleteRule>NO ACTION</deleteRule>
<referredTableID>20BF18D0-073C-D287-ED09-2D1AC88E3276</referredTableID>
<keyObject>0E0CE4F3-83E5-37DE-2FF2-2787680EFF38</keyObject>
<referredKeyID>0E0CE4F3-83E5-37DE-2FF2-2787680EFF38</referredKeyID>
<mandatory>true</mandatory>
<refColNames>sName</refColNames>
<transferable>true</transferable>
<rely>false</rely>
<columnDependencyConstraintGenerateInDDL>true</columnDependencyConstraintGenerateInDDL>
</FKIndexAssociation>