<?xml version = '1.0' encoding = 'UTF-8'?>
<FKIndexAssociation class="oracle.dbtools.crest.model.design.relational.FKIndexAssociation" directorySegmentName="seg_0" id="437A1A5D-562A-3866-1109-5E65CFBF32B7" containerWithKeyObject="D6461B20-19BF-9C53-CA30-87B84FBBDB36" localFKIndex="808A92C5-1301-B102-1A3E-5F788873F531" name="belong_assistant">
<createdBy>10151</createdBy>
<createdTime>2022-10-09 10:31:04 UTC</createdTime>
<generatorID>8E6231DD-F858-8A7B-7D4B-39C4BA8DF5BA</generatorID>
<ownerDesignName>DBhw3</ownerDesignName>
<referredTableLongName>Department</referredTableLongName>
<deleteRule>NO ACTION</deleteRule>
<referredTableID>1C747D0E-86D1-64A5-756F-4F97A227C33D</referredTableID>
<keyObject>F747BBFE-6B49-346F-B59B-37DBC93E7626</keyObject>
<referredKeyID>F747BBFE-6B49-346F-B59B-37DBC93E7626</referredKeyID>
<mandatory>true</mandatory>
<refColNames>dName</refColNames>
<transferable>true</transferable>
<rely>false</rely>
<columnDependencyConstraintGenerateInDDL>true</columnDependencyConstraintGenerateInDDL>
</FKIndexAssociation>