<?xml version = '1.0' encoding = 'UTF-8'?>
<FKIndexAssociation class="oracle.dbtools.crest.model.design.relational.FKIndexAssociation" directorySegmentName="seg_0" id="5CDA9A09-BD28-631E-D95B-32702B78E914" containerWithKeyObject="20BF18D0-073C-D287-ED09-2D1AC88E3276" localFKIndex="096216B3-4758-097B-580C-9376CD80D039" name="learning_room">
<createdBy>10151</createdBy>
<createdTime>2022-10-09 10:31:04 UTC</createdTime>
<generatorID>9E888931-2615-55B8-C635-0A3693A0D63E</generatorID>
<ownerDesignName>DBhw3</ownerDesignName>
<referredTableLongName>Room</referredTableLongName>
<deleteRule>NO ACTION</deleteRule>
<referredTableID>B7CF0EF3-9B2E-D647-5A30-9DB58FDF32E8</referredTableID>
<keyObject>D6B6BD35-66C5-91C7-DF5D-CAFD293B732E</keyObject>
<referredKeyID>D6B6BD35-66C5-91C7-DF5D-CAFD293B732E</referredKeyID>
<mandatory>true</mandatory>
<refColNames>rNO,buildingname</refColNames>
<transferable>true</transferable>
<rely>false</rely>
<columnDependencyConstraintGenerateInDDL>true</columnDependencyConstraintGenerateInDDL>
</FKIndexAssociation>