<?xml version = '1.0' encoding = 'UTF-8'?>
<FKIndexAssociation class="oracle.dbtools.crest.model.design.relational.FKIndexAssociation" directorySegmentName="seg_0" id="6A0B966A-5A13-5AA1-76B9-C97ED2171492" containerWithKeyObject="200A8BDF-D040-72BB-D2CE-01D201BA4217" localFKIndex="C3CBA910-A23D-B8F0-5CB9-40E27B82AE5A" name="Time_Lecture_time_FK">
<createdBy>10151</createdBy>
<createdTime>2022-10-09 10:31:04 UTC</createdTime>
<generatorID>8AD8D807-DC9A-2A88-7143-A6D7E9913D17</generatorID>
<ownerDesignName>DBhw3</ownerDesignName>
<referredTableLongName>Lecture_time</referredTableLongName>
<deleteRule>NO ACTION</deleteRule>
<referredTableID>88EC634B-63D9-945C-3D67-C79A24B4B4FD</referredTableID>
<keyObject>577C7260-AD24-BAD6-78C5-15703F902452</keyObject>
<referredKeyID>577C7260-AD24-BAD6-78C5-15703F902452</referredKeyID>
<mandatory>true</mandatory>
<refColNames>L_time,L_date</refColNames>
<transferable>true</transferable>
<rely>false</rely>
<columnDependencyConstraintGenerateInDDL>true</columnDependencyConstraintGenerateInDDL>
</FKIndexAssociation>