<?xml version = '1.0' encoding = 'UTF-8'?>
<FKIndexAssociation class="oracle.dbtools.crest.model.design.relational.FKIndexAssociation" directorySegmentName="seg_0" id="7A6518E3-D069-6F1C-8434-8306FCDC9B81" containerWithKeyObject="76D5FD73-81AC-CF51-8215-430D6AADF4D9" localFKIndex="F25DB18E-3FC9-149E-74B0-072FC22CA8E3" name="head_department">
<createdBy>10151</createdBy>
<createdTime>2022-10-09 10:31:04 UTC</createdTime>
<generatorID>AA2B5421-304D-A7E3-6460-27D153C6794A</generatorID>
<ownerDesignName>DBhw3</ownerDesignName>
<referredTableLongName>Department</referredTableLongName>
<deleteRule>NO ACTION</deleteRule>
<referredTableID>1C747D0E-86D1-64A5-756F-4F97A227C33D</referredTableID>
<keyObject>F747BBFE-6B49-346F-B59B-37DBC93E7626</keyObject>
<referredKeyID>F747BBFE-6B49-346F-B59B-37DBC93E7626</referredKeyID>
<mandatory>true</mandatory>
<refColNames>dName</refColNames>
<transferable>true</transferable>
<rely>false</rely>
<columnDependencyConstraintGenerateInDDL>true</columnDependencyConstraintGenerateInDDL>
</FKIndexAssociation>