<?xml version = '1.0' encoding = 'UTF-8'?>
<FKIndexAssociation class="oracle.dbtools.crest.model.design.relational.FKIndexAssociation" directorySegmentName="seg_0" id="89081F01-2617-FEBF-2917-5AC9051CD502" containerWithKeyObject="20BF18D0-073C-D287-ED09-2D1AC88E3276" localFKIndex="48AB8E92-20D2-31F3-98C2-C1FCB1B57312" name="learn">
<createdBy>10151</createdBy>
<createdTime>2022-10-09 10:31:04 UTC</createdTime>
<generatorID>C86E655D-D885-A60E-1CED-A0572BD36B84</generatorID>
<ownerDesignName>DBhw3</ownerDesignName>
<referredTableLongName>Student</referredTableLongName>
<deleteRule>NO ACTION</deleteRule>
<referredTableID>C2366D40-813C-E510-B67B-FC4065E55520</referredTableID>
<keyObject>5F6F0208-A280-C581-C5D2-0BE6EC570C24</keyObject>
<referredKeyID>5F6F0208-A280-C581-C5D2-0BE6EC570C24</referredKeyID>
<mandatory>true</mandatory>
<refColNames>IDNo</refColNames>
<transferable>true</transferable>
<rely>false</rely>
<columnDependencyConstraintGenerateInDDL>true</columnDependencyConstraintGenerateInDDL>
</FKIndexAssociation>