<?xml version = '1.0' encoding = 'UTF-8'?>
<FKIndexAssociation class="oracle.dbtools.crest.model.design.relational.FKIndexAssociation" directorySegmentName="seg_0" id="928224FD-AE8C-ACE7-1635-C1D99365CC96" containerWithKeyObject="C2366D40-813C-E510-B67B-FC4065E55520" localFKIndex="5B0CC1FD-F277-5096-D733-A826E38EE9EA" name="sub_department">
<createdBy>10151</createdBy>
<createdTime>2022-10-09 10:31:04 UTC</createdTime>
<generatorID>81A27580-0055-452D-AADF-06E2FD4CE51E</generatorID>
<ownerDesignName>DBhw3</ownerDesignName>
<referredTableLongName>Department</referredTableLongName>
<deleteRule>NO ACTION</deleteRule>
<referredTableID>1C747D0E-86D1-64A5-756F-4F97A227C33D</referredTableID>
<keyObject>F747BBFE-6B49-346F-B59B-37DBC93E7626</keyObject>
<referredKeyID>F747BBFE-6B49-346F-B59B-37DBC93E7626</referredKeyID>
<mandatory>false</mandatory>
<refColNames>dName</refColNames>
<transferable>true</transferable>
<rely>false</rely>
<columnDependencyConstraintGenerateInDDL>true</columnDependencyConstraintGenerateInDDL>
</FKIndexAssociation>