<?xml version = '1.0' encoding = 'UTF-8'?>
<FKIndexAssociation class="oracle.dbtools.crest.model.design.relational.FKIndexAssociation" directorySegmentName="seg_0" id="9B13D642-F639-D55E-DFFE-29C9F3F7A681" containerWithKeyObject="76D5FD73-81AC-CF51-8215-430D6AADF4D9" localFKIndex="0F04C8A9-0B4F-1204-6BC9-5CE63AFD8968" name="professor_head">
<createdBy>10151</createdBy>
<createdTime>2022-10-09 10:31:04 UTC</createdTime>
<generatorID>AC50753F-5209-2F74-1375-9AB3CC7C3862</generatorID>
<ownerDesignName>DBhw3</ownerDesignName>
<referredTableLongName>Professor</referredTableLongName>
<deleteRule>NO ACTION</deleteRule>
<referredTableID>B469F332-7C6D-B111-DA1A-6BC5D9CADB9B</referredTableID>
<keyObject>62EED889-BB63-BA0C-7FDD-164A079E02DF</keyObject>
<referredKeyID>62EED889-BB63-BA0C-7FDD-164A079E02DF</referredKeyID>
<mandatory>true</mandatory>
<refColNames>ProNo</refColNames>
<transferable>true</transferable>
<rely>false</rely>
<columnDependencyConstraintGenerateInDDL>true</columnDependencyConstraintGenerateInDDL>
</FKIndexAssociation>