<?xml version = '1.0' encoding = 'UTF-8'?>
<FKIndexAssociation class="oracle.dbtools.crest.model.design.relational.FKIndexAssociation" directorySegmentName="seg_0" id="C12440D6-06C3-00F2-321B-2B7F8D2F8BFD" containerWithKeyObject="20BF18D0-073C-D287-ED09-2D1AC88E3276" localFKIndex="308C7AE0-A4AE-F81C-F73C-AB552A1EBB5C" name="teach">
<createdBy>10151</createdBy>
<createdTime>2022-10-09 10:31:04 UTC</createdTime>
<generatorID>E5D06A80-2F3D-074C-6512-3CCC0818F916</generatorID>
<ownerDesignName>DBhw3</ownerDesignName>
<referredTableLongName>Professor</referredTableLongName>
<deleteRule>NO ACTION</deleteRule>
<referredTableID>B469F332-7C6D-B111-DA1A-6BC5D9CADB9B</referredTableID>
<keyObject>62EED889-BB63-BA0C-7FDD-164A079E02DF</keyObject>
<referredKeyID>62EED889-BB63-BA0C-7FDD-164A079E02DF</referredKeyID>
<mandatory>true</mandatory>
<refColNames>ProNo</refColNames>
<transferable>true</transferable>
<rely>false</rely>
<columnDependencyConstraintGenerateInDDL>true</columnDependencyConstraintGenerateInDDL>
</FKIndexAssociation>