<?xml version = '1.0' encoding = 'UTF-8'?>
<FKIndexAssociation class="oracle.dbtools.crest.model.design.relational.FKIndexAssociation" directorySegmentName="seg_0" id="CDB75AE7-4B12-DB0B-1E04-1F4D35422B45" containerWithKeyObject="49F26556-0306-EEFF-195A-0E346A0B854E" localFKIndex="742C8B14-F652-3D8B-5183-9DCB5AC9F561" name="responsibility_Subject_FK">
<createdBy>10151</createdBy>
<createdTime>2022-10-09 10:31:04 UTC</createdTime>
<generatorID>6A9FF635-81E9-E5D4-46C0-705D5F40D1EC</generatorID>
<ownerDesignName>DBhw3</ownerDesignName>
<referredTableLongName>Subject</referredTableLongName>
<deleteRule>NO ACTION</deleteRule>
<referredTableID>B8087E31-1912-706F-0296-26F60C04B717</referredTableID>
<keyObject>7B350B9F-18D0-E8B2-0358-6B00FDD9C5E3</keyObject>
<referredKeyID>7B350B9F-18D0-E8B2-0358-6B00FDD9C5E3</referredKeyID>
<mandatory>true</mandatory>
<refColNames>name</refColNames>
<transferable>true</transferable>
<rely>false</rely>
<columnDependencyConstraintGenerateInDDL>true</columnDependencyConstraintGenerateInDDL>
</FKIndexAssociation>