<?xml version = '1.0' encoding = 'UTF-8'?>
<FKIndexAssociation class="oracle.dbtools.crest.model.design.relational.FKIndexAssociation" directorySegmentName="seg_0" id="DBA34913-6B7F-2742-6768-7FCF1792B616" containerWithKeyObject="49F26556-0306-EEFF-195A-0E346A0B854E" localFKIndex="495A1DCF-7F0A-8D51-72E5-EAD85359F78A" name="responsibility_Professor_FK">
<createdBy>10151</createdBy>
<createdTime>2022-10-09 10:31:04 UTC</createdTime>
<generatorID>6A9FF635-81E9-E5D4-46C0-705D5F40D1EC</generatorID>
<ownerDesignName>DBhw3</ownerDesignName>
<referredTableLongName>Professor</referredTableLongName>
<deleteRule>NO ACTION</deleteRule>
<referredTableID>B469F332-7C6D-B111-DA1A-6BC5D9CADB9B</referredTableID>
<keyObject>62EED889-BB63-BA0C-7FDD-164A079E02DF</keyObject>
<referredKeyID>62EED889-BB63-BA0C-7FDD-164A079E02DF</referredKeyID>
<mandatory>true</mandatory>
<refColNames>ProNo</refColNames>
<transferable>true</transferable>
<rely>false</rely>
<columnDependencyConstraintGenerateInDDL>true</columnDependencyConstraintGenerateInDDL>
</FKIndexAssociation>