<?xml version = '1.0' encoding = 'UTF-8'?>
<FKIndexAssociation class="oracle.dbtools.crest.model.design.relational.FKIndexAssociation" directorySegmentName="seg_0" id="F7147231-EA9C-DD0C-5063-3FC87B8AEEF2" containerWithKeyObject="C2366D40-813C-E510-B67B-FC4065E55520" localFKIndex="C1DE64AA-C2B8-910D-A19D-5FA2E8D29857" name="belong">
<createdBy>10151</createdBy>
<createdTime>2022-10-09 10:31:04 UTC</createdTime>
<generatorID>0E8B4D5D-77C2-D7A8-FFAE-D0B04E39B382</generatorID>
<ownerDesignName>DBhw3</ownerDesignName>
<referredTableLongName>Department</referredTableLongName>
<deleteRule>NO ACTION</deleteRule>
<referredTableID>1C747D0E-86D1-64A5-756F-4F97A227C33D</referredTableID>
<keyObject>F747BBFE-6B49-346F-B59B-37DBC93E7626</keyObject>
<referredKeyID>F747BBFE-6B49-346F-B59B-37DBC93E7626</referredKeyID>
<mandatory>true</mandatory>
<refColNames>dName</refColNames>
<transferable>true</transferable>
<rely>false</rely>
<columnDependencyConstraintGenerateInDDL>true</columnDependencyConstraintGenerateInDDL>
</FKIndexAssociation>