<?xml version = '1.0' encoding = 'UTF-8'?>
<Table class="oracle.dbtools.crest.model.design.relational.Table" directorySegmentName="seg_0" id="88F1AFF4-BA18-B909-1A4A-83C30EFC9E59" name="Subject">
<createdBy>10151</createdBy>
<createdTime>2022-10-09 14:38:02 UTC</createdTime>
<generatorID>7F406B4C-F18B-A2A5-2620-405EF27D949D</generatorID>
<ownerDesignName>DBhw3</ownerDesignName>
<allowColumnReorder>false</allowColumnReorder>
<existDependencyGenerateInDDl>true</existDependencyGenerateInDDl>
<parsed>true</parsed>
<columns itemClass="oracle.dbtools.crest.model.design.relational.Column">
<Column name="name" id="2CF4FA56-6D4A-E0FB-AD26-09DD89E900B8">
<createdBy>10151</createdBy>
<createdTime>2022-10-09 14:38:02 UTC</createdTime>
<generatorID>DCF6B826-A171-AA06-E946-9F5CCA74D355</generatorID>
<ownerDesignName>DBhw3</ownerDesignName>
<use>0</use>
<logicalDatatype>LOGDT025</logicalDatatype>
<domain>7DF8EF8A-CCCB-B4E3-3103-F9D4C766597C</domain>
<ownDataTypeParameters>,,</ownDataTypeParameters>
<autoIncrementCycle>false</autoIncrementCycle>
</Column>
<Column name="grades" id="3A1EBB42-A241-FD8D-D03A-974323C894BB">
<createdBy>10151</createdBy>
<createdTime>2022-10-09 14:38:02 UTC</createdTime>
<generatorID>C9475B06-91E0-83CC-C2C5-F0178A377170</generatorID>
<ownerDesignName>DBhw3</ownerDesignName>
<nullsAllowed>true</nullsAllowed>
<use>0</use>
<logicalDatatype>LOGDT019</logicalDatatype>
<domain>154CA8CA-DE2E-4582-2360-BDA5BFB13230</domain>
<ownDataTypeParameters>,,</ownDataTypeParameters>
<autoIncrementCycle>false</autoIncrementCycle>
</Column>
<Column name="assistantNo" id="98A3A009-82BB-4296-1BBB-E0E0E8B1B549">
<createdBy>10151</createdBy>
<createdTime>2022-10-09 14:38:02 UTC</createdTime>
<generatorID>9D63969C-D8C2-F914-CE13-89324D882F3E</generatorID>
<ownerDesignName>DBhw3</ownerDesignName>
<use>0</use>
<logicalDatatype>LOGDT019</logicalDatatype>
<domain>CC156D6C-DD91-95E8-7DC3-60ACB58671D3</domain>
<ownDataTypeParameters>,,</ownDataTypeParameters>
<previousColumn>false</previousColumn>
<autoIncrementCycle>false</autoIncrementCycle>
<associations>
<colAssociation fkAssociation="812C209D-9946-E97C-C23B-4F7FD0CBE38A" referredColumn="6392C8A8-3E2D-50A3-472E-5E25AAD10797"/>
</associations>
</Column>
</columns>
<indexes itemClass="oracle.dbtools.crest.model.design.relational.Index">
<ind_PK_UK id="D0E8B7CC-E200-129A-6302-762537570672" name="Subject_PK">
<createdBy>10151</createdBy>
<createdTime>2022-10-09 14:38:02 UTC</createdTime>
<generatorID>9F6B4822-1015-E3E1-F108-1C65B77CB484</generatorID>
<ownerDesignName>DBhw3</ownerDesignName>
<pk>true</pk>
<indexState>Primary Constraint</indexState>
<isSurrogateKey>false</isSurrogateKey>
<indexColumnUsage>
<colUsage columnID="2CF4FA56-6D4A-E0FB-AD26-09DD89E900B8"/>
</indexColumnUsage>
</ind_PK_UK>
<ind_PK_UK id="D4E526C7-86A5-7DEE-16B2-424EBF88B26E" name="assistant_to_subject">
<createdBy>10151</createdBy>
<createdTime>2022-10-09 14:38:02 UTC</createdTime>
<generatorID>3CB001BB-AA0D-4A0D-DA1C-8159E3E0B4D3</generatorID>
<ownerDesignName>DBhw3</ownerDesignName>
<indexState>Foreign Key</indexState>
<isSurrogateKey>false</isSurrogateKey>
<indexColumnUsage>
<colUsage columnID="98A3A009-82BB-4296-1BBB-E0E0E8B1B549"/>
</indexColumnUsage>
</ind_PK_UK>
</indexes>
</Table>