<?xml version = '1.0' encoding = 'UTF-8'?>
<Table class="oracle.dbtools.crest.model.design.relational.Table" directorySegmentName="seg_0" id="8E8F7257-5AD4-4B2C-DA85-A8C221B257CB" name="learn">
<createdBy>10151</createdBy>
<createdTime>2022-10-09 14:38:02 UTC</createdTime>
<ownerDesignName>DBhw3</ownerDesignName>
<allowColumnReorder>false</allowColumnReorder>
<existDependencyGenerateInDDl>true</existDependencyGenerateInDDl>
<parsed>true</parsed>
<columns itemClass="oracle.dbtools.crest.model.design.relational.Column">
<Column name="LEARN_STID" id="78D32BD5-9CCB-D9C6-AD87-ACEAC9394E71">
<createdBy>10151</createdBy>
<createdTime>2022-10-09 14:38:02 UTC</createdTime>
<ownerDesignName>DBhw3</ownerDesignName>
<use>0</use>
<logicalDatatype>LOGDT019</logicalDatatype>
<domain>2ACDA64B-917A-E7FA-7F58-5E68031E3E54</domain>
<ownDataTypeParameters>,,</ownDataTypeParameters>
<previousColumn>false</previousColumn>
<autoIncrementCycle>false</autoIncrementCycle>
<associations>
<colAssociation fkAssociation="5B555D1F-3E8E-6650-C473-147651563A90" referredColumn="E5ECF222-1C3E-F2B7-A6B3-781A0E719457"/>
</associations>
</Column>
<Column name="LAERN_SNAME" id="CCFB6F81-8703-A192-5E13-D07C9FC58E2F">
<createdBy>10151</createdBy>
<createdTime>2022-10-09 14:38:02 UTC</createdTime>
<ownerDesignName>DBhw3</ownerDesignName>
<use>0</use>
<logicalDatatype>LOGDT025</logicalDatatype>
<domain>7DF8EF8A-CCCB-B4E3-3103-F9D4C766597C</domain>
<ownDataTypeParameters>,,</ownDataTypeParameters>
<previousColumn>false</previousColumn>
<autoIncrementCycle>false</autoIncrementCycle>
<associations>
<colAssociation fkAssociation="6546835F-DF1C-E699-8B47-F753131DB4A5" referredColumn="470B518E-27D4-8BE7-95DB-9648A0C96507"/>
</associations>
</Column>
</columns>
<indexes itemClass="oracle.dbtools.crest.model.design.relational.Index">
<ind_PK_UK id="6CDE32EE-164B-6E7E-DF53-0401845CC312" name="learn_PK">
<createdBy>10151</createdBy>
<createdTime>2022-10-09 14:38:02 UTC</createdTime>
<ownerDesignName>DBhw3</ownerDesignName>
<pk>true</pk>
<indexState>Primary Constraint</indexState>
<isSurrogateKey>false</isSurrogateKey>
<indexColumnUsage>
<colUsage columnID="78D32BD5-9CCB-D9C6-AD87-ACEAC9394E71"/>
<colUsage columnID="CCFB6F81-8703-A192-5E13-D07C9FC58E2F"/>
</indexColumnUsage>
</ind_PK_UK>
<ind_PK_UK id="117C86E0-83CF-C221-1EA7-B22253772BB2" name="learn_Student_FK">
<createdBy>10151</createdBy>
<createdTime>2022-10-09 14:38:02 UTC</createdTime>
<generatorID>C86E655D-D885-A60E-1CED-A0572BD36B84</generatorID>
<ownerDesignName>DBhw3</ownerDesignName>
<indexState>Foreign Key</indexState>
<isSurrogateKey>false</isSurrogateKey>
<indexColumnUsage>
<colUsage columnID="78D32BD5-9CCB-D9C6-AD87-ACEAC9394E71"/>
</indexColumnUsage>
</ind_PK_UK>
<ind_PK_UK id="9008F8CB-E472-A3D7-D3C2-D398CAC5B345" name="learn_Lecture_FK">
<createdBy>10151</createdBy>
<createdTime>2022-10-09 14:38:02 UTC</createdTime>
<generatorID>C86E655D-D885-A60E-1CED-A0572BD36B84</generatorID>
<ownerDesignName>DBhw3</ownerDesignName>
<indexState>Foreign Key</indexState>
<isSurrogateKey>false</isSurrogateKey>
<indexColumnUsage>
<colUsage columnID="CCFB6F81-8703-A192-5E13-D07C9FC58E2F"/>
</indexColumnUsage>
</ind_PK_UK>
</indexes>
</Table>