<?xml version = '1.0' encoding = 'UTF-8'?>
<Table class="oracle.dbtools.crest.model.design.relational.Table" directorySegmentName="seg_0" id="B1A89C0A-22C8-1C20-EE4A-8990A58C0350" name="Time">
<createdBy>10151</createdBy>
<createdTime>2022-10-09 14:38:02 UTC</createdTime>
<ownerDesignName>DBhw3</ownerDesignName>
<allowColumnReorder>false</allowColumnReorder>
<existDependencyGenerateInDDl>true</existDependencyGenerateInDDl>
<parsed>true</parsed>
<columns itemClass="oracle.dbtools.crest.model.design.relational.Column">
<Column name="TEACHING_TIME" id="4AED28F4-4761-CFE2-9979-882FD89E0BB0">
<createdBy>10151</createdBy>
<createdTime>2022-10-09 14:38:02 UTC</createdTime>
<ownerDesignName>DBhw3</ownerDesignName>
<use>0</use>
<logicalDatatype>LOGDT019</logicalDatatype>
<domain>DCF42633-0672-2FF8-33DB-84F5B3DC2D57</domain>
<ownDataTypeParameters>,,</ownDataTypeParameters>
<previousColumn>false</previousColumn>
<autoIncrementCycle>false</autoIncrementCycle>
<listOfRanges>
<rangeDef class="oracle.dbtools.crest.model.design.constraint.AVT">
<beginValue>1</beginValue>
<endValue>10</endValue>
</rangeDef>
</listOfRanges>
<associations>
<colAssociation fkAssociation="C4679D51-BA7B-F61A-449F-2C646A56D722" referredColumn="78C3BD88-F09F-D9D8-7072-99CCF372D296"/>
</associations>
</Column>
<Column name="TAECHING_DATE" id="66D3C13F-8AB4-BB22-4FC8-CB0795831FB2">
<createdBy>10151</createdBy>
<createdTime>2022-10-09 14:38:02 UTC</createdTime>
<ownerDesignName>DBhw3</ownerDesignName>
<use>0</use>
<logicalDatatype>LOGDT025</logicalDatatype>
<domain>9B935678-C1E8-458F-E701-1319E3B61C4C</domain>
<ownDataTypeParameters>,,</ownDataTypeParameters>
<previousColumn>false</previousColumn>
<autoIncrementCycle>false</autoIncrementCycle>
<associations>
<colAssociation fkAssociation="C4679D51-BA7B-F61A-449F-2C646A56D722" referredColumn="405AEE3E-CC2A-BE2A-F8CF-238E3426BF50"/>
</associations>
</Column>
<Column name="TEACHING_LNAME" id="67DF574A-01FF-8A9B-1862-781C2A105931">
<createdBy>10151</createdBy>
<createdTime>2022-10-09 14:38:02 UTC</createdTime>
<ownerDesignName>DBhw3</ownerDesignName>
<use>0</use>
<logicalDatatype>LOGDT025</logicalDatatype>
<domain>7DF8EF8A-CCCB-B4E3-3103-F9D4C766597C</domain>
<ownDataTypeParameters>,,</ownDataTypeParameters>
<previousColumn>false</previousColumn>
<autoIncrementCycle>false</autoIncrementCycle>
<associations>
<colAssociation fkAssociation="13109429-F061-2CFF-F8A5-29681BCB7708" referredColumn="470B518E-27D4-8BE7-95DB-9648A0C96507"/>
</associations>
</Column>
</columns>
<indexes itemClass="oracle.dbtools.crest.model.design.relational.Index">
<ind_PK_UK id="D60B8AD3-EDFD-EE4C-9E8C-2A8C508B68EC" name="Time_PK">
<createdBy>10151</createdBy>
<createdTime>2022-10-09 14:38:02 UTC</createdTime>
<ownerDesignName>DBhw3</ownerDesignName>
<pk>true</pk>
<indexState>Primary Constraint</indexState>
<isSurrogateKey>false</isSurrogateKey>
<indexColumnUsage>
<colUsage columnID="4AED28F4-4761-CFE2-9979-882FD89E0BB0"/>
<colUsage columnID="66D3C13F-8AB4-BB22-4FC8-CB0795831FB2"/>
<colUsage columnID="67DF574A-01FF-8A9B-1862-781C2A105931"/>
</indexColumnUsage>
</ind_PK_UK>
<ind_PK_UK id="6899393E-3B23-CAC3-E716-0A9AAF1DC574" name="Time_Lecture_time_FK">
<createdBy>10151</createdBy>
<createdTime>2022-10-09 14:38:02 UTC</createdTime>
<generatorID>8AD8D807-DC9A-2A88-7143-A6D7E9913D17</generatorID>
<ownerDesignName>DBhw3</ownerDesignName>
<indexState>Foreign Key</indexState>
<isSurrogateKey>false</isSurrogateKey>
<indexColumnUsage>
<colUsage columnID="4AED28F4-4761-CFE2-9979-882FD89E0BB0"/>
<colUsage columnID="66D3C13F-8AB4-BB22-4FC8-CB0795831FB2"/>
</indexColumnUsage>
</ind_PK_UK>
<ind_PK_UK id="E643278F-4F9D-A294-7841-30F30F4E9D70" name="Time_Lecture_FK">
<createdBy>10151</createdBy>
<createdTime>2022-10-09 14:38:02 UTC</createdTime>
<generatorID>8AD8D807-DC9A-2A88-7143-A6D7E9913D17</generatorID>
<ownerDesignName>DBhw3</ownerDesignName>
<indexState>Foreign Key</indexState>
<isSurrogateKey>false</isSurrogateKey>
<indexColumnUsage>
<colUsage columnID="67DF574A-01FF-8A9B-1862-781C2A105931"/>
</indexColumnUsage>
</ind_PK_UK>
</indexes>
</Table>