<?xml version = '1.0' encoding = 'UTF-8'?>
<Table class="oracle.dbtools.crest.model.design.relational.Table" directorySegmentName="seg_0" id="CEB0DC11-FEF2-981D-511E-1E439676A592" name="Lecture">
<createdBy>10151</createdBy>
<createdTime>2022-10-09 14:38:02 UTC</createdTime>
<generatorID>C3728B06-B465-3C86-1466-147E3D1DE138</generatorID>
<ownerDesignName>DBhw3</ownerDesignName>
<allowColumnReorder>false</allowColumnReorder>
<existDependencyGenerateInDDl>true</existDependencyGenerateInDDl>
<parsed>true</parsed>
<columns itemClass="oracle.dbtools.crest.model.design.relational.Column">
<Column name="sName" id="470B518E-27D4-8BE7-95DB-9648A0C96507">
<createdBy>10151</createdBy>
<createdTime>2022-10-09 14:38:02 UTC</createdTime>
<generatorID>0472E3E5-06E7-3340-269B-BCDB53F78455</generatorID>
<ownerDesignName>DBhw3</ownerDesignName>
<use>0</use>
<logicalDatatype>LOGDT025</logicalDatatype>
<domain>7DF8EF8A-CCCB-B4E3-3103-F9D4C766597C</domain>
<ownDataTypeParameters>,,</ownDataTypeParameters>
<previousColumn>false</previousColumn>
<autoIncrementCycle>false</autoIncrementCycle>
<associations>
<colAssociation fkAssociation="93F48405-F186-2537-62C1-C3DD32DEF207" referredColumn="2CF4FA56-6D4A-E0FB-AD26-09DD89E900B8"/>
</associations>
</Column>
<Column name="roomNo" id="B8082A4B-2473-0776-EA0B-4E179726BB44">
<createdBy>10151</createdBy>
<createdTime>2022-10-09 14:38:02 UTC</createdTime>
<generatorID>9461D20C-7C9E-0F4C-982A-8FF9863DAD3E</generatorID>
<ownerDesignName>DBhw3</ownerDesignName>
<use>0</use>
<logicalDatatype>LOGDT019</logicalDatatype>
<domain>3AF8B718-ABE9-5F4B-1183-8465C2D3A7D7</domain>
<ownDataTypeParameters>,,</ownDataTypeParameters>
<previousColumn>false</previousColumn>
<autoIncrementCycle>false</autoIncrementCycle>
<associations>
<colAssociation fkAssociation="76EE4ECB-E250-582D-A0FB-6A0A6A379DDA" referredColumn="CFBEA6CC-E677-C5EB-38D7-39D3B97EACFD"/>
</associations>
</Column>
<Column name="bName" id="ABD11B51-D017-136F-AE62-770A377C5ABA">
<createdBy>10151</createdBy>
<createdTime>2022-10-09 14:38:02 UTC</createdTime>
<generatorID>E7B746D5-77D9-9448-6529-E6BF7CF8FF35</generatorID>
<ownerDesignName>DBhw3</ownerDesignName>
<use>0</use>
<logicalDatatype>LOGDT025</logicalDatatype>
<domain>7DF8EF8A-CCCB-B4E3-3103-F9D4C766597C</domain>
<ownDataTypeParameters>,,</ownDataTypeParameters>
<previousColumn>false</previousColumn>
<autoIncrementCycle>false</autoIncrementCycle>
<associations>
<colAssociation fkAssociation="76EE4ECB-E250-582D-A0FB-6A0A6A379DDA" referredColumn="20C96C44-D17D-A399-D7C0-8DCF4157E505"/>
</associations>
</Column>
<Column name="Professor_No" id="DA8ED367-B192-381A-ABC9-0818C756BF29">
<createdBy>10151</createdBy>
<createdTime>2022-10-09 14:38:02 UTC</createdTime>
<generatorID>57D903C1-2001-A1ED-786E-17BC62000637</generatorID>
<ownerDesignName>DBhw3</ownerDesignName>
<use>0</use>
<logicalDatatype>LOGDT019</logicalDatatype>
<domain>CC156D6C-DD91-95E8-7DC3-60ACB58671D3</domain>
<ownDataTypeParameters>,,</ownDataTypeParameters>
<previousColumn>false</previousColumn>
<autoIncrementCycle>false</autoIncrementCycle>
<associations>
<colAssociation fkAssociation="8E383692-5A89-9DE8-0A1D-4881089C5494" referredColumn="59DB2578-72C4-B027-2031-2C4E80864D80"/>
</associations>
</Column>
</columns>
<indexes itemClass="oracle.dbtools.crest.model.design.relational.Index">
<ind_PK_UK id="F9E87604-C527-27BA-2676-E1428D739DE5" name="Lecture_PK">
<createdBy>10151</createdBy>
<createdTime>2022-10-09 14:38:02 UTC</createdTime>
<generatorID>18A5A196-0D91-76DA-B529-5EFF1B46CECD</generatorID>
<ownerDesignName>DBhw3</ownerDesignName>
<pk>true</pk>
<indexState>Primary Constraint</indexState>
<isSurrogateKey>false</isSurrogateKey>
<indexColumnUsage>
<colUsage columnID="470B518E-27D4-8BE7-95DB-9648A0C96507"/>
</indexColumnUsage>
</ind_PK_UK>
<ind_PK_UK id="46F4CCA5-CF29-E85A-253F-D979C5061562" name="learning_room">
<createdBy>10151</createdBy>
<createdTime>2022-10-09 14:38:02 UTC</createdTime>
<generatorID>9E888931-2615-55B8-C635-0A3693A0D63E</generatorID>
<ownerDesignName>DBhw3</ownerDesignName>
<indexState>Foreign Key</indexState>
<isSurrogateKey>false</isSurrogateKey>
<indexColumnUsage>
<colUsage columnID="B8082A4B-2473-0776-EA0B-4E179726BB44"/>
<colUsage columnID="ABD11B51-D017-136F-AE62-770A377C5ABA"/>
</indexColumnUsage>
</ind_PK_UK>
<ind_PK_UK id="5301A8A8-360A-F711-8937-569CA87486CE" name="s_to_L">
<createdBy>10151</createdBy>
<createdTime>2022-10-09 14:38:02 UTC</createdTime>
<generatorID>A8DBF6A0-3BE4-2151-B166-CD7F4CB78874</generatorID>
<ownerDesignName>DBhw3</ownerDesignName>
<indexState>Foreign Key</indexState>
<isSurrogateKey>false</isSurrogateKey>
<indexColumnUsage>
<colUsage columnID="470B518E-27D4-8BE7-95DB-9648A0C96507"/>
</indexColumnUsage>
</ind_PK_UK>
<ind_PK_UK id="78C9EAB6-0B8A-4907-AE37-E1471E3B21D7" name="teach">
<createdBy>10151</createdBy>
<createdTime>2022-10-09 14:38:02 UTC</createdTime>
<generatorID>E5D06A80-2F3D-074C-6512-3CCC0818F916</generatorID>
<ownerDesignName>DBhw3</ownerDesignName>
<indexState>Foreign Key</indexState>
<isSurrogateKey>false</isSurrogateKey>
<indexColumnUsage>
<colUsage columnID="DA8ED367-B192-381A-ABC9-0818C756BF29"/>
</indexColumnUsage>
</ind_PK_UK>
</indexes>
</Table>