<?xml version = '1.0' encoding = 'UTF-8'?>
<Table class="oracle.dbtools.crest.model.design.relational.Table" directorySegmentName="seg_0" id="D53BB313-CB85-EBF0-76AC-D8CED1716329" name="responsibility">
<createdBy>10151</createdBy>
<createdTime>2022-10-09 14:38:02 UTC</createdTime>
<ownerDesignName>DBhw3</ownerDesignName>
<allowColumnReorder>false</allowColumnReorder>
<existDependencyGenerateInDDl>true</existDependencyGenerateInDDl>
<parsed>true</parsed>
<columns itemClass="oracle.dbtools.crest.model.design.relational.Column">
<Column name="Professor_ProNo" id="520C8008-B561-0805-40BB-F48153FF3626">
<createdBy>10151</createdBy>
<createdTime>2022-10-09 14:38:02 UTC</createdTime>
<ownerDesignName>DBhw3</ownerDesignName>
<use>0</use>
<logicalDatatype>LOGDT019</logicalDatatype>
<domain>CC156D6C-DD91-95E8-7DC3-60ACB58671D3</domain>
<ownDataTypeParameters>,,</ownDataTypeParameters>
<previousColumn>false</previousColumn>
<autoIncrementCycle>false</autoIncrementCycle>
<associations>
<colAssociation fkAssociation="EFF65EEF-66F6-342D-DBCF-CC1024746F13" referredColumn="59DB2578-72C4-B027-2031-2C4E80864D80"/>
</associations>
</Column>
<Column name="Subject_name" id="7E4883EE-19AC-E70D-07E8-98F03EF31379">
<createdBy>10151</createdBy>
<createdTime>2022-10-09 14:38:02 UTC</createdTime>
<ownerDesignName>DBhw3</ownerDesignName>
<use>0</use>
<logicalDatatype>LOGDT025</logicalDatatype>
<domain>7DF8EF8A-CCCB-B4E3-3103-F9D4C766597C</domain>
<ownDataTypeParameters>,,</ownDataTypeParameters>
<previousColumn>false</previousColumn>
<autoIncrementCycle>false</autoIncrementCycle>
<associations>
<colAssociation fkAssociation="87AFE983-BA25-92A8-E2D5-F0970AACCC15" referredColumn="2CF4FA56-6D4A-E0FB-AD26-09DD89E900B8"/>
</associations>
</Column>
</columns>
<indexes itemClass="oracle.dbtools.crest.model.design.relational.Index">
<ind_PK_UK id="6D2AEF21-2784-8412-C601-581568722C91" name="responsibility_PK">
<createdBy>10151</createdBy>
<createdTime>2022-10-09 14:38:02 UTC</createdTime>
<ownerDesignName>DBhw3</ownerDesignName>
<pk>true</pk>
<indexState>Primary Constraint</indexState>
<isSurrogateKey>false</isSurrogateKey>
<indexColumnUsage>
<colUsage columnID="520C8008-B561-0805-40BB-F48153FF3626"/>
<colUsage columnID="7E4883EE-19AC-E70D-07E8-98F03EF31379"/>
</indexColumnUsage>
</ind_PK_UK>
<ind_PK_UK id="37534289-573C-0423-EB1C-9D109CB96810" name="responsibility_Professor_FK">
<createdBy>10151</createdBy>
<createdTime>2022-10-09 14:38:02 UTC</createdTime>
<generatorID>6A9FF635-81E9-E5D4-46C0-705D5F40D1EC</generatorID>
<ownerDesignName>DBhw3</ownerDesignName>
<indexState>Foreign Key</indexState>
<isSurrogateKey>false</isSurrogateKey>
<indexColumnUsage>
<colUsage columnID="520C8008-B561-0805-40BB-F48153FF3626"/>
</indexColumnUsage>
</ind_PK_UK>
<ind_PK_UK id="3BAB7B81-9840-1943-B085-6D22FDFD0520" name="responsibility_Subject_FK">
<createdBy>10151</createdBy>
<createdTime>2022-10-09 14:38:02 UTC</createdTime>
<generatorID>6A9FF635-81E9-E5D4-46C0-705D5F40D1EC</generatorID>
<ownerDesignName>DBhw3</ownerDesignName>
<indexState>Foreign Key</indexState>
<isSurrogateKey>false</isSurrogateKey>
<indexColumnUsage>
<colUsage columnID="7E4883EE-19AC-E70D-07E8-98F03EF31379"/>
</indexColumnUsage>
</ind_PK_UK>
</indexes>
</Table>