<?xml version = '1.0' encoding = 'UTF-8'?>
<Table class="oracle.dbtools.crest.model.design.relational.Table" directorySegmentName="seg_0" id="DAF4FEA6-3E50-55BF-40DB-036751F6A6E9" name="HeadProfessor">
<createdBy>10151</createdBy>
<createdTime>2022-10-09 14:38:02 UTC</createdTime>
<generatorID>71F6F889-BACD-B406-1E5B-C8690854C24E</generatorID>
<ownerDesignName>DBhw3</ownerDesignName>
<allowColumnReorder>false</allowColumnReorder>
<existDependencyGenerateInDDl>true</existDependencyGenerateInDDl>
<parsed>true</parsed>
<columns itemClass="oracle.dbtools.crest.model.design.relational.Column">
<Column name="HeadNo" id="763AB33C-85B2-80B7-F00E-4AF98AE22463">
<createdBy>10151</createdBy>
<createdTime>2022-10-09 14:38:02 UTC</createdTime>
<generatorID>621E3EB3-A722-9A98-E53F-A65C5034944C</generatorID>
<ownerDesignName>DBhw3</ownerDesignName>
<use>0</use>
<logicalDatatype>LOGDT019</logicalDatatype>
<domain>CC156D6C-DD91-95E8-7DC3-60ACB58671D3</domain>
<ownDataTypeParameters>,,</ownDataTypeParameters>
<previousColumn>false</previousColumn>
<autoIncrementCycle>false</autoIncrementCycle>
<associations>
<colAssociation fkAssociation="AEC5BBD3-5905-D807-0F00-661F0D4B6CB8" referredColumn="59DB2578-72C4-B027-2031-2C4E80864D80"/>
</associations>
</Column>
<Column name="dName" id="D427B416-BCD9-C3A9-5317-7EE22A2CC45E">
<createdBy>10151</createdBy>
<createdTime>2022-10-09 14:38:02 UTC</createdTime>
<generatorID>77554500-364E-FF15-BD02-0F71CE31E901</generatorID>
<ownerDesignName>DBhw3</ownerDesignName>
<use>0</use>
<logicalDatatype>LOGDT025</logicalDatatype>
<domain>7DF8EF8A-CCCB-B4E3-3103-F9D4C766597C</domain>
<ownDataTypeParameters>,,</ownDataTypeParameters>
<previousColumn>false</previousColumn>
<autoIncrementCycle>false</autoIncrementCycle>
<associations>
<colAssociation fkAssociation="BF25D1DD-B6CE-F525-1795-F06F728597B8" referredColumn="5AF2C041-C143-BD97-77FD-1498F9D60BB3"/>
</associations>
</Column>
</columns>
<indexes itemClass="oracle.dbtools.crest.model.design.relational.Index">
<ind_PK_UK id="D9D4D010-99AC-DA5B-F05A-710E0080F653" name="HeadProfessor_PK">
<createdBy>10151</createdBy>
<createdTime>2022-10-09 14:38:02 UTC</createdTime>
<generatorID>3A996CCC-1181-181A-7FCD-4D3219AB92F3</generatorID>
<ownerDesignName>DBhw3</ownerDesignName>
<pk>true</pk>
<indexState>Primary Constraint</indexState>
<isSurrogateKey>false</isSurrogateKey>
<indexColumnUsage>
<colUsage columnID="763AB33C-85B2-80B7-F00E-4AF98AE22463"/>
</indexColumnUsage>
</ind_PK_UK>
<ind_PK_UK id="F9D78A44-0CC6-61B1-38BC-0EA4F276A5B4" name="HeadProfessor__IDX">
<createdBy>10151</createdBy>
<createdTime>2022-10-09 14:38:02 UTC</createdTime>
<ownerDesignName>DBhw3</ownerDesignName>
<indexState>Unique Plain Index</indexState>
<isSurrogateKey>false</isSurrogateKey>
<relationGeneratorID>AA2B5421-304D-A7E3-6460-27D153C6794A</relationGeneratorID>
<indexColumnUsage>
<colUsage columnID="D427B416-BCD9-C3A9-5317-7EE22A2CC45E"/>
</indexColumnUsage>
</ind_PK_UK>
<ind_PK_UK id="A40FCD81-737A-84C9-A0C8-AFD74C6AC29C" name="head_department">
<createdBy>10151</createdBy>
<createdTime>2022-10-09 14:38:02 UTC</createdTime>
<generatorID>AA2B5421-304D-A7E3-6460-27D153C6794A</generatorID>
<ownerDesignName>DBhw3</ownerDesignName>
<indexState>Foreign Key</indexState>
<isSurrogateKey>false</isSurrogateKey>
<indexColumnUsage>
<colUsage columnID="D427B416-BCD9-C3A9-5317-7EE22A2CC45E"/>
</indexColumnUsage>
</ind_PK_UK>
<ind_PK_UK id="00FC3F14-E2B3-7019-B87F-C2657A714CCB" name="professor_head">
<createdBy>10151</createdBy>
<createdTime>2022-10-09 14:38:02 UTC</createdTime>
<generatorID>AC50753F-5209-2F74-1375-9AB3CC7C3862</generatorID>
<ownerDesignName>DBhw3</ownerDesignName>
<indexState>Foreign Key</indexState>
<isSurrogateKey>false</isSurrogateKey>
<indexColumnUsage>
<colUsage columnID="763AB33C-85B2-80B7-F00E-4AF98AE22463"/>
</indexColumnUsage>
</ind_PK_UK>
</indexes>
</Table>