<?xml version = '1.0' encoding = 'UTF-8'?>
<Diagram class="oracle.dbtools.crest.swingui.relational.DPVRelational" name="Relational_1" id="300071DD-61C7-40E3-A83C-9DE84EC300E6">
<createdBy>10151</createdBy>
<modifiedBy>10151</modifiedBy>
<createdTime>2022-10-01 22:08:46 UTC</createdTime>
<autoRoute>false</autoRoute>
<boxInbox>true</boxInbox>
<showLegend>false</showLegend>
<showLabels>false</showLabels>
<showRelAttributes>false</showRelAttributes>
<gridEnabled>false</gridEnabled>
<showGrid>false</showGrid>
<diagramColor>-1</diagramColor>
<display>false</display>
<notation>1</notation>
<objectViews>
<OView class="oracle.dbtools.crest.swingui.relational.TVTable" oid="09712736-6231-A446-3406-B544DC2FF23E" otype="Table" vid="55AB8776-4B7F-B4DD-6FF1-75729F3A21F6">
<hideElementsInCurrentOnly>false</hideElementsInCurrentOnly>
<bounds x="431" y="212" width="298" height="137"/>
</OView>
<OView class="oracle.dbtools.crest.swingui.relational.TVTable" oid="3606DD6F-0A55-5287-C5D0-17A4D5F83950" otype="Table" vid="5F217C8C-326C-2DD5-E6CB-512BE39F1F52">
<hideElementsInCurrentOnly>false</hideElementsInCurrentOnly>
<bounds x="491" y="625" width="214" height="184"/>
</OView>
<OView class="oracle.dbtools.crest.swingui.relational.TVTable" oid="632AF1C6-C5F9-58D3-6DD3-B7FE117ED8AB" otype="Table" vid="5C30838A-D26D-5E93-9F59-310C8C59990C">
<hideElementsInCurrentOnly>false</hideElementsInCurrentOnly>
<bounds x="974" y="58" width="358" height="137"/>
</OView>
<OView class="oracle.dbtools.crest.swingui.relational.TVTable" oid="64FDDF26-CB56-48E0-42D6-E3CEB19A00E9" otype="Table" vid="55C61739-E9F1-5510-279B-BF5E2E81B426">
<hideElementsInCurrentOnly>false</hideElementsInCurrentOnly>
<bounds x="1111" y="286" width="294" height="180"/>
</OView>
<OView class="oracle.dbtools.crest.swingui.relational.TVTable" oid="66DB8693-ECFA-C7B9-96A9-E3BC030EF381" otype="Table" vid="33B76645-8371-86FA-269F-E50D3DB30CC0">
<hideElementsInCurrentOnly>false</hideElementsInCurrentOnly>
<bounds x="1126" y="712" width="251" height="133"/>
</OView>
<OView class="oracle.dbtools.crest.swingui.relational.TVTable" oid="7705BAC1-197A-05A1-3E22-BA7CB3EC26D3" otype="Table" vid="506C87E9-495F-ACD4-8B35-4DF21A815FEF">
<hideElementsInCurrentOnly>false</hideElementsInCurrentOnly>
<bounds x="1182" y="517" width="170" height="110"/>
</OView>
<OView class="oracle.dbtools.crest.swingui.relational.TVTable" oid="9E9D6D5E-5973-CAD2-208F-DA24BD5F8342" otype="Table" vid="838D4687-1D8E-F587-43AE-C0B876A34032">
<hideElementsInCurrentOnly>false</hideElementsInCurrentOnly>
<bounds x="426" y="429" width="304" height="137"/>
</OView>
<OView class="oracle.dbtools.crest.swingui.relational.TVTable" oid="A502A2FD-4FAB-BE17-9C2B-970A77769BA3" otype="Table" vid="57835003-7F7C-175F-F945-6B2E4FF63C08">
<hideElementsInCurrentOnly>false</hideElementsInCurrentOnly>
<bounds x="424" y="28" width="302" height="157"/>
</OView>
<OView class="oracle.dbtools.crest.swingui.relational.TVTable" oid="B1D27386-8085-AE6D-4D69-232113E85555" otype="Table" vid="0A9B7F92-E6B5-F01F-5F20-F5EE37EB29FB">
<hideElementsInCurrentOnly>false</hideElementsInCurrentOnly>
<bounds x="23" y="218" width="263" height="242"/>
</OView>
<OView class="oracle.dbtools.crest.swingui.relational.TVTable" oid="CC371AE6-5A34-D95D-3353-85166EE72B45" otype="Table" vid="E4890197-89EC-4BC5-3B0B-C96A0BFDB77B">
<hideElementsInCurrentOnly>false</hideElementsInCurrentOnly>
<bounds x="816" y="288" width="240" height="178"/>
</OView>
<OView class="oracle.dbtools.crest.swingui.relational.TVTable" oid="EBBBB237-4009-5CDF-F38B-E4CAD7042245" otype="Table" vid="2D70BB9C-D195-5C02-FF9E-C95EE88ADB0B">
<hideElementsInCurrentOnly>false</hideElementsInCurrentOnly>
<bounds x="909" y="588" width="159" height="148"/>
</OView>
</objectViews>
<connectors>
<Connector class="oracle.dbtools.crest.swingui.relational.TVFKRelation" oid="0225E685-6992-A65E-E4BB-F88480F2CA0F" otype="FKIndexAssociation" vid_source="5F217C8C-326C-2DD5-E6CB-512BE39F1F52" vid_target="E4890197-89EC-4BC5-3B0B-C96A0BFDB77B">
<hideElementsInCurrentOnly>false</hideElementsInCurrentOnly>
<backgroundColor>-16777216</backgroundColor>
<lineWidth>1</lineWidth>
<points>
<point x="705" y="646"/>
<point x="876" y="646"/>
<point x="876" y="466"/>
</points>
</Connector>
<Connector class="oracle.dbtools.crest.swingui.relational.TVFKRelation" oid="3C98D554-850F-FBE9-5C9D-0583CCB10C9D" otype="FKIndexAssociation" vid_source="55C61739-E9F1-5510-279B-BF5E2E81B426" vid_target="506C87E9-495F-ACD4-8B35-4DF21A815FEF">
<hideElementsInCurrentOnly>false</hideElementsInCurrentOnly>
<backgroundColor>-16777216</backgroundColor>
<lineWidth>1</lineWidth>
<points>
<point x="1282" y="466"/>
<point x="1282" y="517"/>
</points>
</Connector>
<Connector class="oracle.dbtools.crest.swingui.relational.TVFKRelation" oid="4E74D485-3508-C61C-0316-5B513802ECD8" otype="FKIndexAssociation" vid_source="0A9B7F92-E6B5-F01F-5F20-F5EE37EB29FB" vid_target="838D4687-1D8E-F587-43AE-C0B876A34032">
<hideElementsInCurrentOnly>false</hideElementsInCurrentOnly>
<backgroundColor>-16777216</backgroundColor>
<lineWidth>1</lineWidth>
<points>
<point x="183" y="460"/>
<point x="183" y="534"/>
<point x="426" y="534"/>
</points>
</Connector>
<Connector class="oracle.dbtools.crest.swingui.relational.TVFKRelation" oid="619EF333-6277-A018-A1EC-7EFBA4B4FBCE" otype="FKIndexAssociation" vid_source="0A9B7F92-E6B5-F01F-5F20-F5EE37EB29FB" vid_target="55AB8776-4B7F-B4DD-6FF1-75729F3A21F6">
<hideElementsInCurrentOnly>false</hideElementsInCurrentOnly>
<backgroundColor>-16777216</backgroundColor>
<lineWidth>1</lineWidth>
<points>
<point x="286" y="268"/>
<point x="431" y="268"/>
</points>
</Connector>
<Connector class="oracle.dbtools.crest.swingui.relational.TVFKRelation" oid="6264B19D-98C4-6317-2964-3DB5841E8067" otype="FKIndexAssociation" vid_source="55C61739-E9F1-5510-279B-BF5E2E81B426" vid_target="5C30838A-D26D-5E93-9F59-310C8C59990C">
<hideElementsInCurrentOnly>false</hideElementsInCurrentOnly>
<backgroundColor>-16777216</backgroundColor>
<lineWidth>1</lineWidth>
<points>
<point x="1221" y="286"/>
<point x="1221" y="195"/>
</points>
</Connector>
<Connector class="oracle.dbtools.crest.swingui.relational.TVFKRelation" oid="68E68AE7-217E-3917-F529-BD6D8D7D0841" otype="FKIndexAssociation" vid_source="E4890197-89EC-4BC5-3B0B-C96A0BFDB77B" vid_target="838D4687-1D8E-F587-43AE-C0B876A34032">
<hideElementsInCurrentOnly>false</hideElementsInCurrentOnly>
<backgroundColor>-16777216</backgroundColor>
<lineWidth>1</lineWidth>
<points>
<point x="816" y="447"/>
<point x="764" y="447"/>
<point x="730" y="447"/>
</points>
</Connector>
<Connector class="oracle.dbtools.crest.swingui.relational.TVFKRelation" oid="8C1CAAA5-9B8F-2711-6F51-3C5515FCAD95" otype="FKIndexAssociation" vid_source="0A9B7F92-E6B5-F01F-5F20-F5EE37EB29FB" vid_target="57835003-7F7C-175F-F945-6B2E4FF63C08">
<hideElementsInCurrentOnly>false</hideElementsInCurrentOnly>
<backgroundColor>-16777216</backgroundColor>
<lineWidth>1</lineWidth>
<points>
<point x="176" y="218"/>
<point x="176" y="117"/>
<point x="424" y="117"/>
</points>
</Connector>
<Connector class="oracle.dbtools.crest.swingui.relational.TVFKRelation" oid="90032B86-9A75-8AB2-F3F8-2E5A6F026E4C" otype="FKIndexAssociation" vid_source="33B76645-8371-86FA-269F-E50D3DB30CC0" vid_target="506C87E9-495F-ACD4-8B35-4DF21A815FEF">
<hideElementsInCurrentOnly>false</hideElementsInCurrentOnly>
<backgroundColor>-16777216</backgroundColor>
<lineWidth>1</lineWidth>
<points>
<point x="1267" y="712"/>
<point x="1267" y="627"/>
</points>
</Connector>
<Connector class="oracle.dbtools.crest.swingui.relational.TVFKRelation" oid="A57D8730-FC7A-7F43-20C3-4B853774AF97" otype="FKIndexAssociation" vid_source="33B76645-8371-86FA-269F-E50D3DB30CC0" vid_target="5F217C8C-326C-2DD5-E6CB-512BE39F1F52">
<hideElementsInCurrentOnly>false</hideElementsInCurrentOnly>
<backgroundColor>-16777216</backgroundColor>
<lineWidth>1</lineWidth>
<points>
<point x="1126" y="767"/>
<point x="873" y="767"/>
<point x="705" y="767"/>
</points>
</Connector>
<Connector class="oracle.dbtools.crest.swingui.relational.TVFKRelation" oid="BE1F44FD-63DE-E4FB-63E9-E4A7671A01B4" otype="FKIndexAssociation" vid_source="E4890197-89EC-4BC5-3B0B-C96A0BFDB77B" vid_target="55AB8776-4B7F-B4DD-6FF1-75729F3A21F6">
<hideElementsInCurrentOnly>false</hideElementsInCurrentOnly>
<backgroundColor>-16777216</backgroundColor>
<lineWidth>1</lineWidth>
<points>
<point x="915" y="288"/>
<point x="915" y="252"/>
<point x="729" y="252"/>
</points>
</Connector>
<Connector class="oracle.dbtools.crest.swingui.relational.TVFKRelation" oid="D9C93C45-9A07-CD26-8C66-9C50BD52A97B" otype="FKIndexAssociation" vid_source="E4890197-89EC-4BC5-3B0B-C96A0BFDB77B" vid_target="2D70BB9C-D195-5C02-FF9E-C95EE88ADB0B">
<hideElementsInCurrentOnly>false</hideElementsInCurrentOnly>
<backgroundColor>-16777216</backgroundColor>
<lineWidth>1</lineWidth>
<points>
<point x="967" y="466"/>
<point x="967" y="588"/>
</points>
</Connector>
<Connector class="oracle.dbtools.crest.swingui.relational.TVFKRelation" oid="F68E069A-EACC-8914-CAD1-D2E4A539D15E" otype="FKIndexAssociation" vid_source="57835003-7F7C-175F-F945-6B2E4FF63C08" vid_target="5C30838A-D26D-5E93-9F59-310C8C59990C">
<hideElementsInCurrentOnly>false</hideElementsInCurrentOnly>
<backgroundColor>-16777216</backgroundColor>
<lineWidth>1</lineWidth>
<points>
<point x="726" y="121"/>
<point x="974" y="121"/>
</points>
</Connector>
<Connector class="oracle.dbtools.crest.swingui.relational.TVFKRelation" oid="F8079EE8-77F2-D2AF-6637-C3F0A3B405CB" otype="FKIndexAssociation" vid_source="5F217C8C-326C-2DD5-E6CB-512BE39F1F52" vid_target="2D70BB9C-D195-5C02-FF9E-C95EE88ADB0B">
<hideElementsInCurrentOnly>false</hideElementsInCurrentOnly>
<backgroundColor>-16777216</backgroundColor>
<lineWidth>1</lineWidth>
<points>
<point x="705" y="693"/>
<point x="761" y="693"/>
<point x="909" y="693"/>
</points>
</Connector>
</connectors>
</Diagram>