<?xml version = '1.0' encoding = 'UTF-8'?>
<Diagram class="oracle.dbtools.crest.swingui.relational.DPVRelational" name="Relational_1" id="D196CCD9-27A1-21B0-90AE-3A5BEDFAE45E">
<createdBy>10151</createdBy>
<modifiedBy>10151</modifiedBy>
<createdTime>2022-10-09 14:38:02 UTC</createdTime>
<autoRoute>false</autoRoute>
<boxInbox>true</boxInbox>
<showLegend>false</showLegend>
<showLabels>false</showLabels>
<showRelAttributes>false</showRelAttributes>
<gridEnabled>false</gridEnabled>
<showGrid>false</showGrid>
<diagramColor>-1</diagramColor>
<display>false</display>
<notation>1</notation>
<objectViews>
<OView class="oracle.dbtools.crest.swingui.relational.TVTable" oid="209A794C-2919-56F1-D44C-DDC9D777E413" otype="Table" vid="306DC541-A2BC-D76C-FD8B-50A5B4EC1B16">
<hideElementsInCurrentOnly>false</hideElementsInCurrentOnly>
<bounds x="166" y="278" width="203" height="93"/>
</OView>
<OView class="oracle.dbtools.crest.swingui.relational.TVView" oid="294527CD-7C22-B04F-618A-544326F3E610" otype="View" vid="27953C26-40FE-6F6B-03CF-E7C7998FD177">
<hideElementsInCurrentOnly>false</hideElementsInCurrentOnly>
<bounds x="1060" y="549" width="184" height="143"/>
</OView>
<OView class="oracle.dbtools.crest.swingui.relational.TVView" oid="2F964397-A15B-2650-C633-A1CDD3497EA8" otype="View" vid="19ED1487-F77C-2F54-59B0-59AFB91B81F3">
<hideElementsInCurrentOnly>false</hideElementsInCurrentOnly>
<bounds x="1054" y="116" width="151" height="112"/>
</OView>
<OView class="oracle.dbtools.crest.swingui.relational.TVTable" oid="4F17C611-6FA8-542E-944E-ABD8F6EBF5F6" otype="Table" vid="F8A6DF8F-FB26-E677-6E13-716DEEFA8524">
<hideElementsInCurrentOnly>false</hideElementsInCurrentOnly>
<bounds x="345" y="17" width="246" height="214"/>
</OView>
<OView class="oracle.dbtools.crest.swingui.relational.TVTable" oid="83A70AFA-47F9-FE34-1BF1-738B3D3773B3" otype="Table" vid="362ED209-1BB7-41A6-62BD-4417D897479C">
<hideElementsInCurrentOnly>false</hideElementsInCurrentOnly>
<bounds x="265" y="644" width="288" height="187"/>
</OView>
<OView class="oracle.dbtools.crest.swingui.relational.TVTable" oid="88F1AFF4-BA18-B909-1A4A-83C30EFC9E59" otype="Table" vid="31CE6CAE-1001-7F8D-88C5-268DED71C69C">
<hideElementsInCurrentOnly>false</hideElementsInCurrentOnly>
<bounds x="1243" y="21" width="225" height="208"/>
</OView>
<OView class="oracle.dbtools.crest.swingui.relational.TVTable" oid="8BAE8F18-890E-943A-C1F8-8E54346576AC" otype="Table" vid="4CC2261C-F2A0-6D8F-94A6-47271CE95FD1">
<hideElementsInCurrentOnly>false</hideElementsInCurrentOnly>
<bounds x="1266" y="654" width="200" height="204"/>
</OView>
<OView class="oracle.dbtools.crest.swingui.relational.TVTable" oid="8CEFD231-EE3E-7DEA-C8AE-A85AB880AC67" otype="Table" vid="DB402915-3554-513D-FFB3-5D99F86D6A28">
<hideElementsInCurrentOnly>false</hideElementsInCurrentOnly>
<bounds x="286" y="477" width="259" height="132"/>
</OView>
<OView class="oracle.dbtools.crest.swingui.relational.TVTable" oid="8E8F7257-5AD4-4B2C-DA85-A8C221B257CB" otype="Table" vid="6A6AF2F2-6182-04F0-5E56-68D43B152463">
<hideElementsInCurrentOnly>false</hideElementsInCurrentOnly>
<bounds x="648" y="647" width="249" height="125"/>
</OView>
<OView class="oracle.dbtools.crest.swingui.relational.TVTable" oid="B1A89C0A-22C8-1C20-EE4A-8990A58C0350" otype="Table" vid="E7C28C6E-48EE-5782-2E8F-DA266F1E5706">
<hideElementsInCurrentOnly>false</hideElementsInCurrentOnly>
<bounds x="449" y="294" width="375" height="139"/>
</OView>
<OView class="oracle.dbtools.crest.swingui.relational.TVTable" oid="CD27F1BE-85AF-4D9A-FAD7-89328CAE74DB" otype="Table" vid="0E2A4A13-BCC0-C18E-FC46-9072BAFF202F">
<hideElementsInCurrentOnly>false</hideElementsInCurrentOnly>
<bounds x="13" y="451" width="235" height="106"/>
</OView>
<OView class="oracle.dbtools.crest.swingui.relational.TVTable" oid="CEB0DC11-FEF2-981D-511E-1E439676A592" otype="Table" vid="917F2300-0B12-6739-553C-C19123349E20">
<hideElementsInCurrentOnly>false</hideElementsInCurrentOnly>
<bounds x="891" y="280" width="184" height="204"/>
</OView>
<OView class="oracle.dbtools.crest.swingui.relational.TVTable" oid="D53BB313-CB85-EBF0-76AC-D8CED1716329" otype="Table" vid="2F75C604-1741-4A12-52E1-77C490A0958B">
<hideElementsInCurrentOnly>false</hideElementsInCurrentOnly>
<bounds x="761" y="25" width="281" height="137"/>
</OView>
<OView class="oracle.dbtools.crest.swingui.relational.TVView" oid="DA8582FE-3B90-3BFD-B9AF-7093480FD9D5" otype="View" vid="96F550A8-FBBC-3722-A364-202BC044FC48">
<hideElementsInCurrentOnly>false</hideElementsInCurrentOnly>
<bounds x="1155" y="278" width="142" height="150"/>
</OView>
<OView class="oracle.dbtools.crest.swingui.relational.TVTable" oid="DAF4FEA6-3E50-55BF-40DB-036751F6A6E9" otype="Table" vid="2FE5ADA0-89CA-DC22-A939-5FA14C2A8EC4">
<hideElementsInCurrentOnly>false</hideElementsInCurrentOnly>
<bounds x="22" y="13" width="239" height="155"/>
</OView>
</objectViews>
<connectors>
<Connector class="oracle.dbtools.crest.swingui.relational.TVFKRelation" oid="0DAD3B3E-70AB-3261-2310-4749DCA91D67" otype="FKIndexAssociation" vid_source="0E2A4A13-BCC0-C18E-FC46-9072BAFF202F" vid_target="F8A6DF8F-FB26-E677-6E13-716DEEFA8524">
<hideElementsInCurrentOnly>false</hideElementsInCurrentOnly>
<backgroundColor>-16777216</backgroundColor>
<lineWidth>1</lineWidth>
<points>
<point x="113" y="451"/>
<point x="113" y="195"/>
<point x="345" y="195"/>
</points>
</Connector>
<Connector class="oracle.dbtools.crest.swingui.relational.TVFKRelation" oid="13109429-F061-2CFF-F8A5-29681BCB7708" otype="FKIndexAssociation" vid_source="917F2300-0B12-6739-553C-C19123349E20" vid_target="E7C28C6E-48EE-5782-2E8F-DA266F1E5706">
<hideElementsInCurrentOnly>false</hideElementsInCurrentOnly>
<backgroundColor>-16777216</backgroundColor>
<lineWidth>1</lineWidth>
<points>
<point x="891" y="363"/>
<point x="824" y="363"/>
</points>
</Connector>
<Connector class="oracle.dbtools.crest.swingui.relational.TVFKRelation" oid="4A6964A1-26FB-67E6-4FC7-0F20FC8F33B9" otype="FKIndexAssociation" vid_source="0E2A4A13-BCC0-C18E-FC46-9072BAFF202F" vid_target="362ED209-1BB7-41A6-62BD-4417D897479C">
<hideElementsInCurrentOnly>false</hideElementsInCurrentOnly>
<backgroundColor>-16777216</backgroundColor>
<lineWidth>1</lineWidth>
<points>
<point x="190" y="557"/>
<point x="190" y="700"/>
<point x="265" y="700"/>
</points>
</Connector>
<Connector class="oracle.dbtools.crest.swingui.relational.TVFKRelation" oid="5B555D1F-3E8E-6650-C473-147651563A90" otype="FKIndexAssociation" vid_source="362ED209-1BB7-41A6-62BD-4417D897479C" vid_target="6A6AF2F2-6182-04F0-5E56-68D43B152463">
<hideElementsInCurrentOnly>false</hideElementsInCurrentOnly>
<backgroundColor>-16777216</backgroundColor>
<lineWidth>1</lineWidth>
<points>
<point x="553" y="709"/>
<point x="648" y="709"/>
</points>
</Connector>
<Connector class="oracle.dbtools.crest.swingui.relational.TVFKRelation" oid="6546835F-DF1C-E699-8B47-F753131DB4A5" otype="FKIndexAssociation" vid_source="917F2300-0B12-6739-553C-C19123349E20" vid_target="6A6AF2F2-6182-04F0-5E56-68D43B152463">
<hideElementsInCurrentOnly>false</hideElementsInCurrentOnly>
<backgroundColor>-16777216</backgroundColor>
<lineWidth>1</lineWidth>
<points>
<point x="894" y="484"/>
<point x="894" y="647"/>
</points>
</Connector>
<Connector class="oracle.dbtools.crest.swingui.relational.TVFKRelation" oid="76EE4ECB-E250-582D-A0FB-6A0A6A379DDA" otype="FKIndexAssociation" vid_source="4CC2261C-F2A0-6D8F-94A6-47271CE95FD1" vid_target="917F2300-0B12-6739-553C-C19123349E20">
<hideElementsInCurrentOnly>false</hideElementsInCurrentOnly>
<backgroundColor>-16777216</backgroundColor>
<lineWidth>1</lineWidth>
<points>
<point x="1266" y="734"/>
<point x="1042" y="734"/>
<point x="1042" y="484"/>
</points>
</Connector>
<Connector class="oracle.dbtools.crest.swingui.relational.TVFKRelation" oid="812C209D-9946-E97C-C23B-4F7FD0CBE38A" otype="FKIndexAssociation" vid_source="DB402915-3554-513D-FFB3-5D99F86D6A28" vid_target="31CE6CAE-1001-7F8D-88C5-268DED71C69C">
<hideElementsInCurrentOnly>false</hideElementsInCurrentOnly>
<backgroundColor>-16777216</backgroundColor>
<lineWidth>1</lineWidth>
<points>
<point x="545" y="505"/>
<point x="1344" y="505"/>
<point x="1344" y="229"/>
</points>
</Connector>
<Connector class="oracle.dbtools.crest.swingui.relational.TVFKRelation" oid="87AFE983-BA25-92A8-E2D5-F0970AACCC15" otype="FKIndexAssociation" vid_source="31CE6CAE-1001-7F8D-88C5-268DED71C69C" vid_target="2F75C604-1741-4A12-52E1-77C490A0958B">
<hideElementsInCurrentOnly>false</hideElementsInCurrentOnly>
<backgroundColor>-16777216</backgroundColor>
<lineWidth>1</lineWidth>
<points>
<point x="1243" y="93"/>
<point x="1042" y="93"/>
</points>
</Connector>
<Connector class="oracle.dbtools.crest.swingui.relational.TVFKRelation" oid="8E383692-5A89-9DE8-0A1D-4881089C5494" otype="FKIndexAssociation" vid_source="F8A6DF8F-FB26-E677-6E13-716DEEFA8524" vid_target="917F2300-0B12-6739-553C-C19123349E20">
<hideElementsInCurrentOnly>false</hideElementsInCurrentOnly>
<backgroundColor>-16777216</backgroundColor>
<lineWidth>1</lineWidth>
<points>
<point x="591" y="176"/>
<point x="1004" y="176"/>
<point x="1004" y="280"/>
</points>
</Connector>
<Connector class="oracle.dbtools.crest.swingui.relational.TVFKRelation" oid="93F48405-F186-2537-62C1-C3DD32DEF207" otype="FKIndexAssociation" vid_source="31CE6CAE-1001-7F8D-88C5-268DED71C69C" vid_target="917F2300-0B12-6739-553C-C19123349E20">
<hideElementsInCurrentOnly>false</hideElementsInCurrentOnly>
<backgroundColor>-16777216</backgroundColor>
<lineWidth>1</lineWidth>
<points>
<point x="1243" y="202"/>
<point x="1075" y="318"/>
</points>
</Connector>
<Connector class="oracle.dbtools.crest.swingui.relational.TVFKRelation" oid="AEC5BBD3-5905-D807-0F00-661F0D4B6CB8" otype="FKIndexAssociation" vid_source="F8A6DF8F-FB26-E677-6E13-716DEEFA8524" vid_target="2FE5ADA0-89CA-DC22-A939-5FA14C2A8EC4">
<hideElementsInCurrentOnly>false</hideElementsInCurrentOnly>
<backgroundColor>-16777216</backgroundColor>
<lineWidth>1</lineWidth>
<points>
<point x="345" y="92"/>
<point x="261" y="92"/>
</points>
</Connector>
<Connector class="oracle.dbtools.crest.swingui.relational.TVFKRelation" oid="B8496D45-9E15-15E8-5847-54809A6E8AC9" otype="FKIndexAssociation" vid_source="0E2A4A13-BCC0-C18E-FC46-9072BAFF202F" vid_target="362ED209-1BB7-41A6-62BD-4417D897479C">
<hideElementsInCurrentOnly>false</hideElementsInCurrentOnly>
<backgroundColor>-16777216</backgroundColor>
<lineWidth>1</lineWidth>
<points>
<point x="87" y="557"/>
<point x="87" y="775"/>
<point x="265" y="775"/>
</points>
</Connector>
<Connector class="oracle.dbtools.crest.swingui.relational.TVFKRelation" oid="BA97A65C-6AC0-4CCB-A588-AE982D97FE81" otype="FKIndexAssociation" vid_source="0E2A4A13-BCC0-C18E-FC46-9072BAFF202F" vid_target="DB402915-3554-513D-FFB3-5D99F86D6A28">
<hideElementsInCurrentOnly>false</hideElementsInCurrentOnly>
<backgroundColor>-16777216</backgroundColor>
<lineWidth>1</lineWidth>
<points>
<point x="248" y="517"/>
<point x="286" y="517"/>
</points>
</Connector>
<Connector class="oracle.dbtools.crest.swingui.relational.TVFKRelation" oid="BF25D1DD-B6CE-F525-1795-F06F728597B8" otype="FKIndexAssociation" vid_source="0E2A4A13-BCC0-C18E-FC46-9072BAFF202F" vid_target="2FE5ADA0-89CA-DC22-A939-5FA14C2A8EC4">
<hideElementsInCurrentOnly>false</hideElementsInCurrentOnly>
<backgroundColor>-16777216</backgroundColor>
<lineWidth>1</lineWidth>
<points>
<point x="56" y="451"/>
<point x="56" y="283"/>
<point x="56" y="168"/>
</points>
</Connector>
<Connector class="oracle.dbtools.crest.swingui.relational.TVFKRelation" oid="C4679D51-BA7B-F61A-449F-2C646A56D722" otype="FKIndexAssociation" vid_source="306DC541-A2BC-D76C-FD8B-50A5B4EC1B16" vid_target="E7C28C6E-48EE-5782-2E8F-DA266F1E5706">
<hideElementsInCurrentOnly>false</hideElementsInCurrentOnly>
<backgroundColor>-16777216</backgroundColor>
<lineWidth>1</lineWidth>
<points>
<point x="369" y="332"/>
<point x="449" y="332"/>
</points>
</Connector>
<Connector class="oracle.dbtools.crest.swingui.relational.TVFKRelation" oid="EFF65EEF-66F6-342D-DBCF-CC1024746F13" otype="FKIndexAssociation" vid_source="F8A6DF8F-FB26-E677-6E13-716DEEFA8524" vid_target="2F75C604-1741-4A12-52E1-77C490A0958B">
<hideElementsInCurrentOnly>false</hideElementsInCurrentOnly>
<backgroundColor>-16777216</backgroundColor>
<lineWidth>1</lineWidth>
<points>
<point x="591" y="93"/>
<point x="761" y="93"/>
</points>
</Connector>
</connectors>
</Diagram>