<?xml version = '1.0' encoding = 'UTF-8'?>
<Table class="oracle.dbtools.crest.model.design.relational.Table" directorySegmentName="seg_0" id="09712736-6231-A446-3406-B544DC2FF23E" name="Goods_Posting">
<createdBy>10151</createdBy>
<createdTime>2022-10-01 22:08:46 UTC</createdTime>
<generatorID>C3ABFF17-5828-1E96-833A-B47876CB6682</generatorID>
<ownerDesignName>DBhw2</ownerDesignName>
<allowColumnReorder>false</allowColumnReorder>
<existDependencyGenerateInDDl>true</existDependencyGenerateInDDl>
<parsed>true</parsed>
<columns itemClass="oracle.dbtools.crest.model.design.relational.Column">
<Column name="goods_Title" id="209096F6-4522-7C1B-E9EC-8A66794EBB0F">
<createdBy>10151</createdBy>
<createdTime>2022-10-01 22:08:46 UTC</createdTime>
<generatorID>B18C7197-8102-CD99-C0EA-CA4620212AE4</generatorID>
<ownerDesignName>DBhw2</ownerDesignName>
<use>0</use>
<logicalDatatype>LOGDT025</logicalDatatype>
<domain>056B496A-52CD-F522-8F59-A0CAE09C7C05</domain>
<ownDataTypeParameters>,,</ownDataTypeParameters>
<previousColumn>false</previousColumn>
<autoIncrementCycle>false</autoIncrementCycle>
<associations>
<colAssociation fkAssociation="BE1F44FD-63DE-E4FB-63E9-E4A7671A01B4" referredColumn="62ED8B4B-980E-5E54-E45A-CBE344F2E252"/>
</associations>
</Column>
<Column name="goods_posting_Date" id="7C097D20-165E-D1C9-7662-BF6A722F6D36">
<createdBy>10151</createdBy>
<createdTime>2022-10-01 22:08:46 UTC</createdTime>
<generatorID>A816060F-5901-76CF-D6E2-7F5A2E746623</generatorID>
<ownerDesignName>DBhw2</ownerDesignName>
<use>0</use>
<logicalDatatype>LOGDT007</logicalDatatype>
<domain>F4850004-7CB5-D5EA-66F9-BBFDDB3E082A</domain>
<ownDataTypeParameters>,,</ownDataTypeParameters>
<previousColumn>false</previousColumn>
<autoIncrementCycle>false</autoIncrementCycle>
<listOfRanges>
<rangeDef class="oracle.dbtools.crest.model.design.constraint.AVT">
<beginValue>date &apos;2022-01-01&apos;</beginValue>
<endValue>date &apos;2022-12-31&apos;</endValue>
</rangeDef>
</listOfRanges>
<associations>
<colAssociation fkAssociation="BE1F44FD-63DE-E4FB-63E9-E4A7671A01B4" referredColumn="5C7ABC1D-92FC-AC12-B67E-E38AF68D6A59"/>
</associations>
</Column>
<Column name="writer" id="03574D79-40D0-5FD3-6297-5BC953F8BBCE">
<createdBy>10151</createdBy>
<createdTime>2022-10-01 22:08:46 UTC</createdTime>
<generatorID>4C5F4060-9725-DC40-7693-3FA68815FF22</generatorID>
<ownerDesignName>DBhw2</ownerDesignName>
<nullsAllowed>true</nullsAllowed>
<use>0</use>
<logicalDatatype>LOGDT025</logicalDatatype>
<domain>056B496A-52CD-F522-8F59-A0CAE09C7C05</domain>
<ownDataTypeParameters>,,</ownDataTypeParameters>
<previousColumn>false</previousColumn>
<autoIncrementCycle>false</autoIncrementCycle>
<associations>
<colAssociation fkAssociation="619EF333-6277-A018-A1EC-7EFBA4B4FBCE" referredColumn="BF50570F-63BC-84AB-D241-8A748580D91F"/>
</associations>
</Column>
</columns>
<indexes itemClass="oracle.dbtools.crest.model.design.relational.Index">
<ind_PK_UK id="54C0891A-2EC9-F734-2637-00FE91DB97C5" name="Order_Posting_PK">
<createdBy>10151</createdBy>
<createdTime>2022-10-01 22:08:46 UTC</createdTime>
<generatorID>A7791F9A-9666-7F2B-FF87-F6845993F646</generatorID>
<ownerDesignName>DBhw2</ownerDesignName>
<pk>true</pk>
<indexState>Primary Constraint</indexState>
<isSurrogateKey>false</isSurrogateKey>
<indexColumnUsage>
<colUsage columnID="209096F6-4522-7C1B-E9EC-8A66794EBB0F"/>
<colUsage columnID="7C097D20-165E-D1C9-7662-BF6A722F6D36"/>
</indexColumnUsage>
</ind_PK_UK>
<ind_PK_UK id="BBA5331E-2B19-2EB4-6DB9-5B682573FA99" name="poting_to_Goods">
<createdBy>10151</createdBy>
<createdTime>2022-10-01 22:08:46 UTC</createdTime>
<generatorID>77A57072-CC4E-359E-26E4-40CF0ACB7CAD</generatorID>
<ownerDesignName>DBhw2</ownerDesignName>
<indexState>Foreign Key</indexState>
<isSurrogateKey>false</isSurrogateKey>
<indexColumnUsage>
<colUsage columnID="209096F6-4522-7C1B-E9EC-8A66794EBB0F"/>
<colUsage columnID="7C097D20-165E-D1C9-7662-BF6A722F6D36"/>
</indexColumnUsage>
</ind_PK_UK>
<ind_PK_UK id="0CC5DAFD-2C62-11E7-1B87-92448FEF2BB7" name="user_goods_Posting">
<createdBy>10151</createdBy>
<createdTime>2022-10-01 22:08:46 UTC</createdTime>
<generatorID>2A3F5BCF-027F-ECFE-6C2F-3BA5B96C7081</generatorID>
<ownerDesignName>DBhw2</ownerDesignName>
<indexState>Foreign Key</indexState>
<isSurrogateKey>false</isSurrogateKey>
<indexColumnUsage>
<colUsage columnID="03574D79-40D0-5FD3-6297-5BC953F8BBCE"/>
</indexColumnUsage>
</ind_PK_UK>
</indexes>
</Table>