<?xml version = '1.0' encoding = 'UTF-8'?>
<Table class="oracle.dbtools.crest.model.design.relational.Table" directorySegmentName="seg_0" id="3606DD6F-0A55-5287-C5D0-17A4D5F83950" name="employee">
<createdBy>10151</createdBy>
<createdTime>2022-10-01 22:08:46 UTC</createdTime>
<generatorID>B5D7C31A-E0D0-F015-7B29-B1D2F3E3F6FE</generatorID>
<ownerDesignName>DBhw2</ownerDesignName>
<allowColumnReorder>false</allowColumnReorder>
<existDependencyGenerateInDDl>true</existDependencyGenerateInDDl>
<parsed>true</parsed>
<columns itemClass="oracle.dbtools.crest.model.design.relational.Column">
<Column name="emp_no" id="1EEC05E3-D9CE-68EE-F7A4-FC36D1A295F8">
<createdBy>10151</createdBy>
<createdTime>2022-10-01 22:08:46 UTC</createdTime>
<generatorID>9FFF70CB-D874-AF86-DE39-07D7741E3601</generatorID>
<ownerDesignName>DBhw2</ownerDesignName>
<use>0</use>
<logicalDatatype>LOGDT019</logicalDatatype>
<domain>B61C4286-9FB8-84AA-2302-2A5CF6D7B99F</domain>
<ownDataTypeParameters>,,</ownDataTypeParameters>
<autoIncrementCycle>false</autoIncrementCycle>
</Column>
<Column name="nickname" id="92875F28-3B83-6F77-54A8-C75DB212C114">
<createdBy>10151</createdBy>
<createdTime>2022-10-01 22:08:46 UTC</createdTime>
<generatorID>51FB7D79-3A9F-6630-2B5A-02761E5C9A06</generatorID>
<ownerDesignName>DBhw2</ownerDesignName>
<use>0</use>
<logicalDatatype>LOGDT025</logicalDatatype>
<domain>B60690E5-1E9B-139C-B952-2BA7DF1E8DCD</domain>
<ownDataTypeParameters>,,</ownDataTypeParameters>
<autoIncrementCycle>false</autoIncrementCycle>
</Column>
<Column name="name" id="08CF17AC-E4AE-DBA9-13D4-BDF1A56759D5">
<createdBy>10151</createdBy>
<createdTime>2022-10-01 22:08:46 UTC</createdTime>
<generatorID>010D8F92-9BC0-A223-8270-F66587C1CAD0</generatorID>
<ownerDesignName>DBhw2</ownerDesignName>
<nullsAllowed>true</nullsAllowed>
<use>0</use>
<logicalDatatype>LOGDT025</logicalDatatype>
<domain>056B496A-52CD-F522-8F59-A0CAE09C7C05</domain>
<ownDataTypeParameters>,,</ownDataTypeParameters>
<autoIncrementCycle>false</autoIncrementCycle>
</Column>
<Column name="pno" id="07CADBA0-B1EA-A6A7-EEE8-808404F53BFD">
<createdBy>10151</createdBy>
<createdTime>2022-10-01 22:08:46 UTC</createdTime>
<generatorID>A03DE530-3527-3D87-5A31-3B40B3F9E196</generatorID>
<ownerDesignName>DBhw2</ownerDesignName>
<nullsAllowed>true</nullsAllowed>
<use>0</use>
<logicalDatatype>LOGDT019</logicalDatatype>
<domain>CAF0EDF3-9833-488F-DA0B-21C72892C171</domain>
<ownDataTypeParameters>,,</ownDataTypeParameters>
<autoIncrementCycle>false</autoIncrementCycle>
</Column>
<Column name="address" id="B9AE7121-2B79-EE23-8970-EDE092CD718D">
<createdBy>10151</createdBy>
<createdTime>2022-10-01 22:08:46 UTC</createdTime>
<generatorID>9285491F-70F8-946C-DC44-B7F07CC22543</generatorID>
<ownerDesignName>DBhw2</ownerDesignName>
<nullsAllowed>true</nullsAllowed>
<use>0</use>
<logicalDatatype>LOGDT024</logicalDatatype>
<domain>5EC83322-1670-3E49-0723-65FB212702D1</domain>
<ownDataTypeParameters>,,</ownDataTypeParameters>
<autoIncrementCycle>false</autoIncrementCycle>
</Column>
<Column name="email" id="1EC0E045-3DC0-80F1-E43D-C902AC6F6CB0">
<createdBy>10151</createdBy>
<createdTime>2022-10-01 22:08:46 UTC</createdTime>
<generatorID>ECF7DF23-B50F-113A-CF82-0D4026C71A35</generatorID>
<ownerDesignName>DBhw2</ownerDesignName>
<nullsAllowed>true</nullsAllowed>
<use>0</use>
<logicalDatatype>LOGDT025</logicalDatatype>
<domain>480FA508-BFAE-42D8-CB11-3892254AA5BC</domain>
<ownDataTypeParameters>,,</ownDataTypeParameters>
<autoIncrementCycle>false</autoIncrementCycle>
</Column>
<Column name="department" id="A1391982-9990-42F2-EA4C-BAA307D973F4">
<createdBy>10151</createdBy>
<createdTime>2022-10-01 22:14:07 UTC</createdTime>
<generatorID>3B6B4CBF-D2CB-3E3F-B2E9-6AC9508F8235</generatorID>
<ownerDesignName>DBhw2</ownerDesignName>
<use>0</use>
<logicalDatatype>LOGDT025</logicalDatatype>
<domain>056B496A-52CD-F522-8F59-A0CAE09C7C05</domain>
<ownDataTypeParameters>,,</ownDataTypeParameters>
<previousColumn>false</previousColumn>
<autoIncrementCycle>false</autoIncrementCycle>
<associations>
<colAssociation fkAssociation="A57D8730-FC7A-7F43-20C3-4B853774AF97" referredColumn="C9A8258D-7FD9-6850-0E53-E01A7B89BB2C"/>
</associations>
</Column>
</columns>
<indexes itemClass="oracle.dbtools.crest.model.design.relational.Index">
<ind_PK_UK id="F254E770-58CC-2937-BB17-7D340C5700AE" name="employee_PK">
<createdBy>10151</createdBy>
<createdTime>2022-10-01 22:08:46 UTC</createdTime>
<generatorID>FA51EC2F-7030-E458-0CF8-8BE2801004EC</generatorID>
<ownerDesignName>DBhw2</ownerDesignName>
<pk>true</pk>
<indexState>Primary Constraint</indexState>
<isSurrogateKey>false</isSurrogateKey>
<indexColumnUsage>
<colUsage columnID="1EEC05E3-D9CE-68EE-F7A4-FC36D1A295F8"/>
</indexColumnUsage>
</ind_PK_UK>
<ind_PK_UK id="DA5AAFA3-9BDF-7F5D-3B9C-62961D6ADC55" name="management">
<createdBy>10151</createdBy>
<createdTime>2022-10-01 22:08:46 UTC</createdTime>
<generatorID>7AA0D535-9B95-EDB2-3E70-0361B3D17E95</generatorID>
<ownerDesignName>DBhw2</ownerDesignName>
<indexState>Unique Constraint</indexState>
<isSurrogateKey>false</isSurrogateKey>
<indexColumnUsage>
<colUsage columnID="92875F28-3B83-6F77-54A8-C75DB212C114"/>
</indexColumnUsage>
</ind_PK_UK>
<ind_PK_UK id="132A754F-27D4-CA80-DFF6-8E6F3075B601" name="employee__IDX">
<createdBy>10151</createdBy>
<createdTime>2022-10-01 22:14:07 UTC</createdTime>
<ownerDesignName>DBhw2</ownerDesignName>
<indexState>Unique Plain Index</indexState>
<isSurrogateKey>false</isSurrogateKey>
<relationGeneratorID>05A3DD91-281B-287A-9FD3-9C135A946D68</relationGeneratorID>
<indexColumnUsage>
<colUsage columnID="A1391982-9990-42F2-EA4C-BAA307D973F4"/>
</indexColumnUsage>
</ind_PK_UK>
<ind_PK_UK id="15FB9920-D616-3C15-C0A2-F32E0BD0817B" name="em_to_comapany">
<createdBy>10151</createdBy>
<createdTime>2022-10-01 22:14:07 UTC</createdTime>
<generatorID>05A3DD91-281B-287A-9FD3-9C135A946D68</generatorID>
<ownerDesignName>DBhw2</ownerDesignName>
<indexState>Foreign Key</indexState>
<isSurrogateKey>false</isSurrogateKey>
<indexColumnUsage>
<colUsage columnID="A1391982-9990-42F2-EA4C-BAA307D973F4"/>
</indexColumnUsage>
</ind_PK_UK>
</indexes>
</Table>