<?xml version = '1.0' encoding = 'UTF-8'?>
<Table class="oracle.dbtools.crest.model.design.relational.Table" directorySegmentName="seg_0" id="632AF1C6-C5F9-58D3-6DD3-B7FE117ED8AB" name="goods_Order">
<createdBy>10151</createdBy>
<createdTime>2022-10-01 22:08:46 UTC</createdTime>
<ownerDesignName>DBhw2</ownerDesignName>
<allowColumnReorder>false</allowColumnReorder>
<existDependencyGenerateInDDl>true</existDependencyGenerateInDDl>
<parsed>true</parsed>
<columns itemClass="oracle.dbtools.crest.model.design.relational.Column">
<Column name="Order_goods" id="549B0564-229B-3932-633F-CBCA6AEE3C1D">
<createdBy>10151</createdBy>
<createdTime>2022-10-01 22:08:46 UTC</createdTime>
<ownerDesignName>DBhw2</ownerDesignName>
<use>0</use>
<logicalDatatype>LOGDT025</logicalDatatype>
<domain>A251B5D6-EA72-D18B-1F08-362832963F4B</domain>
<ownDataTypeParameters>,,</ownDataTypeParameters>
<previousColumn>false</previousColumn>
<autoIncrementCycle>false</autoIncrementCycle>
<associations>
<colAssociation fkAssociation="F68E069A-EACC-8914-CAD1-D2E4A539D15E" referredColumn="73C665B0-B96C-3699-3CF7-58C438BC4E78"/>
</associations>
</Column>
<Column name="goods_no" id="0B51B3B8-0505-84E2-7F13-366F1FE85925">
<createdBy>10151</createdBy>
<createdTime>2022-10-01 22:08:46 UTC</createdTime>
<ownerDesignName>DBhw2</ownerDesignName>
<use>0</use>
<logicalDatatype>LOGDT019</logicalDatatype>
<domain>B61C4286-9FB8-84AA-2302-2A5CF6D7B99F</domain>
<ownDataTypeParameters>,,</ownDataTypeParameters>
<previousColumn>false</previousColumn>
<autoIncrementCycle>false</autoIncrementCycle>
<associations>
<colAssociation fkAssociation="6264B19D-98C4-6317-2964-3DB5841E8067" referredColumn="5C72C5B5-DBF0-2744-1446-83C6FDA58C4D"/>
</associations>
</Column>
</columns>
<indexes itemClass="oracle.dbtools.crest.model.design.relational.Index">
<ind_PK_UK id="8C9F69FF-D562-2761-D4BE-0EC7812930ED" name="goods_Order_PK">
<createdBy>10151</createdBy>
<createdTime>2022-10-01 22:08:46 UTC</createdTime>
<ownerDesignName>DBhw2</ownerDesignName>
<pk>true</pk>
<indexState>Primary Constraint</indexState>
<isSurrogateKey>false</isSurrogateKey>
<indexColumnUsage>
<colUsage columnID="549B0564-229B-3932-633F-CBCA6AEE3C1D"/>
<colUsage columnID="0B51B3B8-0505-84E2-7F13-366F1FE85925"/>
</indexColumnUsage>
</ind_PK_UK>
<ind_PK_UK id="CECB6CD3-151B-9CD3-C39D-5EC94D23D6EB" name="goods_Order_Order_FK">
<createdBy>10151</createdBy>
<createdTime>2022-10-01 22:08:46 UTC</createdTime>
<generatorID>C0057F27-334A-B097-2798-7207D399D61D</generatorID>
<ownerDesignName>DBhw2</ownerDesignName>
<indexState>Foreign Key</indexState>
<isSurrogateKey>false</isSurrogateKey>
<indexColumnUsage>
<colUsage columnID="549B0564-229B-3932-633F-CBCA6AEE3C1D"/>
</indexColumnUsage>
</ind_PK_UK>
<ind_PK_UK id="E9B9BA50-14D5-F52B-F830-E61AE892C49D" name="goods_Order_Goods_FK">
<createdBy>10151</createdBy>
<createdTime>2022-10-01 22:08:46 UTC</createdTime>
<generatorID>C0057F27-334A-B097-2798-7207D399D61D</generatorID>
<ownerDesignName>DBhw2</ownerDesignName>
<indexState>Foreign Key</indexState>
<isSurrogateKey>false</isSurrogateKey>
<indexColumnUsage>
<colUsage columnID="0B51B3B8-0505-84E2-7F13-366F1FE85925"/>
</indexColumnUsage>
</ind_PK_UK>
</indexes>
</Table>