<?xml version = '1.0' encoding = 'UTF-8'?>
<Table class="oracle.dbtools.crest.model.design.relational.Table" directorySegmentName="seg_0" id="64FDDF26-CB56-48E0-42D6-E3CEB19A00E9" name="Goods">
<createdBy>10151</createdBy>
<createdTime>2022-10-01 22:08:46 UTC</createdTime>
<generatorID>015E29F1-74E5-A2DE-2D75-4CE352F3590A</generatorID>
<ownerDesignName>DBhw2</ownerDesignName>
<allowColumnReorder>false</allowColumnReorder>
<existDependencyGenerateInDDl>true</existDependencyGenerateInDDl>
<parsed>true</parsed>
<columns itemClass="oracle.dbtools.crest.model.design.relational.Column">
<Column name="g_no" id="5C72C5B5-DBF0-2744-1446-83C6FDA58C4D">
<createdBy>10151</createdBy>
<createdTime>2022-10-01 22:08:46 UTC</createdTime>
<generatorID>053524ED-A843-9292-75D2-3F9CD8E6FFE6</generatorID>
<ownerDesignName>DBhw2</ownerDesignName>
<use>0</use>
<logicalDatatype>LOGDT019</logicalDatatype>
<domain>B61C4286-9FB8-84AA-2302-2A5CF6D7B99F</domain>
<ownDataTypeParameters>,,</ownDataTypeParameters>
<autoIncrementCycle>false</autoIncrementCycle>
</Column>
<Column name="name" id="C72C8AD2-D6E2-90F9-3B3C-C948536D1CB3">
<createdBy>10151</createdBy>
<createdTime>2022-10-01 22:08:46 UTC</createdTime>
<generatorID>F60A2BF3-5CC9-5529-231E-EF0F3E8F1746</generatorID>
<ownerDesignName>DBhw2</ownerDesignName>
<use>0</use>
<logicalDatatype>LOGDT025</logicalDatatype>
<domain>056B496A-52CD-F522-8F59-A0CAE09C7C05</domain>
<ownDataTypeParameters>,,</ownDataTypeParameters>
<autoIncrementCycle>false</autoIncrementCycle>
</Column>
<Column name="count" id="FB4A8995-7A6F-D301-C5D7-8E67E99C8C20">
<createdBy>10151</createdBy>
<createdTime>2022-10-01 22:08:46 UTC</createdTime>
<generatorID>1970B118-955B-4846-A4D3-2D417FB4A830</generatorID>
<ownerDesignName>DBhw2</ownerDesignName>
<nullsAllowed>true</nullsAllowed>
<use>0</use>
<logicalDatatype>LOGDT019</logicalDatatype>
<domain>B61C4286-9FB8-84AA-2302-2A5CF6D7B99F</domain>
<ownDataTypeParameters>,,</ownDataTypeParameters>
<autoIncrementCycle>false</autoIncrementCycle>
</Column>
<Column name="price" id="8F92EE3F-D839-8D52-DA15-6E29F698D29B">
<createdBy>10151</createdBy>
<createdTime>2022-10-01 22:08:46 UTC</createdTime>
<generatorID>9804D8AA-0046-A85C-5CB2-25BFD412F7EE</generatorID>
<ownerDesignName>DBhw2</ownerDesignName>
<nullsAllowed>true</nullsAllowed>
<use>0</use>
<logicalDatatype>LOGDT019</logicalDatatype>
<domain>44D5DD45-E555-843B-1070-9C2F05840214</domain>
<ownDataTypeParameters>,,</ownDataTypeParameters>
<autoIncrementCycle>false</autoIncrementCycle>
<listOfRanges>
<rangeDef class="oracle.dbtools.crest.model.design.constraint.AVT">
<beginValue>100</beginValue>
<endValue>900000</endValue>
</rangeDef>
</listOfRanges>
</Column>
</columns>
<indexes itemClass="oracle.dbtools.crest.model.design.relational.Index">
<ind_PK_UK id="D0FE2205-AF31-DDEE-8B17-9C7B671C2EAC" name="Goods_PK">
<createdBy>10151</createdBy>
<createdTime>2022-10-01 22:08:46 UTC</createdTime>
<generatorID>19D8B7D2-2135-90B2-A2FA-A5337005B758</generatorID>
<ownerDesignName>DBhw2</ownerDesignName>
<pk>true</pk>
<indexState>Primary Constraint</indexState>
<isSurrogateKey>false</isSurrogateKey>
<indexColumnUsage>
<colUsage columnID="5C72C5B5-DBF0-2744-1446-83C6FDA58C4D"/>
</indexColumnUsage>
</ind_PK_UK>
</indexes>
</Table>