<?xml version = '1.0' encoding = 'UTF-8'?>
<Table class="oracle.dbtools.crest.model.design.relational.Table" directorySegmentName="seg_0" id="7705BAC1-197A-05A1-3E22-BA7CB3EC26D3" name="company_made">
<createdBy>10151</createdBy>
<createdTime>2022-10-02 08:53:22 UTC</createdTime>
<ownerDesignName>DBhw2</ownerDesignName>
<ordsAlias>relation_5</ordsAlias>
<allowColumnReorder>false</allowColumnReorder>
<existDependencyGenerateInDDl>true</existDependencyGenerateInDDl>
<parsed>true</parsed>
<columns itemClass="oracle.dbtools.crest.model.design.relational.Column">
<Column name="c_Name" id="58A4138E-2FEB-258B-D2ED-4FB408C5EA9F">
<createdBy>10151</createdBy>
<createdTime>2022-10-02 08:53:22 UTC</createdTime>
<ownerDesignName>DBhw2</ownerDesignName>
<use>0</use>
<logicalDatatype>LOGDT025</logicalDatatype>
<domain>056B496A-52CD-F522-8F59-A0CAE09C7C05</domain>
<ownDataTypeParameters>,,</ownDataTypeParameters>
<previousColumn>false</previousColumn>
<autoIncrementCycle>false</autoIncrementCycle>
<associations>
<colAssociation fkAssociation="90032B86-9A75-8AB2-F3F8-2E5A6F026E4C" referredColumn="C9A8258D-7FD9-6850-0E53-E01A7B89BB2C"/>
</associations>
</Column>
<Column name="Goods_no" id="E9450191-9C52-40A5-191D-1CA0A0EBB14F">
<createdBy>10151</createdBy>
<createdTime>2022-10-02 08:53:22 UTC</createdTime>
<ownerDesignName>DBhw2</ownerDesignName>
<use>0</use>
<logicalDatatype>LOGDT019</logicalDatatype>
<domain>B61C4286-9FB8-84AA-2302-2A5CF6D7B99F</domain>
<ownDataTypeParameters>,,</ownDataTypeParameters>
<previousColumn>false</previousColumn>
<autoIncrementCycle>false</autoIncrementCycle>
<associations>
<colAssociation fkAssociation="3C98D554-850F-FBE9-5C9D-0583CCB10C9D" referredColumn="5C72C5B5-DBF0-2744-1446-83C6FDA58C4D"/>
</associations>
</Column>
</columns>
<indexes itemClass="oracle.dbtools.crest.model.design.relational.Index">
<ind_PK_UK id="8D9AA0A9-2F00-C4FE-83F7-8FC661AA03BE" name="Relation_5_PK">
<createdBy>10151</createdBy>
<createdTime>2022-10-02 08:53:22 UTC</createdTime>
<ownerDesignName>DBhw2</ownerDesignName>
<pk>true</pk>
<indexState>Primary Constraint</indexState>
<isSurrogateKey>false</isSurrogateKey>
<indexColumnUsage>
<colUsage columnID="58A4138E-2FEB-258B-D2ED-4FB408C5EA9F"/>
<colUsage columnID="E9450191-9C52-40A5-191D-1CA0A0EBB14F"/>
</indexColumnUsage>
</ind_PK_UK>
<ind_PK_UK id="7AA8308A-1C76-9622-B81C-CB54DC91A706" name="Relation_5_Comapny_FK">
<createdBy>10151</createdBy>
<createdTime>2022-10-02 08:53:22 UTC</createdTime>
<generatorID>0B53C29F-B839-4A01-562B-8CE3F0AF546B</generatorID>
<ownerDesignName>DBhw2</ownerDesignName>
<indexState>Foreign Key</indexState>
<isSurrogateKey>false</isSurrogateKey>
<indexColumnUsage>
<colUsage columnID="58A4138E-2FEB-258B-D2ED-4FB408C5EA9F"/>
</indexColumnUsage>
</ind_PK_UK>
<ind_PK_UK id="1ADF278A-F4AD-805A-42F1-7DCBCA7FBE94" name="Relation_5_Goods_FK">
<createdBy>10151</createdBy>
<createdTime>2022-10-02 08:53:22 UTC</createdTime>
<generatorID>0B53C29F-B839-4A01-562B-8CE3F0AF546B</generatorID>
<ownerDesignName>DBhw2</ownerDesignName>
<indexState>Foreign Key</indexState>
<isSurrogateKey>false</isSurrogateKey>
<indexColumnUsage>
<colUsage columnID="E9450191-9C52-40A5-191D-1CA0A0EBB14F"/>
</indexColumnUsage>
</ind_PK_UK>
</indexes>
</Table>