<?xml version = '1.0' encoding = 'UTF-8'?>
<Table class="oracle.dbtools.crest.model.design.relational.Table" directorySegmentName="seg_0" id="9E9D6D5E-5973-CAD2-208F-DA24BD5F8342" name="Shipping_Posting">
<createdBy>10151</createdBy>
<createdTime>2022-10-01 22:08:46 UTC</createdTime>
<generatorID>1171CAA4-3035-D67D-7E1A-2639A790DF64</generatorID>
<ownerDesignName>DBhw2</ownerDesignName>
<allowColumnReorder>false</allowColumnReorder>
<existDependencyGenerateInDDl>true</existDependencyGenerateInDDl>
<parsed>true</parsed>
<columns itemClass="oracle.dbtools.crest.model.design.relational.Column">
<Column name="shipping_Title" id="388BE4D6-592D-2B36-404B-78BD078F63C4">
<createdBy>10151</createdBy>
<createdTime>2022-10-01 22:08:46 UTC</createdTime>
<generatorID>6CF91364-EBAD-1EEA-DE98-1378E8E1FB02</generatorID>
<ownerDesignName>DBhw2</ownerDesignName>
<use>0</use>
<logicalDatatype>LOGDT025</logicalDatatype>
<domain>056B496A-52CD-F522-8F59-A0CAE09C7C05</domain>
<ownDataTypeParameters>,,</ownDataTypeParameters>
<previousColumn>false</previousColumn>
<autoIncrementCycle>false</autoIncrementCycle>
<associations>
<colAssociation fkAssociation="68E68AE7-217E-3917-F529-BD6D8D7D0841" referredColumn="62ED8B4B-980E-5E54-E45A-CBE344F2E252"/>
</associations>
</Column>
<Column name="ship_posting_Date" id="3654A789-0197-F48C-BAD0-52B9D37EA533">
<createdBy>10151</createdBy>
<createdTime>2022-10-01 22:08:46 UTC</createdTime>
<generatorID>2A2B3E18-5E49-B577-7649-9B6B9AC62B88</generatorID>
<ownerDesignName>DBhw2</ownerDesignName>
<use>0</use>
<logicalDatatype>LOGDT007</logicalDatatype>
<domain>F4850004-7CB5-D5EA-66F9-BBFDDB3E082A</domain>
<ownDataTypeParameters>,,</ownDataTypeParameters>
<previousColumn>false</previousColumn>
<autoIncrementCycle>false</autoIncrementCycle>
<listOfRanges>
<rangeDef class="oracle.dbtools.crest.model.design.constraint.AVT">
<beginValue>date &apos;2022-01-01&apos;</beginValue>
<endValue>date &apos;2022-12-31&apos;</endValue>
</rangeDef>
</listOfRanges>
<associations>
<colAssociation fkAssociation="68E68AE7-217E-3917-F529-BD6D8D7D0841" referredColumn="5C7ABC1D-92FC-AC12-B67E-E38AF68D6A59"/>
</associations>
</Column>
<Column name="writer" id="B221007A-8B36-A3A0-38FE-CE91F87214B1">
<createdBy>10151</createdBy>
<createdTime>2022-10-01 22:08:46 UTC</createdTime>
<generatorID>049F0247-8666-47D8-E1DA-F91E4189B5B7</generatorID>
<ownerDesignName>DBhw2</ownerDesignName>
<nullsAllowed>true</nullsAllowed>
<use>0</use>
<logicalDatatype>LOGDT025</logicalDatatype>
<domain>056B496A-52CD-F522-8F59-A0CAE09C7C05</domain>
<ownDataTypeParameters>,,</ownDataTypeParameters>
<previousColumn>false</previousColumn>
<autoIncrementCycle>false</autoIncrementCycle>
<associations>
<colAssociation fkAssociation="4E74D485-3508-C61C-0316-5B513802ECD8" referredColumn="BF50570F-63BC-84AB-D241-8A748580D91F"/>
</associations>
</Column>
</columns>
<indexes itemClass="oracle.dbtools.crest.model.design.relational.Index">
<ind_PK_UK id="F40BC7C6-C47C-8F74-DCAE-C7286DFFD4AC" name="Shipping_Posting_PK">
<createdBy>10151</createdBy>
<createdTime>2022-10-01 22:08:46 UTC</createdTime>
<generatorID>59C5532E-584F-AF21-2DE9-C84BFD5EA3A5</generatorID>
<ownerDesignName>DBhw2</ownerDesignName>
<pk>true</pk>
<indexState>Primary Constraint</indexState>
<isSurrogateKey>false</isSurrogateKey>
<indexColumnUsage>
<colUsage columnID="388BE4D6-592D-2B36-404B-78BD078F63C4"/>
<colUsage columnID="3654A789-0197-F48C-BAD0-52B9D37EA533"/>
</indexColumnUsage>
</ind_PK_UK>
<ind_PK_UK id="4CF35DCD-65CE-B618-A827-BD463F52860A" name="posting_to_Shipping">
<createdBy>10151</createdBy>
<createdTime>2022-10-01 22:08:46 UTC</createdTime>
<generatorID>2FE1DCA3-4123-AE23-8753-3D2A8E2CB944</generatorID>
<ownerDesignName>DBhw2</ownerDesignName>
<indexState>Foreign Key</indexState>
<isSurrogateKey>false</isSurrogateKey>
<indexColumnUsage>
<colUsage columnID="388BE4D6-592D-2B36-404B-78BD078F63C4"/>
<colUsage columnID="3654A789-0197-F48C-BAD0-52B9D37EA533"/>
</indexColumnUsage>
</ind_PK_UK>
<ind_PK_UK id="C3FBC899-FFF8-B560-E0CC-974C8330200B" name="user_shipping_Posting">
<createdBy>10151</createdBy>
<createdTime>2022-10-01 22:08:46 UTC</createdTime>
<generatorID>452499E9-3F0E-04D1-2A0E-E8D3F8B91BA9</generatorID>
<ownerDesignName>DBhw2</ownerDesignName>
<indexState>Foreign Key</indexState>
<isSurrogateKey>false</isSurrogateKey>
<indexColumnUsage>
<colUsage columnID="B221007A-8B36-A3A0-38FE-CE91F87214B1"/>
</indexColumnUsage>
</ind_PK_UK>
</indexes>
</Table>