<?xml version = '1.0' encoding = 'UTF-8'?>
<Table class="oracle.dbtools.crest.model.design.relational.Table" directorySegmentName="seg_0" id="A502A2FD-4FAB-BE17-9C2B-970A77769BA3" name="Order">
<createdBy>10151</createdBy>
<createdTime>2022-10-01 22:08:46 UTC</createdTime>
<generatorID>D6F9C145-210A-4DD7-5B5B-29004962E6B9</generatorID>
<ownerDesignName>DBhw2</ownerDesignName>
<allowColumnReorder>false</allowColumnReorder>
<existDependencyGenerateInDDl>true</existDependencyGenerateInDDl>
<parsed>true</parsed>
<columns itemClass="oracle.dbtools.crest.model.design.relational.Column">
<Column name="goods" id="73C665B0-B96C-3699-3CF7-58C438BC4E78">
<createdBy>10151</createdBy>
<createdTime>2022-10-01 22:08:46 UTC</createdTime>
<generatorID>9858993B-10A7-A80B-42AE-783A380F76AF</generatorID>
<ownerDesignName>DBhw2</ownerDesignName>
<use>0</use>
<logicalDatatype>LOGDT025</logicalDatatype>
<domain>A251B5D6-EA72-D18B-1F08-362832963F4B</domain>
<ownDataTypeParameters>,,</ownDataTypeParameters>
<autoIncrementCycle>false</autoIncrementCycle>
</Column>
<Column name="order_date" id="EE5E49BD-DD73-C0EE-9920-8B83BDA53920">
<createdBy>10151</createdBy>
<createdTime>2022-10-01 22:08:46 UTC</createdTime>
<generatorID>5968ECE5-33F3-4D9B-1FF9-4DAE2D0917CD</generatorID>
<ownerDesignName>DBhw2</ownerDesignName>
<use>0</use>
<logicalDatatype>LOGDT007</logicalDatatype>
<domain>F4850004-7CB5-D5EA-66F9-BBFDDB3E082A</domain>
<ownDataTypeParameters>,,</ownDataTypeParameters>
<autoIncrementCycle>false</autoIncrementCycle>
<listOfRanges>
<rangeDef class="oracle.dbtools.crest.model.design.constraint.AVT">
<beginValue>date &apos;2022-01-01&apos;</beginValue>
<endValue>date &apos;2022-12-31&apos;</endValue>
</rangeDef>
</listOfRanges>
</Column>
<Column name="shipping_address_choice1" id="657B607D-D64A-CF25-A80B-58CA4525AC1E">
<createdBy>10151</createdBy>
<createdTime>2022-10-01 22:08:46 UTC</createdTime>
<generatorID>DD2C8D08-143F-48E4-AF07-F4D767F0C2F4</generatorID>
<ownerDesignName>DBhw2</ownerDesignName>
<nullsAllowed>true</nullsAllowed>
<use>0</use>
<logicalDatatype>LOGDT024</logicalDatatype>
<domain>5EC83322-1670-3E49-0723-65FB212702D1</domain>
<ownDataTypeParameters>,,</ownDataTypeParameters>
<previousColumn>false</previousColumn>
<autoIncrementCycle>false</autoIncrementCycle>
<associations>
<colAssociation fkAssociation="8C1CAAA5-9B8F-2711-6F51-3C5515FCAD95" referredColumn="91E335FE-0813-7025-0CAC-42AC4B489E01"/>
</associations>
</Column>
<Column name="shipping_address_choice2" id="D334972C-FF6C-BB35-B87D-B00B26FD8949">
<createdBy>10151</createdBy>
<createdTime>2022-10-02 10:01:07 UTC</createdTime>
<generatorID>48407EA2-4CC9-D827-01C3-E530D8929F25</generatorID>
<ownerDesignName>DBhw2</ownerDesignName>
<nullsAllowed>true</nullsAllowed>
<use>0</use>
<logicalDatatype>LOGDT024</logicalDatatype>
<domain>5EC83322-1670-3E49-0723-65FB212702D1</domain>
<ownDataTypeParameters>,,</ownDataTypeParameters>
<previousColumn>false</previousColumn>
<autoIncrementCycle>false</autoIncrementCycle>
</Column>
</columns>
<indexes itemClass="oracle.dbtools.crest.model.design.relational.Index">
<ind_PK_UK id="01ED5FCF-A6E6-E797-D4FB-7F82EB993949" name="Order_PK">
<createdBy>10151</createdBy>
<createdTime>2022-10-01 22:08:46 UTC</createdTime>
<generatorID>0EE3469E-9CB9-65B1-1765-DB883EBE040A</generatorID>
<ownerDesignName>DBhw2</ownerDesignName>
<pk>true</pk>
<indexState>Primary Constraint</indexState>
<isSurrogateKey>false</isSurrogateKey>
<indexColumnUsage>
<colUsage columnID="73C665B0-B96C-3699-3CF7-58C438BC4E78"/>
</indexColumnUsage>
</ind_PK_UK>
<ind_PK_UK id="899CBA57-C65F-9F29-BDC7-0B66312B14B0" name="user_buy">
<createdBy>10151</createdBy>
<createdTime>2022-10-01 22:08:46 UTC</createdTime>
<generatorID>AF551EB2-BF1E-B990-9E5C-D36F4A54D1AC</generatorID>
<ownerDesignName>DBhw2</ownerDesignName>
<indexState>Foreign Key</indexState>
<isSurrogateKey>false</isSurrogateKey>
<indexColumnUsage>
<colUsage columnID="657B607D-D64A-CF25-A80B-58CA4525AC1E"/>
</indexColumnUsage>
</ind_PK_UK>
</indexes>
</Table>