<?xml version = '1.0' encoding = 'UTF-8'?>
<Table class="oracle.dbtools.crest.model.design.relational.Table" directorySegmentName="seg_0" id="CC371AE6-5A34-D95D-3353-85166EE72B45" name="Posting">
<createdBy>10151</createdBy>
<createdTime>2022-10-01 22:08:46 UTC</createdTime>
<generatorID>99BB7528-E110-603D-A10B-7ED7A7EEA24D</generatorID>
<ownerDesignName>DBhw2</ownerDesignName>
<allowColumnReorder>false</allowColumnReorder>
<existDependencyGenerateInDDl>true</existDependencyGenerateInDDl>
<parsed>true</parsed>
<columns itemClass="oracle.dbtools.crest.model.design.relational.Column">
<Column name="title" id="62ED8B4B-980E-5E54-E45A-CBE344F2E252">
<createdBy>10151</createdBy>
<createdTime>2022-10-01 22:08:46 UTC</createdTime>
<generatorID>4D6C7B9E-DC84-8DE6-9DEF-BA7B618C6F98</generatorID>
<ownerDesignName>DBhw2</ownerDesignName>
<use>0</use>
<logicalDatatype>LOGDT025</logicalDatatype>
<domain>056B496A-52CD-F522-8F59-A0CAE09C7C05</domain>
<ownDataTypeParameters>,,</ownDataTypeParameters>
<autoIncrementCycle>false</autoIncrementCycle>
</Column>
<Column name="posting_date" id="5C7ABC1D-92FC-AC12-B67E-E38AF68D6A59">
<createdBy>10151</createdBy>
<createdTime>2022-10-01 22:08:46 UTC</createdTime>
<generatorID>BF25D30D-B05F-8E82-2887-01830CB249EB</generatorID>
<ownerDesignName>DBhw2</ownerDesignName>
<use>0</use>
<logicalDatatype>LOGDT007</logicalDatatype>
<domain>F4850004-7CB5-D5EA-66F9-BBFDDB3E082A</domain>
<ownDataTypeParameters>,,</ownDataTypeParameters>
<autoIncrementCycle>false</autoIncrementCycle>
<listOfRanges>
<rangeDef class="oracle.dbtools.crest.model.design.constraint.AVT">
<beginValue>date &apos;2022-01-01&apos;</beginValue>
<endValue>date &apos;2022-12-31&apos;</endValue>
</rangeDef>
</listOfRanges>
</Column>
<Column name="context" id="6F2FF13E-B320-F213-7D8A-F2A1FFE48F9E">
<createdBy>10151</createdBy>
<createdTime>2022-10-01 22:08:46 UTC</createdTime>
<generatorID>1E9F24F5-3651-A15B-3465-DA988BC29897</generatorID>
<ownerDesignName>DBhw2</ownerDesignName>
<nullsAllowed>true</nullsAllowed>
<use>0</use>
<logicalDatatype>LOGDT024</logicalDatatype>
<domain>38467AE3-53B7-6042-4A58-726F93EB1F0A</domain>
<ownDataTypeParameters>,,</ownDataTypeParameters>
<autoIncrementCycle>false</autoIncrementCycle>
</Column>
<Column name="manager" id="AB596703-214A-80AA-1480-C4B17FDB9D93">
<createdBy>10151</createdBy>
<createdTime>2022-10-01 22:08:46 UTC</createdTime>
<generatorID>F137A95A-CA2A-C258-E493-203AA9E4B73E</generatorID>
<ownerDesignName>DBhw2</ownerDesignName>
<nullsAllowed>true</nullsAllowed>
<use>0</use>
<logicalDatatype>LOGDT025</logicalDatatype>
<domain>B60690E5-1E9B-139C-B952-2BA7DF1E8DCD</domain>
<ownDataTypeParameters>,,</ownDataTypeParameters>
<previousColumn>false</previousColumn>
<autoIncrementCycle>false</autoIncrementCycle>
<associations>
<colAssociation fkAssociation="0225E685-6992-A65E-E4BB-F88480F2CA0F" referredColumn="92875F28-3B83-6F77-54A8-C75DB212C114"/>
</associations>
</Column>
</columns>
<indexes itemClass="oracle.dbtools.crest.model.design.relational.Index">
<ind_PK_UK id="62F19A24-A9A4-FFB0-9763-ECF77FEA0CC6" name="Posting_PK">
<createdBy>10151</createdBy>
<createdTime>2022-10-01 22:08:46 UTC</createdTime>
<generatorID>499B4851-56D4-F66D-0C22-51EDB2FA6C6B</generatorID>
<ownerDesignName>DBhw2</ownerDesignName>
<pk>true</pk>
<indexState>Primary Constraint</indexState>
<isSurrogateKey>false</isSurrogateKey>
<indexColumnUsage>
<colUsage columnID="62ED8B4B-980E-5E54-E45A-CBE344F2E252"/>
<colUsage columnID="5C7ABC1D-92FC-AC12-B67E-E38AF68D6A59"/>
</indexColumnUsage>
</ind_PK_UK>
<ind_PK_UK id="612D7003-F067-A7CE-77A9-F5E1505E175C" name="e_answer">
<createdBy>10151</createdBy>
<createdTime>2022-10-01 22:08:46 UTC</createdTime>
<generatorID>AE23061E-9D23-C916-A5A6-347B43252D03</generatorID>
<ownerDesignName>DBhw2</ownerDesignName>
<indexState>Foreign Key</indexState>
<isSurrogateKey>false</isSurrogateKey>
<indexColumnUsage>
<colUsage columnID="AB596703-214A-80AA-1480-C4B17FDB9D93"/>
</indexColumnUsage>
</ind_PK_UK>
</indexes>
</Table>