<?xml version = '1.0' encoding = 'UTF-8'?>
<Table class="oracle.dbtools.crest.model.design.relational.Table" directorySegmentName="seg_0" id="EBBBB237-4009-5CDF-F38B-E4CAD7042245" name="Answer">
<createdBy>10151</createdBy>
<createdTime>2022-10-02 09:25:20 UTC</createdTime>
<generatorID>162F48DF-3354-744D-F854-5D8FF909D98E</generatorID>
<ownerDesignName>DBhw2</ownerDesignName>
<allowColumnReorder>false</allowColumnReorder>
<existDependencyGenerateInDDl>true</existDependencyGenerateInDDl>
<parsed>true</parsed>
<columns itemClass="oracle.dbtools.crest.model.design.relational.Column">
<Column name="title" id="163790B0-B8FB-0911-3A7F-99A7650E888C">
<createdBy>10151</createdBy>
<createdTime>2022-10-02 09:25:20 UTC</createdTime>
<generatorID>AFE224DF-F32C-BCCC-0B59-EBB9F50E9F0B</generatorID>
<ownerDesignName>DBhw2</ownerDesignName>
<use>0</use>
<logicalDatatype>LOGDT025</logicalDatatype>
<domain>056B496A-52CD-F522-8F59-A0CAE09C7C05</domain>
<ownDataTypeParameters>,,</ownDataTypeParameters>
<previousColumn>false</previousColumn>
<autoIncrementCycle>false</autoIncrementCycle>
<associations>
<colAssociation fkAssociation="D9C93C45-9A07-CD26-8C66-9C50BD52A97B" referredColumn="62ED8B4B-980E-5E54-E45A-CBE344F2E252"/>
</associations>
</Column>
<Column name="posting_date" id="DCD78398-F4C9-A649-7E9A-5289317F3EF1">
<createdBy>10151</createdBy>
<createdTime>2022-10-02 09:25:20 UTC</createdTime>
<generatorID>1AF41851-4B6E-B431-F1CE-A756E713EC0A</generatorID>
<ownerDesignName>DBhw2</ownerDesignName>
<use>0</use>
<logicalDatatype>LOGDT007</logicalDatatype>
<domain>F4850004-7CB5-D5EA-66F9-BBFDDB3E082A</domain>
<ownDataTypeParameters>,,</ownDataTypeParameters>
<previousColumn>false</previousColumn>
<autoIncrementCycle>false</autoIncrementCycle>
<listOfRanges>
<rangeDef class="oracle.dbtools.crest.model.design.constraint.AVT">
<beginValue>date &apos;2022-01-01&apos;</beginValue>
<endValue>date &apos;2022-12-31&apos;</endValue>
</rangeDef>
</listOfRanges>
<associations>
<colAssociation fkAssociation="D9C93C45-9A07-CD26-8C66-9C50BD52A97B" referredColumn="5C7ABC1D-92FC-AC12-B67E-E38AF68D6A59"/>
</associations>
</Column>
<Column name="manager_no" id="76CBB6D6-CCC1-378F-250F-8DFF21BB40F8">
<createdBy>10151</createdBy>
<createdTime>2022-10-02 09:25:20 UTC</createdTime>
<generatorID>2C2A7B5F-A030-DF70-92D3-FB6C51D3641A</generatorID>
<ownerDesignName>DBhw2</ownerDesignName>
<use>0</use>
<logicalDatatype>LOGDT019</logicalDatatype>
<domain>B61C4286-9FB8-84AA-2302-2A5CF6D7B99F</domain>
<ownDataTypeParameters>,,</ownDataTypeParameters>
<previousColumn>false</previousColumn>
<autoIncrementCycle>false</autoIncrementCycle>
<associations>
<colAssociation fkAssociation="F8079EE8-77F2-D2AF-6637-C3F0A3B405CB" referredColumn="1EEC05E3-D9CE-68EE-F7A4-FC36D1A295F8"/>
</associations>
</Column>
</columns>
<indexes itemClass="oracle.dbtools.crest.model.design.relational.Index">
<ind_PK_UK id="4B437680-8C09-0665-23B8-AA31227CB08E" name="Answer_PK">
<createdBy>10151</createdBy>
<createdTime>2022-10-02 09:25:20 UTC</createdTime>
<generatorID>27C5C9D8-6AE6-222E-3548-5543A7C19CC5</generatorID>
<ownerDesignName>DBhw2</ownerDesignName>
<pk>true</pk>
<indexState>Primary Constraint</indexState>
<isSurrogateKey>false</isSurrogateKey>
<indexColumnUsage>
<colUsage columnID="163790B0-B8FB-0911-3A7F-99A7650E888C"/>
<colUsage columnID="DCD78398-F4C9-A649-7E9A-5289317F3EF1"/>
<colUsage columnID="76CBB6D6-CCC1-378F-250F-8DFF21BB40F8"/>
</indexColumnUsage>
</ind_PK_UK>
<ind_PK_UK id="0426FB8F-501A-E64C-C18B-95237F3DD44E" name="Answer__IDX">
<createdBy>10151</createdBy>
<createdTime>2022-10-02 09:25:20 UTC</createdTime>
<ownerDesignName>DBhw2</ownerDesignName>
<indexState>Unique Plain Index</indexState>
<isSurrogateKey>false</isSurrogateKey>
<relationGeneratorID>91338536-7F0F-20F3-2DF5-BF0002A93325</relationGeneratorID>
<indexColumnUsage>
<colUsage columnID="163790B0-B8FB-0911-3A7F-99A7650E888C"/>
<colUsage columnID="DCD78398-F4C9-A649-7E9A-5289317F3EF1"/>
</indexColumnUsage>
</ind_PK_UK>
<ind_PK_UK id="C6225497-8B48-1235-9804-D2B0B52C56A9" name="answer_to_Posting">
<createdBy>10151</createdBy>
<createdTime>2022-10-02 09:25:20 UTC</createdTime>
<generatorID>91338536-7F0F-20F3-2DF5-BF0002A93325</generatorID>
<ownerDesignName>DBhw2</ownerDesignName>
<indexState>Foreign Key</indexState>
<isSurrogateKey>false</isSurrogateKey>
<indexColumnUsage>
<colUsage columnID="163790B0-B8FB-0911-3A7F-99A7650E888C"/>
<colUsage columnID="DCD78398-F4C9-A649-7E9A-5289317F3EF1"/>
</indexColumnUsage>
</ind_PK_UK>
<ind_PK_UK id="08EE5E5D-0C03-599E-BA33-C31923F09672" name="e_answerv1">
<createdBy>10151</createdBy>
<createdTime>2022-10-02 09:25:20 UTC</createdTime>
<generatorID>F07D7409-7A4F-C579-AF20-14101374E128</generatorID>
<ownerDesignName>DBhw2</ownerDesignName>
<indexState>Foreign Key</indexState>
<isSurrogateKey>false</isSurrogateKey>
<indexColumnUsage>
<colUsage columnID="76CBB6D6-CCC1-378F-250F-8DFF21BB40F8"/>
</indexColumnUsage>
</ind_PK_UK>
</indexes>
</Table>