<?xml version = '1.0' encoding = 'UTF-8'?>
<FKIndexAssociation class="oracle.dbtools.crest.model.design.relational.FKIndexAssociation" directorySegmentName="seg_0" id="0225E685-6992-A65E-E4BB-F88480F2CA0F" containerWithKeyObject="CC371AE6-5A34-D95D-3353-85166EE72B45" localFKIndex="612D7003-F067-A7CE-77A9-F5E1505E175C" name="e_answer">
<createdBy>10151</createdBy>
<createdTime>2022-10-01 22:08:46 UTC</createdTime>
<generatorID>AE23061E-9D23-C916-A5A6-347B43252D03</generatorID>
<ownerDesignName>DBhw2</ownerDesignName>
<referredTableLongName>employee</referredTableLongName>
<deleteRule>NO ACTION</deleteRule>
<referredTableID>3606DD6F-0A55-5287-C5D0-17A4D5F83950</referredTableID>
<keyObject>DA5AAFA3-9BDF-7F5D-3B9C-62961D6ADC55</keyObject>
<referredKeyID>DA5AAFA3-9BDF-7F5D-3B9C-62961D6ADC55</referredKeyID>
<mandatory>false</mandatory>
<refColNames>nickname</refColNames>
<transferable>true</transferable>
<rely>false</rely>
<columnDependencyConstraintGenerateInDDL>true</columnDependencyConstraintGenerateInDDL>
</FKIndexAssociation>