<?xml version = '1.0' encoding = 'UTF-8'?>
<FKIndexAssociation class="oracle.dbtools.crest.model.design.relational.FKIndexAssociation" directorySegmentName="seg_0" id="3C98D554-850F-FBE9-5C9D-0583CCB10C9D" containerWithKeyObject="7705BAC1-197A-05A1-3E22-BA7CB3EC26D3" localFKIndex="1ADF278A-F4AD-805A-42F1-7DCBCA7FBE94" name="Relation_5_Goods_FK">
<createdBy>10151</createdBy>
<createdTime>2022-10-02 08:53:22 UTC</createdTime>
<generatorID>0B53C29F-B839-4A01-562B-8CE3F0AF546B</generatorID>
<ownerDesignName>DBhw2</ownerDesignName>
<referredTableLongName>Goods</referredTableLongName>
<deleteRule>NO ACTION</deleteRule>
<referredTableID>64FDDF26-CB56-48E0-42D6-E3CEB19A00E9</referredTableID>
<keyObject>D0FE2205-AF31-DDEE-8B17-9C7B671C2EAC</keyObject>
<referredKeyID>D0FE2205-AF31-DDEE-8B17-9C7B671C2EAC</referredKeyID>
<mandatory>true</mandatory>
<refColNames>g_no</refColNames>
<transferable>true</transferable>
<rely>false</rely>
<columnDependencyConstraintGenerateInDDL>true</columnDependencyConstraintGenerateInDDL>
</FKIndexAssociation>