<?xml version = '1.0' encoding = 'UTF-8'?>
<FKIndexAssociation class="oracle.dbtools.crest.model.design.relational.FKIndexAssociation" directorySegmentName="seg_0" id="4E74D485-3508-C61C-0316-5B513802ECD8" containerWithKeyObject="9E9D6D5E-5973-CAD2-208F-DA24BD5F8342" localFKIndex="C3FBC899-FFF8-B560-E0CC-974C8330200B" name="user_shipping_Posting">
<createdBy>10151</createdBy>
<createdTime>2022-10-01 22:08:46 UTC</createdTime>
<generatorID>452499E9-3F0E-04D1-2A0E-E8D3F8B91BA9</generatorID>
<ownerDesignName>DBhw2</ownerDesignName>
<referredTableLongName>User</referredTableLongName>
<deleteRule>NO ACTION</deleteRule>
<referredTableID>B1D27386-8085-AE6D-4D69-232113E85555</referredTableID>
<keyObject>679D9AEC-79FC-9B17-CD18-A161F955F418</keyObject>
<referredKeyID>679D9AEC-79FC-9B17-CD18-A161F955F418</referredKeyID>
<mandatory>false</mandatory>
<refColNames>nickname</refColNames>
<transferable>true</transferable>
<rely>false</rely>
<columnDependencyConstraintGenerateInDDL>true</columnDependencyConstraintGenerateInDDL>
</FKIndexAssociation>