<?xml version = '1.0' encoding = 'UTF-8'?>
<FKIndexAssociation class="oracle.dbtools.crest.model.design.relational.FKIndexAssociation" directorySegmentName="seg_0" id="619EF333-6277-A018-A1EC-7EFBA4B4FBCE" containerWithKeyObject="09712736-6231-A446-3406-B544DC2FF23E" localFKIndex="0CC5DAFD-2C62-11E7-1B87-92448FEF2BB7" name="user_goods_Posting">
<createdBy>10151</createdBy>
<createdTime>2022-10-01 22:08:46 UTC</createdTime>
<generatorID>2A3F5BCF-027F-ECFE-6C2F-3BA5B96C7081</generatorID>
<ownerDesignName>DBhw2</ownerDesignName>
<referredTableLongName>User</referredTableLongName>
<deleteRule>NO ACTION</deleteRule>
<referredTableID>B1D27386-8085-AE6D-4D69-232113E85555</referredTableID>
<keyObject>679D9AEC-79FC-9B17-CD18-A161F955F418</keyObject>
<referredKeyID>679D9AEC-79FC-9B17-CD18-A161F955F418</referredKeyID>
<mandatory>false</mandatory>
<refColNames>nickname</refColNames>
<transferable>true</transferable>
<rely>false</rely>
<columnDependencyConstraintGenerateInDDL>true</columnDependencyConstraintGenerateInDDL>
</FKIndexAssociation>