<?xml version = '1.0' encoding = 'UTF-8'?>
<FKIndexAssociation class="oracle.dbtools.crest.model.design.relational.FKIndexAssociation" directorySegmentName="seg_0" id="6264B19D-98C4-6317-2964-3DB5841E8067" containerWithKeyObject="632AF1C6-C5F9-58D3-6DD3-B7FE117ED8AB" localFKIndex="E9B9BA50-14D5-F52B-F830-E61AE892C49D" name="goods_Order_Goods_FK">
<createdBy>10151</createdBy>
<createdTime>2022-10-01 22:08:46 UTC</createdTime>
<generatorID>C0057F27-334A-B097-2798-7207D399D61D</generatorID>
<ownerDesignName>DBhw2</ownerDesignName>
<referredTableLongName>Goods</referredTableLongName>
<deleteRule>NO ACTION</deleteRule>
<referredTableID>64FDDF26-CB56-48E0-42D6-E3CEB19A00E9</referredTableID>
<keyObject>D0FE2205-AF31-DDEE-8B17-9C7B671C2EAC</keyObject>
<referredKeyID>D0FE2205-AF31-DDEE-8B17-9C7B671C2EAC</referredKeyID>
<mandatory>true</mandatory>
<refColNames>g_no</refColNames>
<transferable>true</transferable>
<rely>false</rely>
<columnDependencyConstraintGenerateInDDL>true</columnDependencyConstraintGenerateInDDL>
</FKIndexAssociation>