<?xml version = '1.0' encoding = 'UTF-8'?>
<FKIndexAssociation class="oracle.dbtools.crest.model.design.relational.FKIndexAssociation" directorySegmentName="seg_0" id="68E68AE7-217E-3917-F529-BD6D8D7D0841" containerWithKeyObject="9E9D6D5E-5973-CAD2-208F-DA24BD5F8342" localFKIndex="4CF35DCD-65CE-B618-A827-BD463F52860A" name="posting_to_Shipping">
<createdBy>10151</createdBy>
<createdTime>2022-10-01 22:08:46 UTC</createdTime>
<generatorID>2FE1DCA3-4123-AE23-8753-3D2A8E2CB944</generatorID>
<ownerDesignName>DBhw2</ownerDesignName>
<referredTableLongName>Posting</referredTableLongName>
<deleteRule>NO ACTION</deleteRule>
<referredTableID>CC371AE6-5A34-D95D-3353-85166EE72B45</referredTableID>
<keyObject>62F19A24-A9A4-FFB0-9763-ECF77FEA0CC6</keyObject>
<referredKeyID>62F19A24-A9A4-FFB0-9763-ECF77FEA0CC6</referredKeyID>
<mandatory>true</mandatory>
<refColNames>title,posting_date</refColNames>
<transferable>true</transferable>
<rely>false</rely>
<columnDependencyConstraintGenerateInDDL>true</columnDependencyConstraintGenerateInDDL>
</FKIndexAssociation>