<?xml version = '1.0' encoding = 'UTF-8'?>
<FKIndexAssociation class="oracle.dbtools.crest.model.design.relational.FKIndexAssociation" directorySegmentName="seg_0" id="8C1CAAA5-9B8F-2711-6F51-3C5515FCAD95" containerWithKeyObject="A502A2FD-4FAB-BE17-9C2B-970A77769BA3" localFKIndex="899CBA57-C65F-9F29-BDC7-0B66312B14B0" name="user_buy">
<createdBy>10151</createdBy>
<createdTime>2022-10-01 22:08:46 UTC</createdTime>
<generatorID>AF551EB2-BF1E-B990-9E5C-D36F4A54D1AC</generatorID>
<ownerDesignName>DBhw2</ownerDesignName>
<referredTableLongName>User</referredTableLongName>
<deleteRule>NO ACTION</deleteRule>
<referredTableID>B1D27386-8085-AE6D-4D69-232113E85555</referredTableID>
<keyObject>7992649F-F906-AEA5-5541-B98C39EFBD54</keyObject>
<referredKeyID>7992649F-F906-AEA5-5541-B98C39EFBD54</referredKeyID>
<mandatory>false</mandatory>
<refColNames>home_address</refColNames>
<transferable>true</transferable>
<rely>false</rely>
<columnDependencyConstraintGenerateInDDL>true</columnDependencyConstraintGenerateInDDL>
</FKIndexAssociation>