<?xml version = '1.0' encoding = 'UTF-8'?>
<FKIndexAssociation class="oracle.dbtools.crest.model.design.relational.FKIndexAssociation" directorySegmentName="seg_0" id="90032B86-9A75-8AB2-F3F8-2E5A6F026E4C" containerWithKeyObject="7705BAC1-197A-05A1-3E22-BA7CB3EC26D3" localFKIndex="7AA8308A-1C76-9622-B81C-CB54DC91A706" name="Relation_5_Comapny_FK">
<createdBy>10151</createdBy>
<createdTime>2022-10-02 08:53:22 UTC</createdTime>
<generatorID>0B53C29F-B839-4A01-562B-8CE3F0AF546B</generatorID>
<ownerDesignName>DBhw2</ownerDesignName>
<referredTableLongName>Comapny</referredTableLongName>
<deleteRule>NO ACTION</deleteRule>
<referredTableID>66DB8693-ECFA-C7B9-96A9-E3BC030EF381</referredTableID>
<keyObject>7FB7A11E-CA43-9381-A61C-5595DCCAC4DD</keyObject>
<referredKeyID>7FB7A11E-CA43-9381-A61C-5595DCCAC4DD</referredKeyID>
<mandatory>true</mandatory>
<refColNames>name</refColNames>
<transferable>true</transferable>
<rely>false</rely>
<columnDependencyConstraintGenerateInDDL>true</columnDependencyConstraintGenerateInDDL>
</FKIndexAssociation>