<?xml version = '1.0' encoding = 'UTF-8'?>
<FKIndexAssociation class="oracle.dbtools.crest.model.design.relational.FKIndexAssociation" directorySegmentName="seg_0" id="A57D8730-FC7A-7F43-20C3-4B853774AF97" containerWithKeyObject="3606DD6F-0A55-5287-C5D0-17A4D5F83950" localFKIndex="15FB9920-D616-3C15-C0A2-F32E0BD0817B" name="em_to_comapany">
<createdBy>10151</createdBy>
<createdTime>2022-10-01 22:14:07 UTC</createdTime>
<generatorID>05A3DD91-281B-287A-9FD3-9C135A946D68</generatorID>
<ownerDesignName>DBhw2</ownerDesignName>
<referredTableLongName>Comapny</referredTableLongName>
<deleteRule>NO ACTION</deleteRule>
<referredTableID>66DB8693-ECFA-C7B9-96A9-E3BC030EF381</referredTableID>
<keyObject>7FB7A11E-CA43-9381-A61C-5595DCCAC4DD</keyObject>
<referredKeyID>7FB7A11E-CA43-9381-A61C-5595DCCAC4DD</referredKeyID>
<mandatory>true</mandatory>
<refColNames>name</refColNames>
<transferable>true</transferable>
<rely>false</rely>
<columnDependencyConstraintGenerateInDDL>true</columnDependencyConstraintGenerateInDDL>
</FKIndexAssociation>