<?xml version = '1.0' encoding = 'UTF-8'?>
<FKIndexAssociation class="oracle.dbtools.crest.model.design.relational.FKIndexAssociation" directorySegmentName="seg_0" id="BE1F44FD-63DE-E4FB-63E9-E4A7671A01B4" containerWithKeyObject="09712736-6231-A446-3406-B544DC2FF23E" localFKIndex="BBA5331E-2B19-2EB4-6DB9-5B682573FA99" name="poting_to_Goods">
<createdBy>10151</createdBy>
<createdTime>2022-10-01 22:08:46 UTC</createdTime>
<generatorID>77A57072-CC4E-359E-26E4-40CF0ACB7CAD</generatorID>
<ownerDesignName>DBhw2</ownerDesignName>
<referredTableLongName>Posting</referredTableLongName>
<deleteRule>NO ACTION</deleteRule>
<referredTableID>CC371AE6-5A34-D95D-3353-85166EE72B45</referredTableID>
<keyObject>62F19A24-A9A4-FFB0-9763-ECF77FEA0CC6</keyObject>
<referredKeyID>62F19A24-A9A4-FFB0-9763-ECF77FEA0CC6</referredKeyID>
<mandatory>true</mandatory>
<refColNames>title,posting_date</refColNames>
<transferable>true</transferable>
<rely>false</rely>
<columnDependencyConstraintGenerateInDDL>true</columnDependencyConstraintGenerateInDDL>
</FKIndexAssociation>