<?xml version = '1.0' encoding = 'UTF-8'?>
<FKIndexAssociation class="oracle.dbtools.crest.model.design.relational.FKIndexAssociation" directorySegmentName="seg_0" id="D9C93C45-9A07-CD26-8C66-9C50BD52A97B" containerWithKeyObject="EBBBB237-4009-5CDF-F38B-E4CAD7042245" localFKIndex="C6225497-8B48-1235-9804-D2B0B52C56A9" name="answer_to_Posting">
<createdBy>10151</createdBy>
<createdTime>2022-10-02 09:25:20 UTC</createdTime>
<generatorID>91338536-7F0F-20F3-2DF5-BF0002A93325</generatorID>
<ownerDesignName>DBhw2</ownerDesignName>
<referredTableLongName>Posting</referredTableLongName>
<deleteRule>NO ACTION</deleteRule>
<referredTableID>CC371AE6-5A34-D95D-3353-85166EE72B45</referredTableID>
<keyObject>62F19A24-A9A4-FFB0-9763-ECF77FEA0CC6</keyObject>
<referredKeyID>62F19A24-A9A4-FFB0-9763-ECF77FEA0CC6</referredKeyID>
<mandatory>true</mandatory>
<refColNames>title,posting_date</refColNames>
<transferable>true</transferable>
<rely>false</rely>
<columnDependencyConstraintGenerateInDDL>true</columnDependencyConstraintGenerateInDDL>
</FKIndexAssociation>