<?xml version = '1.0' encoding = 'UTF-8'?>
<FKIndexAssociation class="oracle.dbtools.crest.model.design.relational.FKIndexAssociation" directorySegmentName="seg_0" id="F68E069A-EACC-8914-CAD1-D2E4A539D15E" containerWithKeyObject="632AF1C6-C5F9-58D3-6DD3-B7FE117ED8AB" localFKIndex="CECB6CD3-151B-9CD3-C39D-5EC94D23D6EB" name="goods_Order_Order_FK">
<createdBy>10151</createdBy>
<createdTime>2022-10-01 22:08:46 UTC</createdTime>
<generatorID>C0057F27-334A-B097-2798-7207D399D61D</generatorID>
<ownerDesignName>DBhw2</ownerDesignName>
<referredTableLongName>Order</referredTableLongName>
<deleteRule>NO ACTION</deleteRule>
<referredTableID>A502A2FD-4FAB-BE17-9C2B-970A77769BA3</referredTableID>
<keyObject>01ED5FCF-A6E6-E797-D4FB-7F82EB993949</keyObject>
<referredKeyID>01ED5FCF-A6E6-E797-D4FB-7F82EB993949</referredKeyID>
<mandatory>true</mandatory>
<refColNames>goods</refColNames>
<transferable>true</transferable>
<rely>false</rely>
<columnDependencyConstraintGenerateInDDL>true</columnDependencyConstraintGenerateInDDL>
</FKIndexAssociation>