<?xml version = '1.0' encoding = 'UTF-8'?>
<FKIndexAssociation class="oracle.dbtools.crest.model.design.relational.FKIndexAssociation" directorySegmentName="seg_0" id="F8079EE8-77F2-D2AF-6637-C3F0A3B405CB" containerWithKeyObject="EBBBB237-4009-5CDF-F38B-E4CAD7042245" localFKIndex="08EE5E5D-0C03-599E-BA33-C31923F09672" name="e_answerv1">
<createdBy>10151</createdBy>
<createdTime>2022-10-02 09:25:20 UTC</createdTime>
<generatorID>F07D7409-7A4F-C579-AF20-14101374E128</generatorID>
<ownerDesignName>DBhw2</ownerDesignName>
<referredTableLongName>employee</referredTableLongName>
<deleteRule>NO ACTION</deleteRule>
<referredTableID>3606DD6F-0A55-5287-C5D0-17A4D5F83950</referredTableID>
<keyObject>F254E770-58CC-2937-BB17-7D340C5700AE</keyObject>
<referredKeyID>F254E770-58CC-2937-BB17-7D340C5700AE</referredKeyID>
<mandatory>true</mandatory>
<refColNames>emp_no</refColNames>
<transferable>true</transferable>
<rely>false</rely>
<columnDependencyConstraintGenerateInDDL>true</columnDependencyConstraintGenerateInDDL>
</FKIndexAssociation>