<?xml version = '1.0' encoding = 'UTF-8'?>
<Table class="oracle.dbtools.crest.model.design.relational.Table" directorySegmentName="seg_0" id="6DDA2586-B550-9DB1-AAA8-043779675B79" name="Lecture">
<createdBy>10151</createdBy>
<createdTime>2022-10-08 13:51:33 UTC</createdTime>
<generatorID>C3728B06-B465-3C86-1466-147E3D1DE138</generatorID>
<ownerDesignName>DBhw3</ownerDesignName>
<allowColumnReorder>false</allowColumnReorder>
<existDependencyGenerateInDDl>true</existDependencyGenerateInDDl>
<parsed>true</parsed>
<columns itemClass="oracle.dbtools.crest.model.design.relational.Column">
<Column name="sName" id="D5E90F75-074F-99F9-D5DD-6060CD6D6038">
<createdBy>10151</createdBy>
<createdTime>2022-10-08 13:51:33 UTC</createdTime>
<generatorID>23D01532-FC9F-F2A3-0DA6-BCE49349DC5E</generatorID>
<ownerDesignName>DBhw3</ownerDesignName>
<use>0</use>
<logicalDatatype>LOGDT025</logicalDatatype>
<domain>7DF8EF8A-CCCB-B4E3-3103-F9D4C766597C</domain>
<ownDataTypeParameters>,,</ownDataTypeParameters>
<previousColumn>false</previousColumn>
<autoIncrementCycle>false</autoIncrementCycle>
<associations>
<colAssociation fkAssociation="4653CC7A-9ABD-698A-DA75-AE299235677E" referredColumn="5CE8FA3F-972C-BF44-0A64-5E13AC53F447"/>
</associations>
</Column>
<Column name="roomNo" id="60732343-F9D6-ED0F-306A-C79745CBF6ED">
<createdBy>10151</createdBy>
<createdTime>2022-10-08 13:51:33 UTC</createdTime>
<generatorID>9461D20C-7C9E-0F4C-982A-8FF9863DAD3E</generatorID>
<ownerDesignName>DBhw3</ownerDesignName>
<use>0</use>
<logicalDatatype>LOGDT019</logicalDatatype>
<domain>CC156D6C-DD91-95E8-7DC3-60ACB58671D3</domain>
<ownDataTypeParameters>,,</ownDataTypeParameters>
<previousColumn>false</previousColumn>
<autoIncrementCycle>false</autoIncrementCycle>
<associations>
<colAssociation fkAssociation="0BA26570-F25E-A7AD-8E64-9C178062E89A" referredColumn="9EE1D7EF-715E-0DC6-4E72-54CBF94065E5"/>
</associations>
</Column>
<Column name="bName" id="2939E65C-5C88-0260-BAC5-3AA3B370FA70">
<createdBy>10151</createdBy>
<createdTime>2022-10-08 13:51:33 UTC</createdTime>
<generatorID>E7B746D5-77D9-9448-6529-E6BF7CF8FF35</generatorID>
<ownerDesignName>DBhw3</ownerDesignName>
<use>0</use>
<logicalDatatype>LOGDT025</logicalDatatype>
<domain>7DF8EF8A-CCCB-B4E3-3103-F9D4C766597C</domain>
<ownDataTypeParameters>,,</ownDataTypeParameters>
<previousColumn>false</previousColumn>
<autoIncrementCycle>false</autoIncrementCycle>
<associations>
<colAssociation fkAssociation="0BA26570-F25E-A7AD-8E64-9C178062E89A" referredColumn="8D5F9963-0C6F-8A03-2224-B922F1AA44BE"/>
</associations>
</Column>
<Column name="Professor_No" id="69FCFC1A-B1A9-79C4-1EDD-B72093E986C3">
<createdBy>10151</createdBy>
<createdTime>2022-10-08 13:51:33 UTC</createdTime>
<generatorID>57D903C1-2001-A1ED-786E-17BC62000637</generatorID>
<ownerDesignName>DBhw3</ownerDesignName>
<use>0</use>
<logicalDatatype>LOGDT019</logicalDatatype>
<domain>CC156D6C-DD91-95E8-7DC3-60ACB58671D3</domain>
<ownDataTypeParameters>,,</ownDataTypeParameters>
<previousColumn>false</previousColumn>
<autoIncrementCycle>false</autoIncrementCycle>
<associations>
<colAssociation fkAssociation="0E4FBEA5-35C0-E938-0859-27C9EED7EAFB" referredColumn="407F30C8-1AEE-D700-4167-687263636F6F"/>
</associations>
</Column>
<Column name="ST_ID" id="FC4019EA-9DBB-0C1C-7A3E-2CC295F03A87">
<createdBy>10151</createdBy>
<createdTime>2022-10-08 13:51:33 UTC</createdTime>
<generatorID>AF24A210-9319-C70A-6E16-B839EAC7AFB6</generatorID>
<ownerDesignName>DBhw3</ownerDesignName>
<use>0</use>
<logicalDatatype>LOGDT019</logicalDatatype>
<domain>CC156D6C-DD91-95E8-7DC3-60ACB58671D3</domain>
<ownDataTypeParameters>,,</ownDataTypeParameters>
<previousColumn>false</previousColumn>
<autoIncrementCycle>false</autoIncrementCycle>
<associations>
<colAssociation fkAssociation="70CB1929-97C1-0B55-5262-5BE2FE231F87" referredColumn="673B0D72-AED7-725C-40D9-80979326DA7F"/>
</associations>
</Column>
</columns>
<indexes itemClass="oracle.dbtools.crest.model.design.relational.Index">
<ind_PK_UK id="8EE98F81-DF69-6AD0-2FA2-332C494C3242" name="Lecture_PK">
<createdBy>10151</createdBy>
<createdTime>2022-10-08 13:51:33 UTC</createdTime>
<generatorID>18A5A196-0D91-76DA-B529-5EFF1B46CECD</generatorID>
<ownerDesignName>DBhw3</ownerDesignName>
<pk>true</pk>
<indexState>Primary Constraint</indexState>
<isSurrogateKey>false</isSurrogateKey>
<indexColumnUsage>
<colUsage columnID="D5E90F75-074F-99F9-D5DD-6060CD6D6038"/>
</indexColumnUsage>
</ind_PK_UK>
<ind_PK_UK id="70A62D21-7721-D8BE-2549-664E79558C3B" name="learn">
<createdBy>10151</createdBy>
<createdTime>2022-10-08 13:51:33 UTC</createdTime>
<generatorID>C86E655D-D885-A60E-1CED-A0572BD36B84</generatorID>
<ownerDesignName>DBhw3</ownerDesignName>
<indexState>Foreign Key</indexState>
<isSurrogateKey>false</isSurrogateKey>
<indexColumnUsage>
<colUsage columnID="FC4019EA-9DBB-0C1C-7A3E-2CC295F03A87"/>
</indexColumnUsage>
</ind_PK_UK>
<ind_PK_UK id="C1F2DF48-E747-4DC4-29B6-03610868445E" name="learning_room">
<createdBy>10151</createdBy>
<createdTime>2022-10-08 13:51:33 UTC</createdTime>
<generatorID>9E888931-2615-55B8-C635-0A3693A0D63E</generatorID>
<ownerDesignName>DBhw3</ownerDesignName>
<indexState>Foreign Key</indexState>
<isSurrogateKey>false</isSurrogateKey>
<indexColumnUsage>
<colUsage columnID="60732343-F9D6-ED0F-306A-C79745CBF6ED"/>
<colUsage columnID="2939E65C-5C88-0260-BAC5-3AA3B370FA70"/>
</indexColumnUsage>
</ind_PK_UK>
<ind_PK_UK id="B6A38830-7994-B4FE-47D1-862C3CC30EA1" name="Relation_1">
<createdBy>10151</createdBy>
<createdTime>2022-10-08 13:51:33 UTC</createdTime>
<generatorID>A7AAA9CD-6AE5-C2F9-FB14-A5F4C468AE22</generatorID>
<ownerDesignName>DBhw3</ownerDesignName>
<indexState>Foreign Key</indexState>
<isSurrogateKey>false</isSurrogateKey>
<indexColumnUsage>
<colUsage columnID="D5E90F75-074F-99F9-D5DD-6060CD6D6038"/>
</indexColumnUsage>
</ind_PK_UK>
<ind_PK_UK id="8167DC6C-F0AF-9AE6-CE54-A0730D0043D7" name="teach">
<createdBy>10151</createdBy>
<createdTime>2022-10-08 13:51:33 UTC</createdTime>
<generatorID>E5D06A80-2F3D-074C-6512-3CCC0818F916</generatorID>
<ownerDesignName>DBhw3</ownerDesignName>
<indexState>Foreign Key</indexState>
<isSurrogateKey>false</isSurrogateKey>
<indexColumnUsage>
<colUsage columnID="69FCFC1A-B1A9-79C4-1EDD-B72093E986C3"/>
</indexColumnUsage>
</ind_PK_UK>
</indexes>
</Table>