<?xml version = '1.0' encoding = 'UTF-8'?>
<Table class="oracle.dbtools.crest.model.design.relational.Table" directorySegmentName="seg_0" id="8334844F-3AC5-8637-BB84-818E3A534788" name="Department">
<createdBy>10151</createdBy>
<createdTime>2022-10-08 13:51:33 UTC</createdTime>
<generatorID>959FE40F-DB87-2F08-10C7-00445A22B3AC</generatorID>
<ownerDesignName>DBhw3</ownerDesignName>
<allowColumnReorder>false</allowColumnReorder>
<existDependencyGenerateInDDl>true</existDependencyGenerateInDDl>
<parsed>true</parsed>
<columns itemClass="oracle.dbtools.crest.model.design.relational.Column">
<Column name="dName" id="7532F26D-4C97-3490-1835-A76D8393CC34">
<createdBy>10151</createdBy>
<createdTime>2022-10-08 13:51:33 UTC</createdTime>
<generatorID>6ACFF708-0B0A-DB22-A469-714C6EE44133</generatorID>
<ownerDesignName>DBhw3</ownerDesignName>
<use>0</use>
<logicalDatatype>LOGDT025</logicalDatatype>
<domain>7DF8EF8A-CCCB-B4E3-3103-F9D4C766597C</domain>
<ownDataTypeParameters>,,</ownDataTypeParameters>
<autoIncrementCycle>false</autoIncrementCycle>
</Column>
<Column name="headNo" id="9558DDA1-35B2-7E81-3311-D05E4260354F">
<createdBy>10151</createdBy>
<createdTime>2022-10-08 13:51:33 UTC</createdTime>
<generatorID>44253090-360C-ACF9-1358-3BF82B946126</generatorID>
<ownerDesignName>DBhw3</ownerDesignName>
<use>0</use>
<logicalDatatype>LOGDT019</logicalDatatype>
<domain>CC156D6C-DD91-95E8-7DC3-60ACB58671D3</domain>
<ownDataTypeParameters>,,</ownDataTypeParameters>
<previousColumn>false</previousColumn>
<autoIncrementCycle>false</autoIncrementCycle>
<associations>
<colAssociation fkAssociation="101FFCC5-CA6A-960D-BD7D-4168D99D09DB" referredColumn="407F30C8-1AEE-D700-4167-687263636F6F"/>
</associations>
</Column>
</columns>
<indexes itemClass="oracle.dbtools.crest.model.design.relational.Index">
<ind_PK_UK id="4A7E74E6-5F06-623B-226E-8FBB76DAC664" name="Department_PK">
<createdBy>10151</createdBy>
<createdTime>2022-10-08 13:51:33 UTC</createdTime>
<generatorID>A33FDBDD-BA11-7838-345D-76E2CE18A3D1</generatorID>
<ownerDesignName>DBhw3</ownerDesignName>
<pk>true</pk>
<indexState>Primary Constraint</indexState>
<isSurrogateKey>false</isSurrogateKey>
<indexColumnUsage>
<colUsage columnID="7532F26D-4C97-3490-1835-A76D8393CC34"/>
</indexColumnUsage>
</ind_PK_UK>
<ind_PK_UK id="2F23DFF9-616F-B790-C662-7B1288CD2752" name="Department__IDXv1">
<createdBy>10151</createdBy>
<createdTime>2022-10-08 13:51:33 UTC</createdTime>
<ownerDesignName>DBhw3</ownerDesignName>
<indexState>Unique Plain Index</indexState>
<isSurrogateKey>false</isSurrogateKey>
<relationGeneratorID>52FFC592-230A-BE99-151E-C38245EC0094</relationGeneratorID>
<indexColumnUsage>
<colUsage columnID="9558DDA1-35B2-7E81-3311-D05E4260354F"/>
</indexColumnUsage>
</ind_PK_UK>
<ind_PK_UK id="BE71DD35-BAFE-F565-634A-387418423B24" name="Head_professor">
<createdBy>10151</createdBy>
<createdTime>2022-10-08 13:51:33 UTC</createdTime>
<generatorID>52FFC592-230A-BE99-151E-C38245EC0094</generatorID>
<ownerDesignName>DBhw3</ownerDesignName>
<indexState>Foreign Key</indexState>
<isSurrogateKey>false</isSurrogateKey>
<indexColumnUsage>
<colUsage columnID="9558DDA1-35B2-7E81-3311-D05E4260354F"/>
</indexColumnUsage>
</ind_PK_UK>
</indexes>
</Table>