<?xml version = '1.0' encoding = 'UTF-8'?>
<Table class="oracle.dbtools.crest.model.design.relational.Table" directorySegmentName="seg_0" id="851F1C0B-70F2-5F5C-815A-5D39C297B085" name="Subject">
<createdBy>10151</createdBy>
<createdTime>2022-10-08 13:51:33 UTC</createdTime>
<generatorID>7F406B4C-F18B-A2A5-2620-405EF27D949D</generatorID>
<ownerDesignName>DBhw3</ownerDesignName>
<allowColumnReorder>false</allowColumnReorder>
<existDependencyGenerateInDDl>true</existDependencyGenerateInDDl>
<parsed>true</parsed>
<columns itemClass="oracle.dbtools.crest.model.design.relational.Column">
<Column name="name" id="5CE8FA3F-972C-BF44-0A64-5E13AC53F447">
<createdBy>10151</createdBy>
<createdTime>2022-10-08 13:51:33 UTC</createdTime>
<generatorID>DCF6B826-A171-AA06-E946-9F5CCA74D355</generatorID>
<ownerDesignName>DBhw3</ownerDesignName>
<use>0</use>
<logicalDatatype>LOGDT025</logicalDatatype>
<domain>7DF8EF8A-CCCB-B4E3-3103-F9D4C766597C</domain>
<ownDataTypeParameters>,,</ownDataTypeParameters>
<autoIncrementCycle>false</autoIncrementCycle>
</Column>
<Column name="grades" id="47B8E4BF-20D8-0CA0-7E43-1E149D2ED42C">
<createdBy>10151</createdBy>
<createdTime>2022-10-08 13:51:33 UTC</createdTime>
<generatorID>C9475B06-91E0-83CC-C2C5-F0178A377170</generatorID>
<ownerDesignName>DBhw3</ownerDesignName>
<nullsAllowed>true</nullsAllowed>
<use>0</use>
<logicalDatatype>LOGDT019</logicalDatatype>
<domain>154CA8CA-DE2E-4582-2360-BDA5BFB13230</domain>
<ownDataTypeParameters>,,</ownDataTypeParameters>
<autoIncrementCycle>false</autoIncrementCycle>
</Column>
<Column name="assistant_no" id="58C20FEA-5E77-0ACD-8B70-47B95521674F">
<createdBy>10151</createdBy>
<createdTime>2022-10-08 13:51:33 UTC</createdTime>
<generatorID>35C0B814-BC7D-207B-2220-76BFCEB48229</generatorID>
<ownerDesignName>DBhw3</ownerDesignName>
<use>0</use>
<logicalDatatype>LOGDT019</logicalDatatype>
<domain>CC156D6C-DD91-95E8-7DC3-60ACB58671D3</domain>
<ownDataTypeParameters>,,</ownDataTypeParameters>
<previousColumn>false</previousColumn>
<autoIncrementCycle>false</autoIncrementCycle>
<associations>
<colAssociation fkAssociation="2FB422E1-08B7-33B9-48EE-1A80D6FF58AE" referredColumn="B10AB3E1-F584-71D9-7829-D50D27A08675"/>
</associations>
</Column>
</columns>
<indexes itemClass="oracle.dbtools.crest.model.design.relational.Index">
<ind_PK_UK id="A03CB027-167F-B403-C1E3-6321A54BA0E2" name="Subject_PK">
<createdBy>10151</createdBy>
<createdTime>2022-10-08 13:51:33 UTC</createdTime>
<generatorID>9F6B4822-1015-E3E1-F108-1C65B77CB484</generatorID>
<ownerDesignName>DBhw3</ownerDesignName>
<pk>true</pk>
<indexState>Primary Constraint</indexState>
<isSurrogateKey>false</isSurrogateKey>
<indexColumnUsage>
<colUsage columnID="5CE8FA3F-972C-BF44-0A64-5E13AC53F447"/>
</indexColumnUsage>
</ind_PK_UK>
<ind_PK_UK id="7FBE4457-D4F8-232F-C75D-F5FEC3251521" name="Subject__IDX">
<createdBy>10151</createdBy>
<createdTime>2022-10-08 13:51:33 UTC</createdTime>
<ownerDesignName>DBhw3</ownerDesignName>
<indexState>Unique Plain Index</indexState>
<isSurrogateKey>false</isSurrogateKey>
<relationGeneratorID>3CB001BB-AA0D-4A0D-DA1C-8159E3E0B4D3</relationGeneratorID>
<indexColumnUsage>
<colUsage columnID="58C20FEA-5E77-0ACD-8B70-47B95521674F"/>
</indexColumnUsage>
</ind_PK_UK>
<ind_PK_UK id="8E850FCF-05A4-083F-8D1E-00FF5DFC3E7B" name="assistant_to_subject">
<createdBy>10151</createdBy>
<createdTime>2022-10-08 15:57:19 UTC</createdTime>
<generatorID>3CB001BB-AA0D-4A0D-DA1C-8159E3E0B4D3</generatorID>
<ownerDesignName>DBhw3</ownerDesignName>
<indexState>Foreign Key</indexState>
<isSurrogateKey>false</isSurrogateKey>
<indexColumnUsage>
<colUsage columnID="58C20FEA-5E77-0ACD-8B70-47B95521674F"/>
</indexColumnUsage>
</ind_PK_UK>
</indexes>
</Table>