<?xml version = '1.0' encoding = 'UTF-8'?>
<Table class="oracle.dbtools.crest.model.design.relational.Table" directorySegmentName="seg_0" id="870C29FA-D60C-9E88-98DB-32948A17354A" name="assiatant">
<createdBy>10151</createdBy>
<createdTime>2022-10-08 13:51:33 UTC</createdTime>
<generatorID>12E86DF4-18C5-1A8F-7040-B8634FEC867F</generatorID>
<ownerDesignName>DBhw3</ownerDesignName>
<allowColumnReorder>false</allowColumnReorder>
<existDependencyGenerateInDDl>true</existDependencyGenerateInDDl>
<parsed>true</parsed>
<columns itemClass="oracle.dbtools.crest.model.design.relational.Column">
<Column name="aNo" id="B10AB3E1-F584-71D9-7829-D50D27A08675">
<createdBy>10151</createdBy>
<createdTime>2022-10-08 13:51:33 UTC</createdTime>
<generatorID>E4FF581A-6A48-B5B6-96FF-1A6388122541</generatorID>
<ownerDesignName>DBhw3</ownerDesignName>
<use>0</use>
<logicalDatatype>LOGDT019</logicalDatatype>
<domain>CC156D6C-DD91-95E8-7DC3-60ACB58671D3</domain>
<ownDataTypeParameters>,,</ownDataTypeParameters>
<autoIncrementCycle>false</autoIncrementCycle>
</Column>
<Column name="Info" id="27FE4D64-ABF2-F9E3-544A-3F48A550D65E">
<createdBy>10151</createdBy>
<createdTime>2022-10-08 13:51:33 UTC</createdTime>
<generatorID>67054248-F0F2-4E08-E1B5-4DE6D004A6D4</generatorID>
<ownerDesignName>DBhw3</ownerDesignName>
<nullsAllowed>true</nullsAllowed>
<useDomainConstraints>false</useDomainConstraints>
<use>3</use>
<structuredType>18399519-299C-6112-E225-12903D3F086F</structuredType>
<ownDataTypeParameters>,,</ownDataTypeParameters>
<autoIncrementCycle>false</autoIncrementCycle>
</Column>
<Column name="s_Name" id="D9E5D641-B721-C1D4-8366-F393FDD04B45">
<createdBy>10151</createdBy>
<createdTime>2022-10-08 13:51:33 UTC</createdTime>
<generatorID>0724B96D-809E-851F-CE76-4DE9B0CA9491</generatorID>
<ownerDesignName>DBhw3</ownerDesignName>
<use>0</use>
<logicalDatatype>LOGDT025</logicalDatatype>
<domain>7DF8EF8A-CCCB-B4E3-3103-F9D4C766597C</domain>
<ownDataTypeParameters>,,</ownDataTypeParameters>
<previousColumn>false</previousColumn>
<autoIncrementCycle>false</autoIncrementCycle>
<associations>
<colAssociation fkAssociation="63BD1B7A-0725-915A-7366-6A340D81132E" referredColumn="5CE8FA3F-972C-BF44-0A64-5E13AC53F447"/>
</associations>
</Column>
<Column name="belong_department" id="9C99C4F9-B5D3-654F-5829-24C95A7DC41D">
<createdBy>10151</createdBy>
<createdTime>2022-10-08 13:51:33 UTC</createdTime>
<generatorID>5D29A46D-4112-B037-3A0B-7E48D8003266</generatorID>
<ownerDesignName>DBhw3</ownerDesignName>
<use>0</use>
<logicalDatatype>LOGDT025</logicalDatatype>
<domain>7DF8EF8A-CCCB-B4E3-3103-F9D4C766597C</domain>
<ownDataTypeParameters>,,</ownDataTypeParameters>
<previousColumn>false</previousColumn>
<autoIncrementCycle>false</autoIncrementCycle>
<associations>
<colAssociation fkAssociation="82E3AD6C-98E3-F62D-BC71-407B6D7CDF94" referredColumn="7532F26D-4C97-3490-1835-A76D8393CC34"/>
</associations>
</Column>
</columns>
<nestedColumns itemClass="oracle.dbtools.crest.model.design.relational.Column">
<nestedColumn name="Info.name" id="AD7AD5EB-A593-8BA4-7BB4-57A431F32B6F">
<createdBy>10151</createdBy>
<createdTime>2022-10-08 13:51:33 UTC</createdTime>
<generatorID>1B91A6EC-25E8-D8DF-7777-94ECED636AF7</generatorID>
<ownerDesignName>DBhw3</ownerDesignName>
<nullsAllowed>true</nullsAllowed>
<parentObject>27FE4D64-ABF2-F9E3-544A-3F48A550D65E</parentObject>
<structAttributeID>AC472BD3-73AE-9173-8D84-8609A2FA66FD</structAttributeID>
<use>0</use>
<logicalDatatype>LOGDT025</logicalDatatype>
<dataTypeSize>30</dataTypeSize>
<domain>7DF8EF8A-CCCB-B4E3-3103-F9D4C766597C</domain>
<ownDataTypeParameters>30,,</ownDataTypeParameters>
<autoIncrementCycle>false</autoIncrementCycle>
</nestedColumn>
<nestedColumn name="Info.home_address" id="2E9B5FAE-15DB-2860-29A7-9BC3936AE4D6">
<createdBy>10151</createdBy>
<createdTime>2022-10-08 13:51:33 UTC</createdTime>
<generatorID>F9EFDD18-2461-0639-9D66-762917F27D11</generatorID>
<ownerDesignName>DBhw3</ownerDesignName>
<nullsAllowed>true</nullsAllowed>
<parentObject>27FE4D64-ABF2-F9E3-544A-3F48A550D65E</parentObject>
<structAttributeID>EB71E758-32D1-708B-D272-19C33C7746A2</structAttributeID>
<use>0</use>
<logicalDatatype>LOGDT024</logicalDatatype>
<dataTypeSize>255</dataTypeSize>
<domain>179C8B52-4E13-3A5B-4954-C2F3631B29B3</domain>
<ownDataTypeParameters>255,,</ownDataTypeParameters>
<autoIncrementCycle>false</autoIncrementCycle>
</nestedColumn>
<nestedColumn name="Info.callNo" id="C0A0EA74-A31C-C6F6-61CD-B279D9D6C3AA">
<createdBy>10151</createdBy>
<createdTime>2022-10-08 17:15:08 UTC</createdTime>
<ownerDesignName>DBhw3</ownerDesignName>
<nullsAllowed>true</nullsAllowed>
<parentObject>27FE4D64-ABF2-F9E3-544A-3F48A550D65E</parentObject>
<structAttributeID>127922C6-EB3C-69BB-09CF-691D40E5372E</structAttributeID>
<useDomainConstraints>false</useDomainConstraints>
<use>3</use>
<structuredType>57E2FCB8-0078-E14A-8CAD-B746FEC82054</structuredType>
<ownDataTypeParameters>,,</ownDataTypeParameters>
<autoIncrementCycle>false</autoIncrementCycle>
</nestedColumn>
<nestedColumn name="Info.callNo.phoneno" id="44C5B447-9DB3-382D-6DDC-2DE64782D1F5">
<createdBy>10151</createdBy>
<createdTime>2022-10-08 17:15:08 UTC</createdTime>
<ownerDesignName>DBhw3</ownerDesignName>
<nullsAllowed>true</nullsAllowed>
<parentObject>C0A0EA74-A31C-C6F6-61CD-B279D9D6C3AA</parentObject>
<structAttributeID>3F0E51B4-34EF-C538-5998-90C29DA4564D</structAttributeID>
<use>0</use>
<logicalDatatype>LOGDT025</logicalDatatype>
<dataTypeSize>13</dataTypeSize>
<domain>34687D4A-E842-786D-6682-BEE0EBE91E67</domain>
<ownDataTypeParameters>13,,</ownDataTypeParameters>
<autoIncrementCycle>false</autoIncrementCycle>
</nestedColumn>
<nestedColumn name="Info.callNo.homeno" id="58597081-733F-C4EA-6CA1-733CAE2B6C57">
<createdBy>10151</createdBy>
<createdTime>2022-10-08 17:15:08 UTC</createdTime>
<ownerDesignName>DBhw3</ownerDesignName>
<nullsAllowed>true</nullsAllowed>
<parentObject>C0A0EA74-A31C-C6F6-61CD-B279D9D6C3AA</parentObject>
<structAttributeID>A017179B-9521-CDF6-E380-9ADF32A87D52</structAttributeID>
<use>0</use>
<logicalDatatype>LOGDT025</logicalDatatype>
<dataTypeSize>13</dataTypeSize>
<domain>4430E4CB-67B0-B78D-958C-8CB137EE0380</domain>
<ownDataTypeParameters>13,,</ownDataTypeParameters>
<autoIncrementCycle>false</autoIncrementCycle>
</nestedColumn>
<nestedColumn name="Info.callNo.workplaceno" id="51D47E21-6427-E756-8F55-FF4E6AFFFABB">
<createdBy>10151</createdBy>
<createdTime>2022-10-08 17:15:08 UTC</createdTime>
<ownerDesignName>DBhw3</ownerDesignName>
<nullsAllowed>true</nullsAllowed>
<parentObject>C0A0EA74-A31C-C6F6-61CD-B279D9D6C3AA</parentObject>
<structAttributeID>1E16AD42-AF1F-18BC-A0E0-CE34D597FBA9</structAttributeID>
<use>0</use>
<logicalDatatype>LOGDT025</logicalDatatype>
<dataTypeSize>13</dataTypeSize>
<domain>5D9783D4-DD43-F17A-F7A6-FCD18043568A</domain>
<ownDataTypeParameters>13,,</ownDataTypeParameters>
<autoIncrementCycle>false</autoIncrementCycle>
</nestedColumn>
</nestedColumns>
<indexes itemClass="oracle.dbtools.crest.model.design.relational.Index">
<ind_PK_UK id="B8DE95B6-AFFD-659D-9B5E-4F7F709C2667" name="assiatant_PK">
<createdBy>10151</createdBy>
<createdTime>2022-10-08 13:51:33 UTC</createdTime>
<generatorID>B21DC276-49A8-D190-E6A6-EFD8C584571B</generatorID>
<ownerDesignName>DBhw3</ownerDesignName>
<pk>true</pk>
<indexState>Primary Constraint</indexState>
<isSurrogateKey>false</isSurrogateKey>
<indexColumnUsage>
<colUsage columnID="B10AB3E1-F584-71D9-7829-D50D27A08675"/>
</indexColumnUsage>
</ind_PK_UK>
<ind_PK_UK id="CF170ED1-82A5-501D-AA29-5F90618930C5" name="assiatant__IDX">
<createdBy>10151</createdBy>
<createdTime>2022-10-08 13:51:33 UTC</createdTime>
<ownerDesignName>DBhw3</ownerDesignName>
<indexState>Unique Plain Index</indexState>
<isSurrogateKey>false</isSurrogateKey>
<relationGeneratorID>3CB001BB-AA0D-4A0D-DA1C-8159E3E0B4D3</relationGeneratorID>
<indexColumnUsage>
<colUsage columnID="D9E5D641-B721-C1D4-8366-F393FDD04B45"/>
</indexColumnUsage>
</ind_PK_UK>
<ind_PK_UK id="93A759D2-0AE0-1D13-ACA1-3F14205CD149" name="belong_assistant">
<createdBy>10151</createdBy>
<createdTime>2022-10-08 13:51:33 UTC</createdTime>
<generatorID>8E6231DD-F858-8A7B-7D4B-39C4BA8DF5BA</generatorID>
<ownerDesignName>DBhw3</ownerDesignName>
<indexState>Foreign Key</indexState>
<isSurrogateKey>false</isSurrogateKey>
<indexColumnUsage>
<colUsage columnID="9C99C4F9-B5D3-654F-5829-24C95A7DC41D"/>
</indexColumnUsage>
</ind_PK_UK>
<ind_PK_UK id="2F8BDD83-3836-7137-BA42-4D3924C4C129" name="assistant_to_subjectv1">
<createdBy>10151</createdBy>
<createdTime>2022-10-08 15:57:19 UTC</createdTime>
<generatorID>3CB001BB-AA0D-4A0D-DA1C-8159E3E0B4D3</generatorID>
<ownerDesignName>DBhw3</ownerDesignName>
<indexState>Foreign Key</indexState>
<isSurrogateKey>false</isSurrogateKey>
<indexColumnUsage>
<colUsage columnID="D9E5D641-B721-C1D4-8366-F393FDD04B45"/>
</indexColumnUsage>
</ind_PK_UK>
</indexes>
</Table>