<?xml version = '1.0' encoding = 'UTF-8'?>
<Table class="oracle.dbtools.crest.model.design.relational.Table" directorySegmentName="seg_0" id="8AFE6D14-632D-27EC-265B-921592ACD462" name="Professor">
<createdBy>10151</createdBy>
<createdTime>2022-10-08 13:51:33 UTC</createdTime>
<generatorID>A12741FA-803A-854E-ADEC-B80B33D66CDE</generatorID>
<ownerDesignName>DBhw3</ownerDesignName>
<allowColumnReorder>false</allowColumnReorder>
<existDependencyGenerateInDDl>true</existDependencyGenerateInDDl>
<parsed>true</parsed>
<columns itemClass="oracle.dbtools.crest.model.design.relational.Column">
<Column name="ProNo" id="407F30C8-1AEE-D700-4167-687263636F6F">
<createdBy>10151</createdBy>
<createdTime>2022-10-08 13:51:33 UTC</createdTime>
<generatorID>4BDAD616-3CB9-BE42-4D3F-530A47949614</generatorID>
<ownerDesignName>DBhw3</ownerDesignName>
<use>0</use>
<logicalDatatype>LOGDT019</logicalDatatype>
<domain>CC156D6C-DD91-95E8-7DC3-60ACB58671D3</domain>
<ownDataTypeParameters>,,</ownDataTypeParameters>
<autoIncrementCycle>false</autoIncrementCycle>
</Column>
<Column name="office" id="E00C2257-977E-33F1-0C9F-BA4CC8AA55DA">
<createdBy>10151</createdBy>
<createdTime>2022-10-08 13:51:33 UTC</createdTime>
<generatorID>9DC37319-F463-041E-BA79-15ECD262B70A</generatorID>
<ownerDesignName>DBhw3</ownerDesignName>
<nullsAllowed>true</nullsAllowed>
<use>0</use>
<logicalDatatype>LOGDT025</logicalDatatype>
<domain>7DF8EF8A-CCCB-B4E3-3103-F9D4C766597C</domain>
<ownDataTypeParameters>,,</ownDataTypeParameters>
<autoIncrementCycle>false</autoIncrementCycle>
</Column>
<Column name="Info" id="7CEA6E3B-51F1-368A-AB20-E1EA974ED7BF">
<createdBy>10151</createdBy>
<createdTime>2022-10-08 13:51:33 UTC</createdTime>
<generatorID>7482550B-8DB3-8B58-D80E-77F8F2A4FE1F</generatorID>
<ownerDesignName>DBhw3</ownerDesignName>
<nullsAllowed>true</nullsAllowed>
<useDomainConstraints>false</useDomainConstraints>
<use>3</use>
<structuredType>18399519-299C-6112-E225-12903D3F086F</structuredType>
<ownDataTypeParameters>,,</ownDataTypeParameters>
<autoIncrementCycle>false</autoIncrementCycle>
</Column>
<Column name="department" id="34AD0D79-78B9-FFA0-FD0A-1DA7D285A9B0">
<createdBy>10151</createdBy>
<createdTime>2022-10-08 14:43:46 UTC</createdTime>
<generatorID>19327605-6776-8C3A-DD42-C3044A12A282</generatorID>
<ownerDesignName>DBhw3</ownerDesignName>
<use>0</use>
<logicalDatatype>LOGDT025</logicalDatatype>
<domain>7DF8EF8A-CCCB-B4E3-3103-F9D4C766597C</domain>
<ownDataTypeParameters>,,</ownDataTypeParameters>
<previousColumn>false</previousColumn>
<autoIncrementCycle>false</autoIncrementCycle>
<associations>
<colAssociation fkAssociation="F8AFBE31-E1EA-0DE1-0173-5FAE0C59B8DC" referredColumn="7532F26D-4C97-3490-1835-A76D8393CC34"/>
</associations>
</Column>
</columns>
<nestedColumns itemClass="oracle.dbtools.crest.model.design.relational.Column">
<nestedColumn name="Info.name" id="F45FEF2C-337A-0F39-60C6-C8DCEC079EF0">
<createdBy>10151</createdBy>
<createdTime>2022-10-08 13:51:33 UTC</createdTime>
<generatorID>2B596EA4-E26B-1737-6232-995EA1B0D420</generatorID>
<ownerDesignName>DBhw3</ownerDesignName>
<nullsAllowed>true</nullsAllowed>
<parentObject>7CEA6E3B-51F1-368A-AB20-E1EA974ED7BF</parentObject>
<structAttributeID>AC472BD3-73AE-9173-8D84-8609A2FA66FD</structAttributeID>
<use>0</use>
<logicalDatatype>LOGDT025</logicalDatatype>
<dataTypeSize>30</dataTypeSize>
<domain>7DF8EF8A-CCCB-B4E3-3103-F9D4C766597C</domain>
<ownDataTypeParameters>30,,</ownDataTypeParameters>
<autoIncrementCycle>false</autoIncrementCycle>
</nestedColumn>
<nestedColumn name="Info.home_address" id="97528CE4-3938-4939-D851-A3DE6B34FD98">
<createdBy>10151</createdBy>
<createdTime>2022-10-08 13:51:33 UTC</createdTime>
<generatorID>57716A5E-7003-85C6-BF24-B6BF761D72A5</generatorID>
<ownerDesignName>DBhw3</ownerDesignName>
<nullsAllowed>true</nullsAllowed>
<parentObject>7CEA6E3B-51F1-368A-AB20-E1EA974ED7BF</parentObject>
<structAttributeID>EB71E758-32D1-708B-D272-19C33C7746A2</structAttributeID>
<use>0</use>
<logicalDatatype>LOGDT024</logicalDatatype>
<dataTypeSize>255</dataTypeSize>
<domain>179C8B52-4E13-3A5B-4954-C2F3631B29B3</domain>
<ownDataTypeParameters>255,,</ownDataTypeParameters>
<autoIncrementCycle>false</autoIncrementCycle>
</nestedColumn>
<nestedColumn name="Info.callNo" id="9E1C4020-8A7E-7E28-D30A-27A3CDC6196A">
<createdBy>10151</createdBy>
<createdTime>2022-10-08 17:15:08 UTC</createdTime>
<ownerDesignName>DBhw3</ownerDesignName>
<nullsAllowed>true</nullsAllowed>
<parentObject>7CEA6E3B-51F1-368A-AB20-E1EA974ED7BF</parentObject>
<structAttributeID>127922C6-EB3C-69BB-09CF-691D40E5372E</structAttributeID>
<useDomainConstraints>false</useDomainConstraints>
<use>3</use>
<structuredType>57E2FCB8-0078-E14A-8CAD-B746FEC82054</structuredType>
<ownDataTypeParameters>,,</ownDataTypeParameters>
<autoIncrementCycle>false</autoIncrementCycle>
</nestedColumn>
<nestedColumn name="Info.callNo.phoneno" id="8F5D3FF6-CF04-C5ED-64B7-54558FF1CC6B">
<createdBy>10151</createdBy>
<createdTime>2022-10-08 17:15:08 UTC</createdTime>
<ownerDesignName>DBhw3</ownerDesignName>
<nullsAllowed>true</nullsAllowed>
<parentObject>9E1C4020-8A7E-7E28-D30A-27A3CDC6196A</parentObject>
<structAttributeID>3F0E51B4-34EF-C538-5998-90C29DA4564D</structAttributeID>
<use>0</use>
<logicalDatatype>LOGDT025</logicalDatatype>
<dataTypeSize>13</dataTypeSize>
<domain>34687D4A-E842-786D-6682-BEE0EBE91E67</domain>
<ownDataTypeParameters>13,,</ownDataTypeParameters>
<autoIncrementCycle>false</autoIncrementCycle>
</nestedColumn>
<nestedColumn name="Info.callNo.homeno" id="22D40F9C-080C-3BC9-92B9-228B65B8CD83">
<createdBy>10151</createdBy>
<createdTime>2022-10-08 17:15:08 UTC</createdTime>
<ownerDesignName>DBhw3</ownerDesignName>
<nullsAllowed>true</nullsAllowed>
<parentObject>9E1C4020-8A7E-7E28-D30A-27A3CDC6196A</parentObject>
<structAttributeID>A017179B-9521-CDF6-E380-9ADF32A87D52</structAttributeID>
<use>0</use>
<logicalDatatype>LOGDT025</logicalDatatype>
<dataTypeSize>13</dataTypeSize>
<domain>4430E4CB-67B0-B78D-958C-8CB137EE0380</domain>
<ownDataTypeParameters>13,,</ownDataTypeParameters>
<autoIncrementCycle>false</autoIncrementCycle>
</nestedColumn>
<nestedColumn name="Info.callNo.workplaceno" id="29198CDA-190E-AEFC-ECCC-4B795659551D">
<createdBy>10151</createdBy>
<createdTime>2022-10-08 17:15:08 UTC</createdTime>
<ownerDesignName>DBhw3</ownerDesignName>
<nullsAllowed>true</nullsAllowed>
<parentObject>9E1C4020-8A7E-7E28-D30A-27A3CDC6196A</parentObject>
<structAttributeID>1E16AD42-AF1F-18BC-A0E0-CE34D597FBA9</structAttributeID>
<use>0</use>
<logicalDatatype>LOGDT025</logicalDatatype>
<dataTypeSize>13</dataTypeSize>
<domain>5D9783D4-DD43-F17A-F7A6-FCD18043568A</domain>
<ownDataTypeParameters>13,,</ownDataTypeParameters>
<autoIncrementCycle>false</autoIncrementCycle>
</nestedColumn>
</nestedColumns>
<indexes itemClass="oracle.dbtools.crest.model.design.relational.Index">
<ind_PK_UK id="E80ED915-E8F1-D357-28D4-458D8CCF82DF" name="Professor_PK">
<createdBy>10151</createdBy>
<createdTime>2022-10-08 13:51:33 UTC</createdTime>
<generatorID>ED33261B-3E00-DF51-4C2E-D5ECBF1441A5</generatorID>
<ownerDesignName>DBhw3</ownerDesignName>
<pk>true</pk>
<indexState>Primary Constraint</indexState>
<isSurrogateKey>false</isSurrogateKey>
<indexColumnUsage>
<colUsage columnID="407F30C8-1AEE-D700-4167-687263636F6F"/>
</indexColumnUsage>
</ind_PK_UK>
<ind_PK_UK id="ED21D78D-AAB0-40BF-3218-D747C909AC07" name="belong_professor">
<createdBy>10151</createdBy>
<createdTime>2022-10-08 14:43:46 UTC</createdTime>
<generatorID>1C7FBABA-EC34-8D62-761D-504CE932CD45</generatorID>
<ownerDesignName>DBhw3</ownerDesignName>
<indexState>Foreign Key</indexState>
<isSurrogateKey>false</isSurrogateKey>
<indexColumnUsage>
<colUsage columnID="34AD0D79-78B9-FFA0-FD0A-1DA7D285A9B0"/>
</indexColumnUsage>
</ind_PK_UK>
</indexes>
</Table>