<?xml version = '1.0' encoding = 'UTF-8'?>
<Table class="oracle.dbtools.crest.model.design.relational.Table" directorySegmentName="seg_0" id="965BE631-65B4-200E-5F41-CEDD814BFBF8" name="Time">
<createdBy>10151</createdBy>
<createdTime>2022-10-08 13:51:33 UTC</createdTime>
<ownerDesignName>DBhw3</ownerDesignName>
<ordsAlias>lecture_times</ordsAlias>
<allowColumnReorder>false</allowColumnReorder>
<existDependencyGenerateInDDl>true</existDependencyGenerateInDDl>
<parsed>true</parsed>
<columns itemClass="oracle.dbtools.crest.model.design.relational.Column">
<Column name="learn_time" id="73F519BB-46F7-8237-E8C1-FB0ED8B49CD6">
<createdBy>10151</createdBy>
<createdTime>2022-10-08 13:51:33 UTC</createdTime>
<ownerDesignName>DBhw3</ownerDesignName>
<use>0</use>
<logicalDatatype>LOGDT019</logicalDatatype>
<domain>DCF42633-0672-2FF8-33DB-84F5B3DC2D57</domain>
<ownDataTypeParameters>,,</ownDataTypeParameters>
<previousColumn>false</previousColumn>
<autoIncrementCycle>false</autoIncrementCycle>
<listOfRanges>
<rangeDef class="oracle.dbtools.crest.model.design.constraint.AVT">
<beginValue>1</beginValue>
<endValue>10</endValue>
</rangeDef>
</listOfRanges>
<associations>
<colAssociation fkAssociation="D457CE81-FF50-74E7-9C80-765D8ECF9CEE" referredColumn="D3C7C545-8BB3-1D70-EBFF-B115CB79837A"/>
</associations>
</Column>
<Column name="learn_date" id="2AE54C4D-4294-EC70-DB07-CCFF86969BB3">
<createdBy>10151</createdBy>
<createdTime>2022-10-08 13:51:33 UTC</createdTime>
<ownerDesignName>DBhw3</ownerDesignName>
<use>0</use>
<logicalDatatype>LOGDT025</logicalDatatype>
<domain>9B935678-C1E8-458F-E701-1319E3B61C4C</domain>
<ownDataTypeParameters>,,</ownDataTypeParameters>
<previousColumn>false</previousColumn>
<autoIncrementCycle>false</autoIncrementCycle>
<associations>
<colAssociation fkAssociation="D457CE81-FF50-74E7-9C80-765D8ECF9CEE" referredColumn="69A8953F-25A6-096D-1197-476341525B10"/>
</associations>
</Column>
<Column name="sName" id="BB7D2A79-21E8-A175-4BD3-9E1F6DB1404C">
<createdBy>10151</createdBy>
<createdTime>2022-10-08 13:51:33 UTC</createdTime>
<ownerDesignName>DBhw3</ownerDesignName>
<use>0</use>
<logicalDatatype>LOGDT025</logicalDatatype>
<domain>7DF8EF8A-CCCB-B4E3-3103-F9D4C766597C</domain>
<ownDataTypeParameters>,,</ownDataTypeParameters>
<previousColumn>false</previousColumn>
<autoIncrementCycle>false</autoIncrementCycle>
<associations>
<colAssociation fkAssociation="57584EE3-2CDF-6A5E-F615-2AD74B5406D1" referredColumn="D5E90F75-074F-99F9-D5DD-6060CD6D6038"/>
</associations>
</Column>
</columns>
<indexes itemClass="oracle.dbtools.crest.model.design.relational.Index">
<ind_PK_UK id="B271FAE8-F429-3802-CE4E-2E6D464BF0BD" name="Lecture_times_PK">
<createdBy>10151</createdBy>
<createdTime>2022-10-08 13:51:33 UTC</createdTime>
<ownerDesignName>DBhw3</ownerDesignName>
<pk>true</pk>
<indexState>Primary Constraint</indexState>
<isSurrogateKey>false</isSurrogateKey>
<indexColumnUsage>
<colUsage columnID="73F519BB-46F7-8237-E8C1-FB0ED8B49CD6"/>
<colUsage columnID="2AE54C4D-4294-EC70-DB07-CCFF86969BB3"/>
<colUsage columnID="BB7D2A79-21E8-A175-4BD3-9E1F6DB1404C"/>
</indexColumnUsage>
</ind_PK_UK>
<ind_PK_UK id="EE8E50CF-E522-EA9B-0F5A-E9AC2724B856" name="Lecture_times_Lecture_time_FK">
<createdBy>10151</createdBy>
<createdTime>2022-10-08 13:51:33 UTC</createdTime>
<generatorID>8AD8D807-DC9A-2A88-7143-A6D7E9913D17</generatorID>
<ownerDesignName>DBhw3</ownerDesignName>
<indexState>Foreign Key</indexState>
<isSurrogateKey>false</isSurrogateKey>
<indexColumnUsage>
<colUsage columnID="73F519BB-46F7-8237-E8C1-FB0ED8B49CD6"/>
<colUsage columnID="2AE54C4D-4294-EC70-DB07-CCFF86969BB3"/>
</indexColumnUsage>
</ind_PK_UK>
<ind_PK_UK id="7D8946C0-25CA-CEB2-5DB1-6051C2A530C0" name="Lecture_times_Lecture_FK">
<createdBy>10151</createdBy>
<createdTime>2022-10-08 13:51:33 UTC</createdTime>
<generatorID>8AD8D807-DC9A-2A88-7143-A6D7E9913D17</generatorID>
<ownerDesignName>DBhw3</ownerDesignName>
<indexState>Foreign Key</indexState>
<isSurrogateKey>false</isSurrogateKey>
<indexColumnUsage>
<colUsage columnID="BB7D2A79-21E8-A175-4BD3-9E1F6DB1404C"/>
</indexColumnUsage>
</ind_PK_UK>
</indexes>
</Table>