<?xml version = '1.0' encoding = 'UTF-8'?>
<Table class="oracle.dbtools.crest.model.design.relational.Table" directorySegmentName="seg_0" id="9A11BA53-48B0-C873-5A12-32946400C26B" name="responsibility">
<createdBy>10151</createdBy>
<createdTime>2022-10-08 13:51:33 UTC</createdTime>
<ownerDesignName>DBhw3</ownerDesignName>
<allowColumnReorder>false</allowColumnReorder>
<existDependencyGenerateInDDl>true</existDependencyGenerateInDDl>
<parsed>true</parsed>
<columns itemClass="oracle.dbtools.crest.model.design.relational.Column">
<Column name="teaching_proNo" id="768AA7ED-56D2-4FF7-FF56-2389174E5BCB">
<createdBy>10151</createdBy>
<createdTime>2022-10-08 13:51:33 UTC</createdTime>
<ownerDesignName>DBhw3</ownerDesignName>
<use>0</use>
<logicalDatatype>LOGDT019</logicalDatatype>
<domain>CC156D6C-DD91-95E8-7DC3-60ACB58671D3</domain>
<ownDataTypeParameters>,,</ownDataTypeParameters>
<previousColumn>false</previousColumn>
<autoIncrementCycle>false</autoIncrementCycle>
<associations>
<colAssociation fkAssociation="CA74A4CE-B041-A25D-4929-F8FAC9FE88D0" referredColumn="407F30C8-1AEE-D700-4167-687263636F6F"/>
</associations>
</Column>
<Column name="teaching_sName" id="A8AE2CBB-CF49-3849-8FF2-EC09D7C3527E">
<createdBy>10151</createdBy>
<createdTime>2022-10-08 13:51:33 UTC</createdTime>
<ownerDesignName>DBhw3</ownerDesignName>
<use>0</use>
<logicalDatatype>LOGDT025</logicalDatatype>
<domain>7DF8EF8A-CCCB-B4E3-3103-F9D4C766597C</domain>
<ownDataTypeParameters>,,</ownDataTypeParameters>
<previousColumn>false</previousColumn>
<autoIncrementCycle>false</autoIncrementCycle>
<associations>
<colAssociation fkAssociation="57BCD7C4-6FE3-EF35-F00B-A4EE5030B87C" referredColumn="5CE8FA3F-972C-BF44-0A64-5E13AC53F447"/>
</associations>
</Column>
</columns>
<indexes itemClass="oracle.dbtools.crest.model.design.relational.Index">
<ind_PK_UK id="2EA834BE-C5A8-12BE-65A4-1138ACE0F8DD" name="responsibility_PK">
<createdBy>10151</createdBy>
<createdTime>2022-10-08 13:51:33 UTC</createdTime>
<ownerDesignName>DBhw3</ownerDesignName>
<pk>true</pk>
<indexState>Primary Constraint</indexState>
<isSurrogateKey>false</isSurrogateKey>
<indexColumnUsage>
<colUsage columnID="768AA7ED-56D2-4FF7-FF56-2389174E5BCB"/>
<colUsage columnID="A8AE2CBB-CF49-3849-8FF2-EC09D7C3527E"/>
</indexColumnUsage>
</ind_PK_UK>
<ind_PK_UK id="DA9FCA5B-13DF-42B6-4D54-62F5F0B1D3F9" name="responsibility_Professor_FK">
<createdBy>10151</createdBy>
<createdTime>2022-10-08 13:51:33 UTC</createdTime>
<generatorID>6A9FF635-81E9-E5D4-46C0-705D5F40D1EC</generatorID>
<ownerDesignName>DBhw3</ownerDesignName>
<indexState>Foreign Key</indexState>
<isSurrogateKey>false</isSurrogateKey>
<indexColumnUsage>
<colUsage columnID="768AA7ED-56D2-4FF7-FF56-2389174E5BCB"/>
</indexColumnUsage>
</ind_PK_UK>
<ind_PK_UK id="0C5860B3-38DD-4341-2DB8-375711D0F6D8" name="responsibility_Subject_FK">
<createdBy>10151</createdBy>
<createdTime>2022-10-08 13:51:33 UTC</createdTime>
<generatorID>6A9FF635-81E9-E5D4-46C0-705D5F40D1EC</generatorID>
<ownerDesignName>DBhw3</ownerDesignName>
<indexState>Foreign Key</indexState>
<isSurrogateKey>false</isSurrogateKey>
<indexColumnUsage>
<colUsage columnID="A8AE2CBB-CF49-3849-8FF2-EC09D7C3527E"/>
</indexColumnUsage>
</ind_PK_UK>
</indexes>
</Table>