<?xml version = '1.0' encoding = 'UTF-8'?>
<Table class="oracle.dbtools.crest.model.design.relational.Table" directorySegmentName="seg_0" id="E202457F-F476-D8ED-9909-07D620EA79CE" name="Student">
<createdBy>10151</createdBy>
<createdTime>2022-10-08 13:51:33 UTC</createdTime>
<generatorID>3A98840C-D69F-AA28-F64C-0FEB808B45F9</generatorID>
<ownerDesignName>DBhw3</ownerDesignName>
<allowColumnReorder>false</allowColumnReorder>
<existDependencyGenerateInDDl>true</existDependencyGenerateInDDl>
<parsed>true</parsed>
<columns itemClass="oracle.dbtools.crest.model.design.relational.Column">
<Column name="IDNo" id="673B0D72-AED7-725C-40D9-80979326DA7F">
<createdBy>10151</createdBy>
<createdTime>2022-10-08 13:51:33 UTC</createdTime>
<generatorID>27ED20C2-9CE9-8A43-1590-E623F2007696</generatorID>
<ownerDesignName>DBhw3</ownerDesignName>
<use>0</use>
<logicalDatatype>LOGDT019</logicalDatatype>
<domain>CC156D6C-DD91-95E8-7DC3-60ACB58671D3</domain>
<ownDataTypeParameters>,,</ownDataTypeParameters>
<autoIncrementCycle>false</autoIncrementCycle>
</Column>
<Column name="faculty" id="175B7B28-C901-CFC3-5392-FE30B6B10CC7">
<createdBy>10151</createdBy>
<createdTime>2022-10-08 13:51:33 UTC</createdTime>
<generatorID>6516AFA7-3A9F-E6AD-F391-0D5F53B68F84</generatorID>
<ownerDesignName>DBhw3</ownerDesignName>
<nullsAllowed>true</nullsAllowed>
<use>0</use>
<logicalDatatype>LOGDT025</logicalDatatype>
<domain>12EFC3C6-5690-FC5D-41A2-C86F86292C16</domain>
<ownDataTypeParameters>,,</ownDataTypeParameters>
<autoIncrementCycle>false</autoIncrementCycle>
</Column>
<Column name="factily" id="B307DBED-8F78-E88B-9481-5494AD120F86">
<createdBy>10151</createdBy>
<createdTime>2022-10-08 13:51:33 UTC</createdTime>
<generatorID>356B138C-A0DF-5AC5-7E27-BE0697494910</generatorID>
<ownerDesignName>DBhw3</ownerDesignName>
<nullsAllowed>true</nullsAllowed>
<use>0</use>
<logicalDatatype>LOGDT025</logicalDatatype>
<domain>12EFC3C6-5690-FC5D-41A2-C86F86292C16</domain>
<ownDataTypeParameters>,,</ownDataTypeParameters>
<autoIncrementCycle>false</autoIncrementCycle>
</Column>
<Column name="Info" id="DFD27F88-FE62-0089-2FB4-00258CE9F40E">
<createdBy>10151</createdBy>
<createdTime>2022-10-08 13:51:33 UTC</createdTime>
<generatorID>FFC4FD20-A713-2128-74E5-21C4E39BBCCF</generatorID>
<ownerDesignName>DBhw3</ownerDesignName>
<nullsAllowed>true</nullsAllowed>
<useDomainConstraints>false</useDomainConstraints>
<use>3</use>
<structuredType>18399519-299C-6112-E225-12903D3F086F</structuredType>
<ownDataTypeParameters>,,</ownDataTypeParameters>
<autoIncrementCycle>false</autoIncrementCycle>
</Column>
<Column name="department" id="F1B50126-E43D-E657-B20F-C4306A4F0E51">
<createdBy>10151</createdBy>
<createdTime>2022-10-08 13:51:33 UTC</createdTime>
<generatorID>8F05A2FC-E29F-D298-AF94-F7AB127EA244</generatorID>
<ownerDesignName>DBhw3</ownerDesignName>
<use>0</use>
<logicalDatatype>LOGDT025</logicalDatatype>
<domain>7DF8EF8A-CCCB-B4E3-3103-F9D4C766597C</domain>
<ownDataTypeParameters>,,</ownDataTypeParameters>
<previousColumn>false</previousColumn>
<autoIncrementCycle>false</autoIncrementCycle>
<associations>
<colAssociation fkAssociation="FDE4820C-76A8-B730-AD50-90F3296E6EFD" referredColumn="7532F26D-4C97-3490-1835-A76D8393CC34"/>
</associations>
</Column>
<Column name="subDepartment" id="F59E1997-FBB2-8C04-F58B-23B8D2DE0232">
<createdBy>10151</createdBy>
<createdTime>2022-10-08 14:43:46 UTC</createdTime>
<generatorID>A0520D7D-1706-8418-9D5F-E530EDD84F0B</generatorID>
<ownerDesignName>DBhw3</ownerDesignName>
<nullsAllowed>true</nullsAllowed>
<use>0</use>
<logicalDatatype>LOGDT025</logicalDatatype>
<domain>7DF8EF8A-CCCB-B4E3-3103-F9D4C766597C</domain>
<ownDataTypeParameters>,,</ownDataTypeParameters>
<previousColumn>false</previousColumn>
<autoIncrementCycle>false</autoIncrementCycle>
<associations>
<colAssociation fkAssociation="E122F171-2E94-563D-FB73-97024DD52EAE" referredColumn="7532F26D-4C97-3490-1835-A76D8393CC34"/>
</associations>
</Column>
</columns>
<nestedColumns itemClass="oracle.dbtools.crest.model.design.relational.Column">
<nestedColumn name="Info.name" id="5351F9FB-45AD-5FCB-5D17-395A4EE9A5BE">
<createdBy>10151</createdBy>
<createdTime>2022-10-08 13:51:33 UTC</createdTime>
<generatorID>34B1B9A9-F63D-C710-800F-1F5DCF9248C3</generatorID>
<ownerDesignName>DBhw3</ownerDesignName>
<nullsAllowed>true</nullsAllowed>
<parentObject>DFD27F88-FE62-0089-2FB4-00258CE9F40E</parentObject>
<structAttributeID>AC472BD3-73AE-9173-8D84-8609A2FA66FD</structAttributeID>
<use>0</use>
<logicalDatatype>LOGDT025</logicalDatatype>
<dataTypeSize>30</dataTypeSize>
<domain>7DF8EF8A-CCCB-B4E3-3103-F9D4C766597C</domain>
<ownDataTypeParameters>30,,</ownDataTypeParameters>
<autoIncrementCycle>false</autoIncrementCycle>
</nestedColumn>
<nestedColumn name="Info.home_address" id="8D9DFE5D-DAEA-291D-2185-5F6F3CDC02F8">
<createdBy>10151</createdBy>
<createdTime>2022-10-08 13:51:33 UTC</createdTime>
<generatorID>26E9A054-13BB-5BD6-EEF2-0948BE4CE48B</generatorID>
<ownerDesignName>DBhw3</ownerDesignName>
<nullsAllowed>true</nullsAllowed>
<parentObject>DFD27F88-FE62-0089-2FB4-00258CE9F40E</parentObject>
<structAttributeID>EB71E758-32D1-708B-D272-19C33C7746A2</structAttributeID>
<use>0</use>
<logicalDatatype>LOGDT024</logicalDatatype>
<dataTypeSize>255</dataTypeSize>
<domain>179C8B52-4E13-3A5B-4954-C2F3631B29B3</domain>
<ownDataTypeParameters>255,,</ownDataTypeParameters>
<autoIncrementCycle>false</autoIncrementCycle>
</nestedColumn>
<nestedColumn name="Info.callNo" id="67A8FE11-708D-0FD3-333D-5DB3FC3C6126">
<createdBy>10151</createdBy>
<createdTime>2022-10-08 17:15:08 UTC</createdTime>
<ownerDesignName>DBhw3</ownerDesignName>
<nullsAllowed>true</nullsAllowed>
<parentObject>DFD27F88-FE62-0089-2FB4-00258CE9F40E</parentObject>
<structAttributeID>127922C6-EB3C-69BB-09CF-691D40E5372E</structAttributeID>
<useDomainConstraints>false</useDomainConstraints>
<use>3</use>
<structuredType>57E2FCB8-0078-E14A-8CAD-B746FEC82054</structuredType>
<ownDataTypeParameters>,,</ownDataTypeParameters>
<autoIncrementCycle>false</autoIncrementCycle>
</nestedColumn>
<nestedColumn name="Info.callNo.phoneno" id="8203803F-E170-C366-55E5-7C1FD25521F1">
<createdBy>10151</createdBy>
<createdTime>2022-10-08 17:15:08 UTC</createdTime>
<ownerDesignName>DBhw3</ownerDesignName>
<nullsAllowed>true</nullsAllowed>
<parentObject>67A8FE11-708D-0FD3-333D-5DB3FC3C6126</parentObject>
<structAttributeID>3F0E51B4-34EF-C538-5998-90C29DA4564D</structAttributeID>
<use>0</use>
<logicalDatatype>LOGDT025</logicalDatatype>
<dataTypeSize>13</dataTypeSize>
<domain>34687D4A-E842-786D-6682-BEE0EBE91E67</domain>
<ownDataTypeParameters>13,,</ownDataTypeParameters>
<autoIncrementCycle>false</autoIncrementCycle>
</nestedColumn>
<nestedColumn name="Info.callNo.homeno" id="0FDA3A4D-3EE3-BF19-D205-FE737B095395">
<createdBy>10151</createdBy>
<createdTime>2022-10-08 17:15:08 UTC</createdTime>
<ownerDesignName>DBhw3</ownerDesignName>
<nullsAllowed>true</nullsAllowed>
<parentObject>67A8FE11-708D-0FD3-333D-5DB3FC3C6126</parentObject>
<structAttributeID>A017179B-9521-CDF6-E380-9ADF32A87D52</structAttributeID>
<use>0</use>
<logicalDatatype>LOGDT025</logicalDatatype>
<dataTypeSize>13</dataTypeSize>
<domain>4430E4CB-67B0-B78D-958C-8CB137EE0380</domain>
<ownDataTypeParameters>13,,</ownDataTypeParameters>
<autoIncrementCycle>false</autoIncrementCycle>
</nestedColumn>
<nestedColumn name="Info.callNo.workplaceno" id="FF87CF8D-6FCC-C957-D0B1-7A43E39FC741">
<createdBy>10151</createdBy>
<createdTime>2022-10-08 17:15:08 UTC</createdTime>
<ownerDesignName>DBhw3</ownerDesignName>
<nullsAllowed>true</nullsAllowed>
<parentObject>67A8FE11-708D-0FD3-333D-5DB3FC3C6126</parentObject>
<structAttributeID>1E16AD42-AF1F-18BC-A0E0-CE34D597FBA9</structAttributeID>
<use>0</use>
<logicalDatatype>LOGDT025</logicalDatatype>
<dataTypeSize>13</dataTypeSize>
<domain>5D9783D4-DD43-F17A-F7A6-FCD18043568A</domain>
<ownDataTypeParameters>13,,</ownDataTypeParameters>
<autoIncrementCycle>false</autoIncrementCycle>
</nestedColumn>
</nestedColumns>
<indexes itemClass="oracle.dbtools.crest.model.design.relational.Index">
<ind_PK_UK id="3D2B0301-3282-30F0-42C2-077886BC01BB" name="Student_PK">
<createdBy>10151</createdBy>
<createdTime>2022-10-08 13:51:33 UTC</createdTime>
<generatorID>9F718E0F-B73A-6866-D6E9-F14839F58821</generatorID>
<ownerDesignName>DBhw3</ownerDesignName>
<pk>true</pk>
<indexState>Primary Constraint</indexState>
<isSurrogateKey>false</isSurrogateKey>
<indexColumnUsage>
<colUsage columnID="673B0D72-AED7-725C-40D9-80979326DA7F"/>
</indexColumnUsage>
</ind_PK_UK>
<ind_PK_UK id="45956D4B-C5EA-6005-BD67-4FFA558C7DBB" name="Student__IDX">
<createdBy>10151</createdBy>
<createdTime>2022-10-08 13:51:33 UTC</createdTime>
<ownerDesignName>DBhw3</ownerDesignName>
<indexState>Unique Plain Index</indexState>
<isSurrogateKey>false</isSurrogateKey>
<relationGeneratorID>0E8B4D5D-77C2-D7A8-FFAE-D0B04E39B382</relationGeneratorID>
<indexColumnUsage>
<colUsage columnID="F1B50126-E43D-E657-B20F-C4306A4F0E51"/>
</indexColumnUsage>
</ind_PK_UK>
<ind_PK_UK id="B156AAC3-B6ED-DF5C-A176-607A164D6F37" name="belong">
<createdBy>10151</createdBy>
<createdTime>2022-10-08 13:51:33 UTC</createdTime>
<generatorID>0E8B4D5D-77C2-D7A8-FFAE-D0B04E39B382</generatorID>
<ownerDesignName>DBhw3</ownerDesignName>
<indexState>Foreign Key</indexState>
<isSurrogateKey>false</isSurrogateKey>
<indexColumnUsage>
<colUsage columnID="F1B50126-E43D-E657-B20F-C4306A4F0E51"/>
</indexColumnUsage>
</ind_PK_UK>
<ind_PK_UK id="CEBEEE85-E1DC-D84B-ACD1-9AFB1B992D3F" name="sub_department">
<createdBy>10151</createdBy>
<createdTime>2022-10-08 14:43:46 UTC</createdTime>
<generatorID>81A27580-0055-452D-AADF-06E2FD4CE51E</generatorID>
<ownerDesignName>DBhw3</ownerDesignName>
<indexState>Foreign Key</indexState>
<isSurrogateKey>false</isSurrogateKey>
<indexColumnUsage>
<colUsage columnID="F59E1997-FBB2-8C04-F58B-23B8D2DE0232"/>
</indexColumnUsage>
</ind_PK_UK>
</indexes>
</Table>