<?xml version = '1.0' encoding = 'UTF-8'?>
<Relation class="oracle.dbtools.crest.model.design.logical.Relation" name="em_to_comapany" directorySegmentName="seg_0" id="05A3DD91-281B-287A-9FD3-9C135A946D68">
<createdBy>10151</createdBy>
<createdTime>2022-10-01 21:39:35 UTC</createdTime>
<ownerDesignName>DBhw2</ownerDesignName>
<engineerTo>
<item key="1D70CB78-46CB-D6F3-7797-FB636430C684" value="true"/>
</engineerTo>
<sourcePk>AD801715-F2D4-136C-F4A5-18270E58AC92</sourcePk>
<identifying>false</identifying>
<optionalSource>true</optionalSource>
<optionalTarget>false</optionalTarget>
<sourceCardinality>1</sourceCardinality>
<sourceEntity>12C138CA-1440-61A7-E00C-D1E8862A4A27</sourceEntity>
<targetCardinalityString>1</targetCardinalityString>
<targetEntity>B5D7C31A-E0D0-F015-7B29-B1D2F3E3F6FE</targetEntity>
<transferable>true</transferable>
<deleteRule>NO ACTION</deleteRule>
</Relation>