<?xml version = '1.0' encoding = 'UTF-8'?>
<Relation class="oracle.dbtools.crest.model.design.logical.Relation" name="company_made" directorySegmentName="seg_0" id="0B53C29F-B839-4A01-562B-8CE3F0AF546B">
<createdBy>10151</createdBy>
<createdTime>2022-10-01 17:01:14 UTC</createdTime>
<ownerDesignName>DBhw2</ownerDesignName>
<engineerTo>
<item key="1D70CB78-46CB-D6F3-7797-FB636430C684" value="true"/>
</engineerTo>
<sourcePk>AD801715-F2D4-136C-F4A5-18270E58AC92</sourcePk>
<identifying>false</identifying>
<optionalSource>false</optionalSource>
<optionalTarget>false</optionalTarget>
<sourceCardinality>*</sourceCardinality>
<sourceEntity>12C138CA-1440-61A7-E00C-D1E8862A4A27</sourceEntity>
<targetCardinalityString>*</targetCardinalityString>
<targetEntity>015E29F1-74E5-A2DE-2D75-4CE352F3590A</targetEntity>
<transferable>true</transferable>
<deleteRule>NO ACTION</deleteRule>
</Relation>