<?xml version = '1.0' encoding = 'UTF-8'?>
<Relation class="oracle.dbtools.crest.model.design.logical.Relation" name="user_goods_Posting" directorySegmentName="seg_0" id="2A3F5BCF-027F-ECFE-6C2F-3BA5B96C7081">
<createdBy>10151</createdBy>
<createdTime>2022-10-01 21:29:54 UTC</createdTime>
<ownerDesignName>DBhw2</ownerDesignName>
<engineerTo>
<item key="DCFFCB2A-7E6E-B5D2-9484-E9A3C4DD3060" value="true"/>
</engineerTo>
<sourcePk>FAD02A8D-7BDF-EF0E-C877-715A3225AF2C</sourcePk>
<identifying>false</identifying>
<optionalSource>false</optionalSource>
<optionalTarget>true</optionalTarget>
<sourceCardinality>1</sourceCardinality>
<sourceEntity>64DDCD74-5AAB-64BB-2B6F-34A1C0F79052</sourceEntity>
<targetCardinalityString>*</targetCardinalityString>
<targetEntity>C3ABFF17-5828-1E96-833A-B47876CB6682</targetEntity>
<transferable>true</transferable>
<deleteRule>NO ACTION</deleteRule>
</Relation>