<?xml version = '1.0' encoding = 'UTF-8'?>
<Relation class="oracle.dbtools.crest.model.design.logical.Relation" name="posting_to_Shipping" directorySegmentName="seg_0" id="2FE1DCA3-4123-AE23-8753-3D2A8E2CB944">
<createdBy>10151</createdBy>
<createdTime>2022-10-01 20:36:09 UTC</createdTime>
<ownerDesignName>DBhw2</ownerDesignName>
<engineerTo>
<item key="1FD6CDF4-1D55-DC0C-F766-E18CA6758449" value="true"/>
</engineerTo>
<sourcePk>499B4851-56D4-F66D-0C22-51EDB2FA6C6B</sourcePk>
<identifying>true</identifying>
<optionalSource>true</optionalSource>
<optionalTarget>false</optionalTarget>
<sourceCardinality>1</sourceCardinality>
<sourceEntity>99BB7528-E110-603D-A10B-7ED7A7EEA24D</sourceEntity>
<targetCardinalityString>1</targetCardinalityString>
<targetEntity>1171CAA4-3035-D67D-7E1A-2639A790DF64</targetEntity>
<transferable>true</transferable>
<deleteRule>NO ACTION</deleteRule>
</Relation>