<?xml version = '1.0' encoding = 'UTF-8'?>
<Relation class="oracle.dbtools.crest.model.design.logical.Relation" name="user_shipping_Posting" directorySegmentName="seg_0" id="452499E9-3F0E-04D1-2A0E-E8D3F8B91BA9">
<createdBy>10151</createdBy>
<createdTime>2022-10-01 20:48:29 UTC</createdTime>
<ownerDesignName>DBhw2</ownerDesignName>
<engineerTo>
<item key="DCFFCB2A-7E6E-B5D2-9484-E9A3C4DD3060" value="true"/>
</engineerTo>
<sourcePk>FAD02A8D-7BDF-EF0E-C877-715A3225AF2C</sourcePk>
<identifying>false</identifying>
<optionalSource>false</optionalSource>
<optionalTarget>true</optionalTarget>
<sourceCardinality>1</sourceCardinality>
<sourceEntity>64DDCD74-5AAB-64BB-2B6F-34A1C0F79052</sourceEntity>
<targetCardinalityString>*</targetCardinalityString>
<targetEntity>1171CAA4-3035-D67D-7E1A-2639A790DF64</targetEntity>
<transferable>true</transferable>
<deleteRule>NO ACTION</deleteRule>
</Relation>