<?xml version = '1.0' encoding = 'UTF-8'?>
<Relation class="oracle.dbtools.crest.model.design.logical.Relation" name="poting_to_Goods" directorySegmentName="seg_0" id="77A57072-CC4E-359E-26E4-40CF0ACB7CAD">
<createdBy>10151</createdBy>
<createdTime>2022-10-01 20:36:01 UTC</createdTime>
<ownerDesignName>DBhw2</ownerDesignName>
<engineerTo>
<item key="1FD6CDF4-1D55-DC0C-F766-E18CA6758449" value="true"/>
</engineerTo>
<sourcePk>499B4851-56D4-F66D-0C22-51EDB2FA6C6B</sourcePk>
<identifying>true</identifying>
<optionalSource>true</optionalSource>
<optionalTarget>false</optionalTarget>
<sourceCardinality>1</sourceCardinality>
<sourceEntity>99BB7528-E110-603D-A10B-7ED7A7EEA24D</sourceEntity>
<targetCardinalityString>1</targetCardinalityString>
<targetEntity>C3ABFF17-5828-1E96-833A-B47876CB6682</targetEntity>
<transferable>true</transferable>
<deleteRule>NO ACTION</deleteRule>
</Relation>