<?xml version = '1.0' encoding = 'UTF-8'?>
<Relation class="oracle.dbtools.crest.model.design.logical.Relation" name="answer_to_Posting" directorySegmentName="seg_0" id="91338536-7F0F-20F3-2DF5-BF0002A93325">
<createdBy>10151</createdBy>
<createdTime>2022-10-02 09:00:47 UTC</createdTime>
<ownerDesignName>DBhw2</ownerDesignName>
<engineerTo>
<item key="1D70CB78-46CB-D6F3-7797-FB636430C684" value="true"/>
</engineerTo>
<sourcePk>499B4851-56D4-F66D-0C22-51EDB2FA6C6B</sourcePk>
<identifying>true</identifying>
<optionalSource>true</optionalSource>
<optionalTarget>false</optionalTarget>
<sourceCardinality>1</sourceCardinality>
<sourceEntity>99BB7528-E110-603D-A10B-7ED7A7EEA24D</sourceEntity>
<targetCardinalityString>1</targetCardinalityString>
<targetEntity>162F48DF-3354-744D-F854-5D8FF909D98E</targetEntity>
<transferable>true</transferable>
<deleteRule>NO ACTION</deleteRule>
</Relation>