<?xml version = '1.0' encoding = 'UTF-8'?>
<Relation class="oracle.dbtools.crest.model.design.logical.Relation" name="user_buy" directorySegmentName="seg_0" id="AF551EB2-BF1E-B990-9E5C-D36F4A54D1AC">
<createdBy>10151</createdBy>
<createdTime>2022-09-30 17:33:25 UTC</createdTime>
<ownerDesignName>DBhw2</ownerDesignName>
<engineerTo>
<item key="1D70CB78-46CB-D6F3-7797-FB636430C684" value="true"/>
</engineerTo>
<sourcePk>5158501E-D5D0-8ACF-B01C-9268E39E2306</sourcePk>
<identifying>false</identifying>
<optionalSource>false</optionalSource>
<optionalTarget>true</optionalTarget>
<sourceCardinality>1</sourceCardinality>
<sourceEntity>64DDCD74-5AAB-64BB-2B6F-34A1C0F79052</sourceEntity>
<targetCardinalityString>*</targetCardinalityString>
<targetEntity>D6F9C145-210A-4DD7-5B5B-29004962E6B9</targetEntity>
<transferable>true</transferable>
<deleteRule>NO ACTION</deleteRule>
</Relation>