<?xml version = '1.0' encoding = 'UTF-8'?>
<Relation class="oracle.dbtools.crest.model.design.logical.Relation" name="goods_Order" directorySegmentName="seg_0" id="C0057F27-334A-B097-2798-7207D399D61D">
<createdBy>10151</createdBy>
<createdTime>2022-10-01 20:17:00 UTC</createdTime>
<ownerDesignName>DBhw2</ownerDesignName>
<engineerTo>
<item key="1D70CB78-46CB-D6F3-7797-FB636430C684" value="true"/>
</engineerTo>
<sourcePk>0EE3469E-9CB9-65B1-1765-DB883EBE040A</sourcePk>
<targetPk>19D8B7D2-2135-90B2-A2FA-A5337005B758</targetPk>
<identifying>false</identifying>
<optionalSource>false</optionalSource>
<optionalTarget>false</optionalTarget>
<sourceCardinality>*</sourceCardinality>
<sourceEntity>D6F9C145-210A-4DD7-5B5B-29004962E6B9</sourceEntity>
<targetCardinalityString>*</targetCardinalityString>
<targetEntity>015E29F1-74E5-A2DE-2D75-4CE352F3590A</targetEntity>
<transferable>true</transferable>
<deleteRule>NO ACTION</deleteRule>
</Relation>