<?xml version = '1.0' encoding = 'UTF-8'?>
<Relation class="oracle.dbtools.crest.model.design.logical.Relation" name="e_answer" directorySegmentName="seg_0" id="F07D7409-7A4F-C579-AF20-14101374E128">
<createdBy>10151</createdBy>
<createdTime>2022-10-02 09:01:26 UTC</createdTime>
<ownerDesignName>DBhw2</ownerDesignName>
<engineerTo>
<item key="1D70CB78-46CB-D6F3-7797-FB636430C684" value="true"/>
</engineerTo>
<sourcePk>FA51EC2F-7030-E458-0CF8-8BE2801004EC</sourcePk>
<identifying>true</identifying>
<optionalSource>false</optionalSource>
<optionalTarget>false</optionalTarget>
<sourceCardinality>1</sourceCardinality>
<sourceEntity>B5D7C31A-E0D0-F015-7B29-B1D2F3E3F6FE</sourceEntity>
<targetCardinalityString>*</targetCardinalityString>
<targetEntity>162F48DF-3354-744D-F854-5D8FF909D98E</targetEntity>
<transferable>true</transferable>
<deleteRule>NO ACTION</deleteRule>
</Relation>