<?xml version = '1.0' encoding = 'UTF-8'?>
<Table class="oracle.dbtools.crest.model.design.relational.Table" directorySegmentName="seg_0" id="7FDD8C4D-524B-813B-3135-9EA339A7ECF1" name="Address">
<createdBy>10151</createdBy>
<createdTime>2022-09-18 08:48:53 UTC</createdTime>
<generatorID>4702AF62-2315-1C5F-C758-CDA7E02019BC</generatorID>
<ownerDesignName>DBhw1</ownerDesignName>
<allowColumnReorder>false</allowColumnReorder>
<existDependencyGenerateInDDl>true</existDependencyGenerateInDDl>
<parsed>true</parsed>
<columns itemClass="oracle.dbtools.crest.model.design.relational.Column">
<Column name="address" id="BD960E67-5E05-E1EE-78E3-E678DEA379A5">
<createdBy>10151</createdBy>
<createdTime>2022-09-18 08:48:53 UTC</createdTime>
<generatorID>11DDEDC4-341A-B161-52A9-BE61ABFB3563</generatorID>
<ownerDesignName>DBhw1</ownerDesignName>
<use>0</use>
<ownDataTypeParameters>,,</ownDataTypeParameters>
<autoIncrementCycle>false</autoIncrementCycle>
</Column>
<Column name="sName" id="4AADE3DC-1B7C-07D2-F1E6-1EE87D6627B8">
<createdBy>10151</createdBy>
<createdTime>2022-09-18 08:48:53 UTC</createdTime>
<generatorID>8CB47262-243F-3B14-B7BF-380CA800EDF6</generatorID>
<ownerDesignName>DBhw1</ownerDesignName>
<nullsAllowed>true</nullsAllowed>
<use>0</use>
<logicalDatatype>LOGDT024</logicalDatatype>
<domain>25866B11-AD40-7E90-7574-D03219C65A85</domain>
<ownDataTypeParameters>,,</ownDataTypeParameters>
<previousColumn>false</previousColumn>
<autoIncrementCycle>false</autoIncrementCycle>
<associations>
<colAssociation fkAssociation="7A2D351C-49DA-DBD7-D428-E9B174C7CC29" referredColumn="9CC32139-F197-8CEF-32BF-1083D5750ED3"/>
</associations>
</Column>
</columns>
<indexes itemClass="oracle.dbtools.crest.model.design.relational.Index">
<ind_PK_UK id="A2A8BC9F-8456-8734-C828-35580B75F692" name="Address_PK">
<createdBy>10151</createdBy>
<createdTime>2022-09-18 08:48:53 UTC</createdTime>
<generatorID>6EE18936-2E6C-F3E3-475E-769D453B568D</generatorID>
<ownerDesignName>DBhw1</ownerDesignName>
<pk>true</pk>
<indexState>Primary Constraint</indexState>
<isSurrogateKey>false</isSurrogateKey>
<indexColumnUsage>
<colUsage columnID="BD960E67-5E05-E1EE-78E3-E678DEA379A5"/>
</indexColumnUsage>
</ind_PK_UK>
<ind_PK_UK id="7380F827-CA83-B786-4D00-C15793EF81DE" name="Address_Studio_FK">
<createdBy>10151</createdBy>
<createdTime>2022-09-18 08:48:53 UTC</createdTime>
<generatorID>CAC164F1-DC2E-AFBF-A503-54229CF9EF41</generatorID>
<ownerDesignName>DBhw1</ownerDesignName>
<indexState>Foreign Key</indexState>
<isSurrogateKey>false</isSurrogateKey>
<indexColumnUsage>
<colUsage columnID="4AADE3DC-1B7C-07D2-F1E6-1EE87D6627B8"/>
</indexColumnUsage>
</ind_PK_UK>
</indexes>
</Table>