<?xml version = '1.0' encoding = 'UTF-8'?>
<Table class="oracle.dbtools.crest.model.design.relational.Table" directorySegmentName="seg_0" id="846E7653-76C5-398B-E5B4-05296B7A4374" name="PhoneNo_MVST">
<createdBy>10151</createdBy>
<createdTime>2022-09-18 08:48:53 UTC</createdTime>
<generatorID>6D90C3C8-B77E-8A52-AEE7-4DCA783CBC32</generatorID>
<ownerDesignName>DBhw1</ownerDesignName>
<allowColumnReorder>false</allowColumnReorder>
<existDependencyGenerateInDDl>true</existDependencyGenerateInDDl>
<parsed>true</parsed>
<columns itemClass="oracle.dbtools.crest.model.design.relational.Column">
<Column name="number" id="8E5D70F0-FABB-608D-0CA1-870CDF664B50">
<createdBy>10151</createdBy>
<createdTime>2022-09-18 08:48:53 UTC</createdTime>
<generatorID>4FF06B34-4FD7-7996-2BF5-EF3CC4A90119</generatorID>
<ownerDesignName>DBhw1</ownerDesignName>
<useDomainConstraints>false</useDomainConstraints>
<use>1</use>
<logicalDatatype>LOGDT025</logicalDatatype>
<dataTypeSize>13</dataTypeSize>
<ownDataTypeParameters>13,,</ownDataTypeParameters>
<autoIncrementCycle>false</autoIncrementCycle>
</Column>
<Column name="plan" id="DB3D888A-4864-7871-DCED-3D6A8435AB94">
<createdBy>10151</createdBy>
<createdTime>2022-09-18 08:48:53 UTC</createdTime>
<generatorID>7C9A2DD2-6A60-EA43-94DC-A14051D668B4</generatorID>
<ownerDesignName>DBhw1</ownerDesignName>
<use>0</use>
<logicalDatatype>LOGDT025</logicalDatatype>
<domain>AF446657-568B-C11A-311A-8F9F7E98AD0F</domain>
<ownDataTypeParameters>,,</ownDataTypeParameters>
<autoIncrementCycle>false</autoIncrementCycle>
</Column>
<Column name="provider" id="8B929E9D-15D6-3C9D-AE16-2A8E2C8482BC">
<createdBy>10151</createdBy>
<createdTime>2022-09-18 08:48:53 UTC</createdTime>
<generatorID>21671F66-F87C-1215-5B91-83B59FF3F631</generatorID>
<ownerDesignName>DBhw1</ownerDesignName>
<use>0</use>
<logicalDatatype>LOGDT025</logicalDatatype>
<domain>C7EF61CA-A1F1-22C4-8537-E6AAAFEC85ED</domain>
<ownDataTypeParameters>,,</ownDataTypeParameters>
<autoIncrementCycle>false</autoIncrementCycle>
</Column>
<Column name="msName" id="50631777-90B3-0862-7A1B-BFA01632FC71">
<createdBy>10151</createdBy>
<createdTime>2022-09-18 08:48:53 UTC</createdTime>
<generatorID>4FFBB5BB-2C36-1F9C-E9E6-753C30B2C3CE</generatorID>
<ownerDesignName>DBhw1</ownerDesignName>
<nullsAllowed>true</nullsAllowed>
<use>0</use>
<logicalDatatype>LOGDT024</logicalDatatype>
<domain>25866B11-AD40-7E90-7574-D03219C65A85</domain>
<ownDataTypeParameters>,,</ownDataTypeParameters>
<previousColumn>false</previousColumn>
<autoIncrementCycle>false</autoIncrementCycle>
<associations>
<colAssociation fkAssociation="801C419C-1967-1C46-B9C5-0D2132067BA5" referredColumn="E9A48DC3-FAB4-86FD-BECD-1294FC240A71"/>
</associations>
</Column>
</columns>
<indexes itemClass="oracle.dbtools.crest.model.design.relational.Index">
<ind_PK_UK id="76E5483D-DDD6-BB0E-F389-0919324DA025" name="PhoneNo_MVST_PK">
<createdBy>10151</createdBy>
<createdTime>2022-09-18 08:48:53 UTC</createdTime>
<generatorID>FE2BCB73-49C4-96B7-E4A5-5C0966AE10F4</generatorID>
<ownerDesignName>DBhw1</ownerDesignName>
<pk>true</pk>
<indexState>Primary Constraint</indexState>
<isSurrogateKey>false</isSurrogateKey>
<indexColumnUsage>
<colUsage columnID="8E5D70F0-FABB-608D-0CA1-870CDF664B50"/>
</indexColumnUsage>
</ind_PK_UK>
<ind_PK_UK id="503C53E3-99E3-AE67-D357-DF11B5CE7A3C" name="PhoneNo_MVST_MovieStar_FK">
<createdBy>10151</createdBy>
<createdTime>2022-09-18 08:48:53 UTC</createdTime>
<generatorID>90F2D661-D20A-735C-F3AE-BFC84AB7D6D5</generatorID>
<ownerDesignName>DBhw1</ownerDesignName>
<indexState>Foreign Key</indexState>
<isSurrogateKey>false</isSurrogateKey>
<indexColumnUsage>
<colUsage columnID="50631777-90B3-0862-7A1B-BFA01632FC71"/>
</indexColumnUsage>
</ind_PK_UK>
</indexes>
</Table>