<?xml version = '1.0' encoding = 'UTF-8'?>
<Table class="oracle.dbtools.crest.model.design.relational.Table" directorySegmentName="seg_0" id="88D5FAA9-9374-98FB-6BBF-A7C6FE6CB075" name="Studio">
<createdBy>10151</createdBy>
<createdTime>2022-09-18 06:01:05 UTC</createdTime>
<generatorID>2B6C8937-53BB-FC7F-17DF-AEBDCBD1380C</generatorID>
<ownerDesignName>DBhw1</ownerDesignName>
<allowColumnReorder>false</allowColumnReorder>
<existDependencyGenerateInDDl>true</existDependencyGenerateInDDl>
<parsed>true</parsed>
<columns itemClass="oracle.dbtools.crest.model.design.relational.Column">
<Column name="name" id="9CC32139-F197-8CEF-32BF-1083D5750ED3">
<createdBy>10151</createdBy>
<createdTime>2022-09-18 06:01:05 UTC</createdTime>
<generatorID>230C2CDC-BF78-CC5D-9A1E-04869741913B</generatorID>
<ownerDesignName>DBhw1</ownerDesignName>
<use>0</use>
<logicalDatatype>LOGDT024</logicalDatatype>
<domain>25866B11-AD40-7E90-7574-D03219C65A85</domain>
<ownDataTypeParameters>,,</ownDataTypeParameters>
<autoIncrementCycle>false</autoIncrementCycle>
</Column>
<Column name="address" id="F0C10DBD-BA53-C4D1-A4DD-971F0645D547">
<createdBy>10151</createdBy>
<createdTime>2022-09-18 06:01:05 UTC</createdTime>
<generatorID>A8243AD4-65E3-8CBE-2AC5-D39B762D1B40</generatorID>
<ownerDesignName>DBhw1</ownerDesignName>
<nullsAllowed>true</nullsAllowed>
<use>0</use>
<logicalDatatype>LOGDT024</logicalDatatype>
<domain>0748DC71-A91A-118F-8EDD-ADE2BF86F58B</domain>
<ownDataTypeParameters>,,</ownDataTypeParameters>
<autoIncrementCycle>false</autoIncrementCycle>
</Column>
<Column name="presNo" id="4FA2C94D-77EA-00FB-683F-82C44E3D4B88">
<createdBy>10151</createdBy>
<createdTime>2022-09-18 06:01:05 UTC</createdTime>
<generatorID>5B298BC3-E06B-2F69-5FF4-D416FA0ECC0A</generatorID>
<ownerDesignName>DBhw1</ownerDesignName>
<nullsAllowed>true</nullsAllowed>
<use>0</use>
<logicalDatatype>LOGDT019</logicalDatatype>
<domain>893B5C95-9783-49F1-AA14-BBE754889717</domain>
<ownDataTypeParameters>,,</ownDataTypeParameters>
<autoIncrementCycle>false</autoIncrementCycle>
</Column>
<Column name="presNo2" id="735C7F68-7393-E232-DD44-4EC7EA6F001B">
<createdBy>10151</createdBy>
<createdTime>2022-09-18 06:15:56 UTC</createdTime>
<generatorID>91F5616C-43B1-194B-D6FE-C9C55AB8E144</generatorID>
<ownerDesignName>DBhw1</ownerDesignName>
<use>0</use>
<logicalDatatype>LOGDT019</logicalDatatype>
<domain>893B5C95-9783-49F1-AA14-BBE754889717</domain>
<ownDataTypeParameters>,,</ownDataTypeParameters>
<previousColumn>false</previousColumn>
<autoIncrementCycle>false</autoIncrementCycle>
<associations>
<colAssociation fkAssociation="E254BABF-B9B1-A7C3-527F-3D0C98952CF0" referredColumn="320D3F79-8B8A-FF7E-9F13-8F60560F8540"/>
</associations>
</Column>
<Column name="certNo" id="F39EE545-289A-78A9-DCEA-54D459AA9DEB">
<createdBy>10151</createdBy>
<createdTime>2022-09-18 08:48:53 UTC</createdTime>
<generatorID>34C37F6F-94A8-D629-9208-AE2131444261</generatorID>
<ownerDesignName>DBhw1</ownerDesignName>
<use>0</use>
<logicalDatatype>LOGDT019</logicalDatatype>
<domain>893B5C95-9783-49F1-AA14-BBE754889717</domain>
<ownDataTypeParameters>,,</ownDataTypeParameters>
<previousColumn>false</previousColumn>
<autoIncrementCycle>false</autoIncrementCycle>
</Column>
<Column name="empCount" id="C1362246-FDF2-166D-5BC5-25D213B2F0F5">
<createdBy>10151</createdBy>
<createdTime>2022-09-18 08:48:53 UTC</createdTime>
<generatorID>3DC6D0FC-F1C1-77D5-6B47-CEB9384F22C2</generatorID>
<ownerDesignName>DBhw1</ownerDesignName>
<nullsAllowed>true</nullsAllowed>
<use>0</use>
<logicalDatatype>LOGDT019</logicalDatatype>
<domain>736D053F-A049-05B0-66A9-D7437CA44F8F</domain>
<ownDataTypeParameters>,,</ownDataTypeParameters>
<autoIncrementCycle>false</autoIncrementCycle>
<listOfRanges>
<rangeDef class="oracle.dbtools.crest.model.design.constraint.AVT">
<beginValue>10</beginValue>
<endValue>100</endValue>
</rangeDef>
</listOfRanges>
</Column>
</columns>
<indexes itemClass="oracle.dbtools.crest.model.design.relational.Index">
<ind_PK_UK id="CE67A736-9455-E3FE-9F8B-CE38890C784E" name="Studio_PK">
<createdBy>10151</createdBy>
<createdTime>2022-09-18 06:01:05 UTC</createdTime>
<generatorID>0CE33443-A7CD-1189-2602-DB2C7EBBB33E</generatorID>
<ownerDesignName>DBhw1</ownerDesignName>
<pk>true</pk>
<indexState>Primary Constraint</indexState>
<isSurrogateKey>false</isSurrogateKey>
<indexColumnUsage>
<colUsage columnID="9CC32139-F197-8CEF-32BF-1083D5750ED3"/>
</indexColumnUsage>
</ind_PK_UK>
<ind_PK_UK id="B78D7ED1-9FB1-AE91-A338-9CBD5E671FA8" name="Studio__IDX">
<createdBy>10151</createdBy>
<createdTime>2022-09-18 06:15:56 UTC</createdTime>
<ownerDesignName>DBhw1</ownerDesignName>
<indexState>Unique Plain Index</indexState>
<isSurrogateKey>false</isSurrogateKey>
<relationGeneratorID>9DA471D2-83A2-8E5B-4719-5E5AD0E1B4F0</relationGeneratorID>
<indexColumnUsage>
<colUsage columnID="735C7F68-7393-E232-DD44-4EC7EA6F001B"/>
</indexColumnUsage>
</ind_PK_UK>
<ind_PK_UK id="22BB2227-3422-0EDA-1990-C9937E603F3D" name="Studio_MovieExec_FK">
<createdBy>10151</createdBy>
<createdTime>2022-09-18 06:15:56 UTC</createdTime>
<generatorID>9DA471D2-83A2-8E5B-4719-5E5AD0E1B4F0</generatorID>
<ownerDesignName>DBhw1</ownerDesignName>
<indexState>Foreign Key</indexState>
<isSurrogateKey>false</isSurrogateKey>
<indexColumnUsage>
<colUsage columnID="735C7F68-7393-E232-DD44-4EC7EA6F001B"/>
</indexColumnUsage>
</ind_PK_UK>
</indexes>
</Table>