<?xml version = '1.0' encoding = 'UTF-8'?>
<Table class="oracle.dbtools.crest.model.design.relational.Table" directorySegmentName="seg_0" id="8E86509F-0B96-31B8-03F5-FDC2005B73DF" name="MovieExec">
<createdBy>10151</createdBy>
<createdTime>2022-09-18 06:01:05 UTC</createdTime>
<generatorID>28F076FF-B415-FE77-D1D5-5B9E1785409A</generatorID>
<ownerDesignName>DBhw1</ownerDesignName>
<allowColumnReorder>false</allowColumnReorder>
<existDependencyGenerateInDDl>true</existDependencyGenerateInDDl>
<parsed>true</parsed>
<columns itemClass="oracle.dbtools.crest.model.design.relational.Column">
<Column name="name" id="2E7B693F-22A7-53C0-AE5B-5A2EAC0271EA">
<createdBy>10151</createdBy>
<createdTime>2022-09-18 06:01:05 UTC</createdTime>
<generatorID>98D5D395-67BC-11FA-BD07-26C6F02082F0</generatorID>
<ownerDesignName>DBhw1</ownerDesignName>
<use>0</use>
<logicalDatatype>LOGDT024</logicalDatatype>
<domain>25866B11-AD40-7E90-7574-D03219C65A85</domain>
<ownDataTypeParameters>,,</ownDataTypeParameters>
<autoIncrementCycle>false</autoIncrementCycle>
</Column>
<Column name="address" id="290F1300-98A9-F7A6-8CC8-BA01B648373C">
<createdBy>10151</createdBy>
<createdTime>2022-09-18 06:01:05 UTC</createdTime>
<generatorID>FBB136E6-4AA4-8BA6-22A5-3AA3E23FCEA8</generatorID>
<ownerDesignName>DBhw1</ownerDesignName>
<nullsAllowed>true</nullsAllowed>
<use>0</use>
<logicalDatatype>LOGDT024</logicalDatatype>
<domain>0748DC71-A91A-118F-8EDD-ADE2BF86F58B</domain>
<ownDataTypeParameters>,,</ownDataTypeParameters>
<autoIncrementCycle>false</autoIncrementCycle>
</Column>
<Column name="certNo" id="320D3F79-8B8A-FF7E-9F13-8F60560F8540">
<createdBy>10151</createdBy>
<createdTime>2022-09-18 06:01:05 UTC</createdTime>
<generatorID>27DCA753-51B4-44A3-90E1-6C67F059AE26</generatorID>
<ownerDesignName>DBhw1</ownerDesignName>
<use>0</use>
<logicalDatatype>LOGDT019</logicalDatatype>
<domain>893B5C95-9783-49F1-AA14-BBE754889717</domain>
<ownDataTypeParameters>,,</ownDataTypeParameters>
<autoIncrementCycle>false</autoIncrementCycle>
</Column>
<Column name="netWorth" id="52E4A460-62E6-6A04-0C12-7E51ADB59F59">
<createdBy>10151</createdBy>
<createdTime>2022-09-18 06:01:05 UTC</createdTime>
<generatorID>C92AA587-79DB-6773-8040-9F3F010C5EB5</generatorID>
<ownerDesignName>DBhw1</ownerDesignName>
<nullsAllowed>true</nullsAllowed>
<use>0</use>
<logicalDatatype>LOGDT019</logicalDatatype>
<domain>D470A6F0-72DF-756B-87F8-1C76DBB661E2</domain>
<ownDataTypeParameters>,,</ownDataTypeParameters>
<autoIncrementCycle>false</autoIncrementCycle>
</Column>
<Column name="spouseName" id="C3985D39-ED40-522C-C0E4-E750EB9F1FB8">
<createdBy>10151</createdBy>
<createdTime>2022-09-18 08:48:53 UTC</createdTime>
<generatorID>C217D152-0245-622F-7814-2F7C72FC2C6A</generatorID>
<ownerDesignName>DBhw1</ownerDesignName>
<nullsAllowed>true</nullsAllowed>
<use>0</use>
<logicalDatatype>LOGDT024</logicalDatatype>
<domain>25866B11-AD40-7E90-7574-D03219C65A85</domain>
<ownDataTypeParameters>,,</ownDataTypeParameters>
<previousColumn>false</previousColumn>
<autoIncrementCycle>false</autoIncrementCycle>
</Column>
</columns>
<indexes itemClass="oracle.dbtools.crest.model.design.relational.Index">
<ind_PK_UK id="0F2D64DB-B9BE-DB2F-3816-D4ACF7048129" name="MovieExec_PK">
<createdBy>10151</createdBy>
<createdTime>2022-09-18 06:01:05 UTC</createdTime>
<generatorID>9153B3FF-C1A8-C083-CF39-8C95357A5E10</generatorID>
<ownerDesignName>DBhw1</ownerDesignName>
<pk>true</pk>
<indexState>Primary Constraint</indexState>
<isSurrogateKey>false</isSurrogateKey>
<indexColumnUsage>
<colUsage columnID="320D3F79-8B8A-FF7E-9F13-8F60560F8540"/>
</indexColumnUsage>
</ind_PK_UK>
<ind_PK_UK id="29B813E1-9402-EF2E-4EE6-35487E2F8962" name="MovieExec_name_UN">
<createdBy>10151</createdBy>
<createdTime>2022-09-18 08:48:53 UTC</createdTime>
<generatorID>C66FCA45-CE20-198D-F73B-8166D9C8974B</generatorID>
<ownerDesignName>DBhw1</ownerDesignName>
<indexState>Unique Constraint</indexState>
<isSurrogateKey>false</isSurrogateKey>
<indexColumnUsage>
<colUsage columnID="2E7B693F-22A7-53C0-AE5B-5A2EAC0271EA"/>
</indexColumnUsage>
</ind_PK_UK>
<ind_PK_UK id="BB61F1F3-1722-72EB-D9E5-5B58FC3FB4FC" name="MovieExec__IDX">
<createdBy>10151</createdBy>
<createdTime>2022-09-18 08:48:53 UTC</createdTime>
<ownerDesignName>DBhw1</ownerDesignName>
<indexState>Unique Plain Index</indexState>
<isSurrogateKey>false</isSurrogateKey>
<relationGeneratorID>549153CB-753E-BCCC-5A15-1F484950B01E</relationGeneratorID>
<indexColumnUsage>
<colUsage columnID="C3985D39-ED40-522C-C0E4-E750EB9F1FB8"/>
</indexColumnUsage>
</ind_PK_UK>
</indexes>
</Table>