<?xml version = '1.0' encoding = 'UTF-8'?>
<Table class="oracle.dbtools.crest.model.design.relational.Table" directorySegmentName="seg_0" id="8EE682F7-C381-3BAF-22E1-01684B457973" name="PhoneNo_STME">
<createdBy>10151</createdBy>
<createdTime>2022-09-18 08:48:53 UTC</createdTime>
<generatorID>05CCED74-1FE0-300C-945B-18EA4CED7D60</generatorID>
<ownerDesignName>DBhw1</ownerDesignName>
<allowColumnReorder>false</allowColumnReorder>
<existDependencyGenerateInDDl>true</existDependencyGenerateInDDl>
<parsed>true</parsed>
<columns itemClass="oracle.dbtools.crest.model.design.relational.Column">
<Column name="number" id="0BF33BAC-CFA0-4D5A-04CB-DAAE2BC20EA9">
<createdBy>10151</createdBy>
<createdTime>2022-09-18 08:48:53 UTC</createdTime>
<generatorID>0E245425-F950-4E27-F2FC-4F85FBA6973E</generatorID>
<ownerDesignName>DBhw1</ownerDesignName>
<useDomainConstraints>false</useDomainConstraints>
<use>1</use>
<logicalDatatype>LOGDT025</logicalDatatype>
<dataTypeSize>13</dataTypeSize>
<ownDataTypeParameters>13,,</ownDataTypeParameters>
<autoIncrementCycle>false</autoIncrementCycle>
</Column>
<Column name="provider" id="3CE583F7-CBB0-3827-8CA6-6C393EF4707E">
<createdBy>10151</createdBy>
<createdTime>2022-09-18 08:48:53 UTC</createdTime>
<generatorID>4CCD90E0-F471-39F4-C52B-00943FA8330F</generatorID>
<ownerDesignName>DBhw1</ownerDesignName>
<use>0</use>
<logicalDatatype>LOGDT025</logicalDatatype>
<dataTypeSize>13</dataTypeSize>
<domain>C7EF61CA-A1F1-22C4-8537-E6AAAFEC85ED</domain>
<ownDataTypeParameters>13,,</ownDataTypeParameters>
<autoIncrementCycle>false</autoIncrementCycle>
</Column>
<Column name="plan" id="A9EF7567-D53E-6917-DC3E-D774C45804E6">
<createdBy>10151</createdBy>
<createdTime>2022-09-18 08:48:53 UTC</createdTime>
<generatorID>91457B9E-5C0C-3A13-0065-9324945E4F6F</generatorID>
<ownerDesignName>DBhw1</ownerDesignName>
<use>0</use>
<logicalDatatype>LOGDT025</logicalDatatype>
<domain>AF446657-568B-C11A-311A-8F9F7E98AD0F</domain>
<ownDataTypeParameters>,,</ownDataTypeParameters>
<autoIncrementCycle>false</autoIncrementCycle>
</Column>
<Column name="sName" id="9C8FB4C8-8B1E-1FD3-D6F7-7ED82FB6AFE5">
<createdBy>10151</createdBy>
<createdTime>2022-09-18 08:48:53 UTC</createdTime>
<generatorID>66A3C0D4-F56F-7A24-9224-6271946AEF62</generatorID>
<ownerDesignName>DBhw1</ownerDesignName>
<nullsAllowed>true</nullsAllowed>
<use>0</use>
<logicalDatatype>LOGDT024</logicalDatatype>
<domain>25866B11-AD40-7E90-7574-D03219C65A85</domain>
<ownDataTypeParameters>,,</ownDataTypeParameters>
<previousColumn>false</previousColumn>
<autoIncrementCycle>false</autoIncrementCycle>
<associations>
<colAssociation fkAssociation="C3F29E94-75E7-CE91-345B-DE1B6B524C5A" referredColumn="9CC32139-F197-8CEF-32BF-1083D5750ED3"/>
</associations>
</Column>
<Column name="exName" id="9BE98DA8-A5C3-8DE6-3BAE-A430ED2954B6">
<createdBy>10151</createdBy>
<createdTime>2022-09-18 08:48:53 UTC</createdTime>
<generatorID>3BBB695E-A558-A009-5A22-C5AE15D4A22E</generatorID>
<ownerDesignName>DBhw1</ownerDesignName>
<nullsAllowed>true</nullsAllowed>
<use>0</use>
<logicalDatatype>LOGDT024</logicalDatatype>
<domain>25866B11-AD40-7E90-7574-D03219C65A85</domain>
<ownDataTypeParameters>,,</ownDataTypeParameters>
<previousColumn>false</previousColumn>
<autoIncrementCycle>false</autoIncrementCycle>
<associations>
<colAssociation fkAssociation="6C626145-4FF5-F4C9-EC78-62A0DC97E2EC" referredColumn="2E7B693F-22A7-53C0-AE5B-5A2EAC0271EA"/>
</associations>
</Column>
</columns>
<indexes itemClass="oracle.dbtools.crest.model.design.relational.Index">
<ind_PK_UK id="04F7DA13-8F30-1D4C-6D07-F21ABF9B8E42" name="PhoneNo_STME_PK">
<createdBy>10151</createdBy>
<createdTime>2022-09-18 08:48:53 UTC</createdTime>
<generatorID>564333E4-734C-3C5A-7CB8-0D03C90DBB9D</generatorID>
<ownerDesignName>DBhw1</ownerDesignName>
<pk>true</pk>
<indexState>Primary Constraint</indexState>
<isSurrogateKey>false</isSurrogateKey>
<indexColumnUsage>
<colUsage columnID="0BF33BAC-CFA0-4D5A-04CB-DAAE2BC20EA9"/>
</indexColumnUsage>
</ind_PK_UK>
<ind_PK_UK id="C9F6A177-1E38-3E12-3539-184EEE448FA1" name="PhoneNo_STME_MovieExec_FK">
<createdBy>10151</createdBy>
<createdTime>2022-09-18 08:48:53 UTC</createdTime>
<generatorID>82C15CC8-6002-82B5-8561-BE7A0EA6F846</generatorID>
<ownerDesignName>DBhw1</ownerDesignName>
<indexState>Foreign Key</indexState>
<isSurrogateKey>false</isSurrogateKey>
<indexColumnUsage>
<colUsage columnID="9BE98DA8-A5C3-8DE6-3BAE-A430ED2954B6"/>
</indexColumnUsage>
</ind_PK_UK>
<ind_PK_UK id="59424E89-F7AE-B748-13A0-9D15867989B1" name="PhoneNo_STME_Studio_FK">
<createdBy>10151</createdBy>
<createdTime>2022-09-18 08:48:53 UTC</createdTime>
<generatorID>2F2A6AB4-C078-CDFA-CFFA-008F2C2AC388</generatorID>
<ownerDesignName>DBhw1</ownerDesignName>
<indexState>Foreign Key</indexState>
<isSurrogateKey>false</isSurrogateKey>
<indexColumnUsage>
<colUsage columnID="9C8FB4C8-8B1E-1FD3-D6F7-7ED82FB6AFE5"/>
</indexColumnUsage>
</ind_PK_UK>
</indexes>
</Table>