<?xml version = '1.0' encoding = 'UTF-8'?>
<Table class="oracle.dbtools.crest.model.design.relational.Table" directorySegmentName="seg_0" id="9A878B79-8481-C2C3-4437-8D665AB53CF6" name="Movie">
<createdBy>10151</createdBy>
<createdTime>2022-09-18 06:01:05 UTC</createdTime>
<generatorID>06B04198-77D2-D5E2-F909-5F28F56B0BE3</generatorID>
<ownerDesignName>DBhw1</ownerDesignName>
<allowColumnReorder>false</allowColumnReorder>
<existDependencyGenerateInDDl>true</existDependencyGenerateInDDl>
<parsed>true</parsed>
<columns itemClass="oracle.dbtools.crest.model.design.relational.Column">
<Column name="title" id="9F381DC5-4EAC-0C69-4A33-C9979402F0BB">
<createdBy>10151</createdBy>
<createdTime>2022-09-18 06:01:05 UTC</createdTime>
<generatorID>B0BD69F4-C0AC-CFED-09AE-0AB4B69DCD50</generatorID>
<ownerDesignName>DBhw1</ownerDesignName>
<use>0</use>
<logicalDatatype>LOGDT024</logicalDatatype>
<domain>535E4BCD-72AD-15E4-3F1A-443FF5C53AC2</domain>
<ownDataTypeParameters>,,</ownDataTypeParameters>
<autoIncrementCycle>false</autoIncrementCycle>
</Column>
<Column name="year" id="F9996F0B-503B-0F25-9C58-1F938FC995B7">
<createdBy>10151</createdBy>
<createdTime>2022-09-18 06:01:05 UTC</createdTime>
<generatorID>11FC79DB-4DD1-4503-859D-A3F54D3044D3</generatorID>
<ownerDesignName>DBhw1</ownerDesignName>
<use>0</use>
<logicalDatatype>LOGDT019</logicalDatatype>
<domain>34611CD3-4223-A0BF-E89E-7A5A4C3D6FF5</domain>
<ownDataTypeParameters>,,</ownDataTypeParameters>
<autoIncrementCycle>false</autoIncrementCycle>
<listOfRanges>
<rangeDef class="oracle.dbtools.crest.model.design.constraint.AVT">
<beginValue>1900</beginValue>
<endValue>2022</endValue>
</rangeDef>
</listOfRanges>
</Column>
<Column name="length" id="D9B9208D-5725-8431-DA98-609ECE5E73FC">
<createdBy>10151</createdBy>
<createdTime>2022-09-18 06:01:05 UTC</createdTime>
<generatorID>F85C587A-54EA-6658-0B8F-C995ED75108D</generatorID>
<ownerDesignName>DBhw1</ownerDesignName>
<use>0</use>
<logicalDatatype>LOGDT019</logicalDatatype>
<domain>6FEA616A-9837-401D-6917-E2987FCEF23F</domain>
<ownDataTypeParameters>,,</ownDataTypeParameters>
<autoIncrementCycle>false</autoIncrementCycle>
<listOfRanges>
<rangeDef class="oracle.dbtools.crest.model.design.constraint.AVT">
<beginValue>50</beginValue>
<endValue>300</endValue>
</rangeDef>
</listOfRanges>
</Column>
<Column name="inColor" id="CFA9C3C2-07AC-EA4A-2D88-4B2E5F8CED4B">
<createdBy>10151</createdBy>
<createdTime>2022-09-18 06:01:05 UTC</createdTime>
<generatorID>AB9DBBF7-2937-5D03-A3EB-C36806DC1912</generatorID>
<ownerDesignName>DBhw1</ownerDesignName>
<nullsAllowed>true</nullsAllowed>
<use>0</use>
<logicalDatatype>LOGDT025</logicalDatatype>
<domain>194451C9-D9C6-A1FA-BEA3-204AA4C38B32</domain>
<ownDataTypeParameters>,,</ownDataTypeParameters>
<autoIncrementCycle>false</autoIncrementCycle>
</Column>
<Column name="no" id="B38A0B5F-E8D9-C04A-A6A1-01EDC7C5F9AF">
<createdBy>10151</createdBy>
<createdTime>2022-09-18 06:01:05 UTC</createdTime>
<generatorID>3A82D494-DD37-F60A-BB04-EF572147028B</generatorID>
<ownerDesignName>DBhw1</ownerDesignName>
<nullsAllowed>true</nullsAllowed>
<use>0</use>
<logicalDatatype>LOGDT019</logicalDatatype>
<domain>893B5C95-9783-49F1-AA14-BBE754889717</domain>
<ownDataTypeParameters>,,</ownDataTypeParameters>
<autoIncrementCycle>false</autoIncrementCycle>
</Column>
<Column name="producerNo" id="3AD67130-5FBF-663D-BE03-6053F1164DB5">
<createdBy>10151</createdBy>
<createdTime>2022-09-18 06:15:56 UTC</createdTime>
<generatorID>757632DC-7915-91A4-3C84-94F3FA48462F</generatorID>
<ownerDesignName>DBhw1</ownerDesignName>
<use>0</use>
<logicalDatatype>LOGDT019</logicalDatatype>
<domain>893B5C95-9783-49F1-AA14-BBE754889717</domain>
<ownDataTypeParameters>,,</ownDataTypeParameters>
<previousColumn>false</previousColumn>
<autoIncrementCycle>false</autoIncrementCycle>
<associations>
<colAssociation fkAssociation="147EB6A5-5F56-6F35-55EA-076DDE692922" referredColumn="320D3F79-8B8A-FF7E-9F13-8F60560F8540"/>
</associations>
</Column>
<Column name="studioName" id="32A5D65E-80DC-EC45-A9B7-6326D6C1FADB">
<createdBy>10151</createdBy>
<createdTime>2022-09-18 06:15:56 UTC</createdTime>
<generatorID>D416C98A-BBF9-655A-C1A7-E3E6D98892E7</generatorID>
<ownerDesignName>DBhw1</ownerDesignName>
<use>0</use>
<logicalDatatype>LOGDT024</logicalDatatype>
<domain>25866B11-AD40-7E90-7574-D03219C65A85</domain>
<ownDataTypeParameters>,,</ownDataTypeParameters>
<previousColumn>false</previousColumn>
<autoIncrementCycle>false</autoIncrementCycle>
<associations>
<colAssociation fkAssociation="1CE50CFA-33E6-109E-644D-C677950C8805" referredColumn="9CC32139-F197-8CEF-32BF-1083D5750ED3"/>
</associations>
</Column>
<Column name="directorNo" id="5E7CB2BB-A9EA-7F93-62BA-A7D34FF55BA2">
<createdBy>10151</createdBy>
<createdTime>2022-09-18 08:48:53 UTC</createdTime>
<generatorID>92021C2B-E81D-7A29-5F43-747FAE49914F</generatorID>
<ownerDesignName>DBhw1</ownerDesignName>
<use>0</use>
<logicalDatatype>LOGDT019</logicalDatatype>
<domain>893B5C95-9783-49F1-AA14-BBE754889717</domain>
<ownDataTypeParameters>,,</ownDataTypeParameters>
<previousColumn>false</previousColumn>
<autoIncrementCycle>false</autoIncrementCycle>
<associations>
<colAssociation fkAssociation="70A0B32F-5E10-472F-3917-C9723BD4E4AE" referredColumn="320D3F79-8B8A-FF7E-9F13-8F60560F8540"/>
</associations>
</Column>
<Column name="soundName" id="23AE551C-54BF-5F3D-1732-3D7CEA8D4FA6">
<createdBy>10151</createdBy>
<createdTime>2022-09-18 08:48:53 UTC</createdTime>
<generatorID>C8E32D66-D103-2B4B-97E4-DBECF90ACDC8</generatorID>
<ownerDesignName>DBhw1</ownerDesignName>
<use>0</use>
<logicalDatatype>LOGDT024</logicalDatatype>
<domain>25866B11-AD40-7E90-7574-D03219C65A85</domain>
<ownDataTypeParameters>,,</ownDataTypeParameters>
<previousColumn>false</previousColumn>
<autoIncrementCycle>false</autoIncrementCycle>
<associations>
<colAssociation fkAssociation="78988833-92FB-4D48-6126-BF815846CA33" referredColumn="9CC32139-F197-8CEF-32BF-1083D5750ED3"/>
</associations>
</Column>
</columns>
<indexes itemClass="oracle.dbtools.crest.model.design.relational.Index">
<ind_PK_UK id="2DCFEB80-AC3F-3D43-F57D-9B67B4BC3807" name="Movie_PK">
<createdBy>10151</createdBy>
<createdTime>2022-09-18 06:01:05 UTC</createdTime>
<generatorID>0DFDB14A-6D42-F264-67E4-215EE152CCDC</generatorID>
<ownerDesignName>DBhw1</ownerDesignName>
<pk>true</pk>
<indexState>Primary Constraint</indexState>
<isSurrogateKey>false</isSurrogateKey>
<indexColumnUsage>
<colUsage columnID="F9996F0B-503B-0F25-9C58-1F938FC995B7"/>
<colUsage columnID="9F381DC5-4EAC-0C69-4A33-C9979402F0BB"/>
</indexColumnUsage>
</ind_PK_UK>
<ind_PK_UK id="4CCA990B-B653-3B1C-FCD4-710F8146E91A" name="Movie_Studio_FK">
<createdBy>10151</createdBy>
<createdTime>2022-09-18 06:15:56 UTC</createdTime>
<generatorID>7B0AA09B-2AC9-ECB1-BD81-009BC41B9958</generatorID>
<ownerDesignName>DBhw1</ownerDesignName>
<indexState>Foreign Key</indexState>
<isSurrogateKey>false</isSurrogateKey>
<indexColumnUsage>
<colUsage columnID="32A5D65E-80DC-EC45-A9B7-6326D6C1FADB"/>
</indexColumnUsage>
</ind_PK_UK>
<ind_PK_UK id="086A4397-62F3-B562-B185-31C127ADB492" name="Movie_MovieExec_FK">
<createdBy>10151</createdBy>
<createdTime>2022-09-18 06:15:56 UTC</createdTime>
<generatorID>0E076128-F2E4-4172-600C-8171A1114380</generatorID>
<ownerDesignName>DBhw1</ownerDesignName>
<indexState>Foreign Key</indexState>
<isSurrogateKey>false</isSurrogateKey>
<indexColumnUsage>
<colUsage columnID="3AD67130-5FBF-663D-BE03-6053F1164DB5"/>
</indexColumnUsage>
</ind_PK_UK>
<ind_PK_UK id="14CB615C-FDC3-3F86-18A5-226A458D4EC4" name="Movie_MovieExec_FKv1">
<createdBy>10151</createdBy>
<createdTime>2022-09-18 08:48:53 UTC</createdTime>
<generatorID>9FC5D4DB-3053-4320-25E1-8360D6CD8FEB</generatorID>
<ownerDesignName>DBhw1</ownerDesignName>
<indexState>Foreign Key</indexState>
<isSurrogateKey>false</isSurrogateKey>
<indexColumnUsage>
<colUsage columnID="5E7CB2BB-A9EA-7F93-62BA-A7D34FF55BA2"/>
</indexColumnUsage>
</ind_PK_UK>
<ind_PK_UK id="BD4750DF-FD0B-9E16-8562-9C2AA5DC30BF" name="Movie_Studio_FKv1">
<createdBy>10151</createdBy>
<createdTime>2022-09-18 08:48:53 UTC</createdTime>
<generatorID>E13416CC-F5F0-62B6-C8D2-447B63216EB0</generatorID>
<ownerDesignName>DBhw1</ownerDesignName>
<indexState>Foreign Key</indexState>
<isSurrogateKey>false</isSurrogateKey>
<indexColumnUsage>
<colUsage columnID="23AE551C-54BF-5F3D-1732-3D7CEA8D4FA6"/>
</indexColumnUsage>
</ind_PK_UK>
</indexes>
</Table>