<?xml version = '1.0' encoding = 'UTF-8'?>
<Table class="oracle.dbtools.crest.model.design.relational.Table" directorySegmentName="seg_0" id="BEE58EA9-63C2-09D7-F187-738A5434629D" name="StarsIn">
<createdBy>10151</createdBy>
<createdTime>2022-09-18 06:01:05 UTC</createdTime>
<ownerDesignName>DBhw1</ownerDesignName>
<allowColumnReorder>false</allowColumnReorder>
<existDependencyGenerateInDDl>true</existDependencyGenerateInDDl>
<parsed>true</parsed>
<columns itemClass="oracle.dbtools.crest.model.design.relational.Column">
<Column name="Movie_year" id="9F33D368-019C-4BD5-7C93-99D71BC498E4">
<createdBy>10151</createdBy>
<createdTime>2022-09-18 06:01:05 UTC</createdTime>
<ownerDesignName>DBhw1</ownerDesignName>
<use>0</use>
<logicalDatatype>LOGDT019</logicalDatatype>
<domain>34611CD3-4223-A0BF-E89E-7A5A4C3D6FF5</domain>
<ownDataTypeParameters>,,</ownDataTypeParameters>
<previousColumn>false</previousColumn>
<autoIncrementCycle>false</autoIncrementCycle>
<listOfRanges>
<rangeDef class="oracle.dbtools.crest.model.design.constraint.AVT">
<beginValue>1900</beginValue>
<endValue>2022</endValue>
</rangeDef>
</listOfRanges>
<associations>
<colAssociation fkAssociation="A56033E5-4521-089D-F307-32ADD77276BB" referredColumn="F9996F0B-503B-0F25-9C58-1F938FC995B7"/>
</associations>
</Column>
<Column name="Movie_title" id="B1698091-718B-F76B-A6A3-8EC343B28C98">
<createdBy>10151</createdBy>
<createdTime>2022-09-18 06:01:05 UTC</createdTime>
<ownerDesignName>DBhw1</ownerDesignName>
<use>0</use>
<logicalDatatype>LOGDT024</logicalDatatype>
<domain>535E4BCD-72AD-15E4-3F1A-443FF5C53AC2</domain>
<ownDataTypeParameters>,,</ownDataTypeParameters>
<previousColumn>false</previousColumn>
<autoIncrementCycle>false</autoIncrementCycle>
<associations>
<colAssociation fkAssociation="A56033E5-4521-089D-F307-32ADD77276BB" referredColumn="9F381DC5-4EAC-0C69-4A33-C9979402F0BB"/>
</associations>
</Column>
<Column name="MovieStar_name" id="257A0920-A55C-AD8C-221F-7A08A55EC568">
<createdBy>10151</createdBy>
<createdTime>2022-09-18 06:01:05 UTC</createdTime>
<ownerDesignName>DBhw1</ownerDesignName>
<use>0</use>
<logicalDatatype>LOGDT024</logicalDatatype>
<domain>25866B11-AD40-7E90-7574-D03219C65A85</domain>
<ownDataTypeParameters>,,</ownDataTypeParameters>
<previousColumn>false</previousColumn>
<autoIncrementCycle>false</autoIncrementCycle>
<associations>
<colAssociation fkAssociation="603F1C01-0329-A042-BB6E-B342F92D72AD" referredColumn="E9A48DC3-FAB4-86FD-BECD-1294FC240A71"/>
</associations>
</Column>
</columns>
<indexes itemClass="oracle.dbtools.crest.model.design.relational.Index">
<ind_PK_UK id="3351E62E-1B79-FCFA-A593-5310754AEA03" name="StarsIn_PK">
<createdBy>10151</createdBy>
<createdTime>2022-09-18 06:01:05 UTC</createdTime>
<ownerDesignName>DBhw1</ownerDesignName>
<pk>true</pk>
<indexState>Primary Constraint</indexState>
<isSurrogateKey>false</isSurrogateKey>
<indexColumnUsage>
<colUsage columnID="9F33D368-019C-4BD5-7C93-99D71BC498E4"/>
<colUsage columnID="B1698091-718B-F76B-A6A3-8EC343B28C98"/>
<colUsage columnID="257A0920-A55C-AD8C-221F-7A08A55EC568"/>
</indexColumnUsage>
</ind_PK_UK>
<ind_PK_UK id="1E3C2F12-C4A0-7625-AE2F-DAF8F6BD7B6E" name="StarsIn_Movie_FK">
<createdBy>10151</createdBy>
<createdTime>2022-09-18 06:01:05 UTC</createdTime>
<generatorID>3D51980F-D0D3-79F4-F153-A7987EE1BE95</generatorID>
<ownerDesignName>DBhw1</ownerDesignName>
<indexState>Foreign Key</indexState>
<isSurrogateKey>false</isSurrogateKey>
<indexColumnUsage>
<colUsage columnID="9F33D368-019C-4BD5-7C93-99D71BC498E4"/>
<colUsage columnID="B1698091-718B-F76B-A6A3-8EC343B28C98"/>
</indexColumnUsage>
</ind_PK_UK>
<ind_PK_UK id="30CC7BDA-474B-5E47-9C51-CD0ED382BE16" name="StarsIn_MovieStar_FK">
<createdBy>10151</createdBy>
<createdTime>2022-09-18 06:01:05 UTC</createdTime>
<generatorID>3D51980F-D0D3-79F4-F153-A7987EE1BE95</generatorID>
<ownerDesignName>DBhw1</ownerDesignName>
<indexState>Foreign Key</indexState>
<isSurrogateKey>false</isSurrogateKey>
<indexColumnUsage>
<colUsage columnID="257A0920-A55C-AD8C-221F-7A08A55EC568"/>
</indexColumnUsage>
</ind_PK_UK>
</indexes>
</Table>