<?xml version = '1.0' encoding = 'UTF-8'?>
<Table class="oracle.dbtools.crest.model.design.relational.Table" directorySegmentName="seg_0" id="DF3F5B7F-97C8-7C4B-DE0F-321E834B3D55" name="MovieStar">
<createdBy>10151</createdBy>
<createdTime>2022-09-18 06:01:05 UTC</createdTime>
<generatorID>2CF5A7F5-93FF-63D0-A8D1-64BB1F6D83D7</generatorID>
<ownerDesignName>DBhw1</ownerDesignName>
<allowColumnReorder>false</allowColumnReorder>
<existDependencyGenerateInDDl>true</existDependencyGenerateInDDl>
<parsed>true</parsed>
<columns itemClass="oracle.dbtools.crest.model.design.relational.Column">
<Column name="name" id="E9A48DC3-FAB4-86FD-BECD-1294FC240A71">
<createdBy>10151</createdBy>
<createdTime>2022-09-18 06:01:05 UTC</createdTime>
<generatorID>11F306F1-81FD-0C34-F0FF-EE4BD4D538FE</generatorID>
<ownerDesignName>DBhw1</ownerDesignName>
<use>0</use>
<logicalDatatype>LOGDT024</logicalDatatype>
<domain>25866B11-AD40-7E90-7574-D03219C65A85</domain>
<ownDataTypeParameters>,,</ownDataTypeParameters>
<autoIncrementCycle>false</autoIncrementCycle>
</Column>
<Column name="address" id="3669BFCE-B8AB-4D5C-D27C-1A3179E61C62">
<createdBy>10151</createdBy>
<createdTime>2022-09-18 06:01:05 UTC</createdTime>
<generatorID>6F7920B9-CD17-35C2-B68E-8BC2F91F8D35</generatorID>
<ownerDesignName>DBhw1</ownerDesignName>
<nullsAllowed>true</nullsAllowed>
<use>0</use>
<logicalDatatype>LOGDT024</logicalDatatype>
<domain>0748DC71-A91A-118F-8EDD-ADE2BF86F58B</domain>
<ownDataTypeParameters>,,</ownDataTypeParameters>
<autoIncrementCycle>false</autoIncrementCycle>
</Column>
<Column name="gender" id="C9948233-C9DD-4486-0EBC-9B191E747C51">
<createdBy>10151</createdBy>
<createdTime>2022-09-18 06:01:05 UTC</createdTime>
<generatorID>12A36B38-F4EA-D785-33E3-086E5693997E</generatorID>
<ownerDesignName>DBhw1</ownerDesignName>
<use>0</use>
<logicalDatatype>LOGDT025</logicalDatatype>
<domain>D8E17772-3C35-4F52-A797-599751FB2266</domain>
<ownDataTypeParameters>,,</ownDataTypeParameters>
<autoIncrementCycle>false</autoIncrementCycle>
</Column>
<Column name="birthdate" id="B0989C7C-CF85-7115-0774-2C052B3294EE">
<createdBy>10151</createdBy>
<createdTime>2022-09-18 06:01:05 UTC</createdTime>
<generatorID>BB3A7CB9-A858-88A2-202B-75FEA1317DFD</generatorID>
<ownerDesignName>DBhw1</ownerDesignName>
<use>0</use>
<logicalDatatype>LOGDT007</logicalDatatype>
<domain>95C050FB-C3FF-DBF8-7F9B-BD58AA0AF444</domain>
<ownDataTypeParameters>,,</ownDataTypeParameters>
<autoIncrementCycle>false</autoIncrementCycle>
</Column>
<Column name="spouseName" id="5E112F63-689A-51CA-8EC2-598A00D0120B">
<createdBy>10151</createdBy>
<createdTime>2022-09-18 08:48:53 UTC</createdTime>
<generatorID>98FDE2F2-35EC-5FA6-3549-5CED9D8840A8</generatorID>
<ownerDesignName>DBhw1</ownerDesignName>
<nullsAllowed>true</nullsAllowed>
<use>0</use>
<logicalDatatype>LOGDT024</logicalDatatype>
<domain>25866B11-AD40-7E90-7574-D03219C65A85</domain>
<ownDataTypeParameters>,,</ownDataTypeParameters>
<previousColumn>false</previousColumn>
<autoIncrementCycle>false</autoIncrementCycle>
</Column>
</columns>
<indexes itemClass="oracle.dbtools.crest.model.design.relational.Index">
<ind_PK_UK id="F0A17885-F87B-41F8-7145-7DC04DF15F25" name="MovieStar_PK">
<createdBy>10151</createdBy>
<createdTime>2022-09-18 06:01:05 UTC</createdTime>
<generatorID>726625F5-9A33-4F34-3255-72E75D075B6C</generatorID>
<ownerDesignName>DBhw1</ownerDesignName>
<pk>true</pk>
<indexState>Primary Constraint</indexState>
<isSurrogateKey>false</isSurrogateKey>
<indexColumnUsage>
<colUsage columnID="E9A48DC3-FAB4-86FD-BECD-1294FC240A71"/>
</indexColumnUsage>
</ind_PK_UK>
<ind_PK_UK id="3DA19258-E6D4-E7F9-6212-799F05BEC572" name="MovieStar__IDX">
<createdBy>10151</createdBy>
<createdTime>2022-09-18 08:48:53 UTC</createdTime>
<ownerDesignName>DBhw1</ownerDesignName>
<indexState>Unique Plain Index</indexState>
<isSurrogateKey>false</isSurrogateKey>
<relationGeneratorID>549153CB-753E-BCCC-5A15-1F484950B01E</relationGeneratorID>
<indexColumnUsage>
<colUsage columnID="5E112F63-689A-51CA-8EC2-598A00D0120B"/>
</indexColumnUsage>
</ind_PK_UK>
</indexes>
</Table>