<?xml version = '1.0' encoding = 'UTF-8'?>
<DomainFile class="oracle.dbtools.crest.model.design.DomainFileWrapper" fileName="university">
<domains>
<Domain class="oracle.dbtools.crest.model.design.Domain" name="fac_ty" id="12EFC3C6-5690-FC5D-41A2-C86F86292C16">
<createdBy>10151</createdBy>
<createdTime>2022-10-07 14:44:09 UTC</createdTime>
<ownerDesignName>DBhw3</ownerDesignName>
<avTSortOrder>0</avTSortOrder>
<dataTypeSize>100</dataTypeSize>
<fileName>university</fileName>
<logicalDatatype>LOGDT025</logicalDatatype>
</Domain>
<Domain class="oracle.dbtools.crest.model.design.Domain" name="grad_ty" id="154CA8CA-DE2E-4582-2360-BDA5BFB13230">
<createdBy>10151</createdBy>
<createdTime>2022-10-07 17:32:40 UTC</createdTime>
<ownerDesignName>DBhw3</ownerDesignName>
<avTSortOrder>0</avTSortOrder>
<dataTypePrecision>1</dataTypePrecision>
<fileName>university</fileName>
<logicalDatatype>LOGDT019</logicalDatatype>
<listOfValues>
<valueDef value="1" description=""/>
<valueDef value="2" description=""/>
<valueDef value="3" description=""/>
</listOfValues>
</Domain>
<Domain class="oracle.dbtools.crest.model.design.Domain" name="add_ty" id="179C8B52-4E13-3A5B-4954-C2F3631B29B3">
<createdBy>10151</createdBy>
<createdTime>2022-10-07 14:40:33 UTC</createdTime>
<ownerDesignName>DBhw3</ownerDesignName>
<avTSortOrder>0</avTSortOrder>
<dataTypeSize>255</dataTypeSize>
<fileName>university</fileName>
<logicalDatatype>LOGDT024</logicalDatatype>
</Domain>
<Domain class="oracle.dbtools.crest.model.design.Domain" name="ID_ty" id="2ACDA64B-917A-E7FA-7F58-5E68031E3E54">
<createdBy>10151</createdBy>
<createdTime>2022-10-07 14:46:01 UTC</createdTime>
<ownerDesignName>DBhw3</ownerDesignName>
<avTSortOrder>0</avTSortOrder>
<dataTypePrecision>15</dataTypePrecision>
<fileName>university</fileName>
<logicalDatatype>LOGDT019</logicalDatatype>
</Domain>
<Domain class="oracle.dbtools.crest.model.design.Domain" name="MXno_ty" id="31FCC9B4-1ECC-43F3-F290-8B1D8335B370">
<createdBy>10151</createdBy>
<createdTime>2022-10-07 17:31:27 UTC</createdTime>
<ownerDesignName>DBhw3</ownerDesignName>
<avTSortOrder>0</avTSortOrder>
<dataTypePrecision>2</dataTypePrecision>
<fileName>university</fileName>
<logicalDatatype>LOGDT019</logicalDatatype>
<listOfRanges>
<rangeDef class="oracle.dbtools.crest.model.design.constraint.AVT">
<beginValue>0</beginValue>
<endValue>40</endValue>
</rangeDef>
</listOfRanges>
</Domain>
<Domain class="oracle.dbtools.crest.model.design.Domain" name="pno_ty" id="34687D4A-E842-786D-6682-BEE0EBE91E67">
<createdBy>10151</createdBy>
<createdTime>2022-10-07 14:41:29 UTC</createdTime>
<ownerDesignName>DBhw3</ownerDesignName>
<avTSortOrder>0</avTSortOrder>
<dataTypeSize>13</dataTypeSize>
<fileName>university</fileName>
<logicalDatatype>LOGDT025</logicalDatatype>
<checkConstraint>
<implementationDef dbType="Oracle Database 12cR2" definition="%column% like &apos;010-____-____&apos;"/>
</checkConstraint>
</Domain>
<Domain class="oracle.dbtools.crest.model.design.Domain" name="room_ty" id="3AF8B718-ABE9-5F4B-1183-8465C2D3A7D7">
<createdBy>10151</createdBy>
<createdTime>2022-10-07 14:55:44 UTC</createdTime>
<ownerDesignName>DBhw3</ownerDesignName>
<avTSortOrder>0</avTSortOrder>
<dataTypePrecision>3</dataTypePrecision>
<fileName>university</fileName>
<logicalDatatype>LOGDT019</logicalDatatype>
</Domain>
<Domain class="oracle.dbtools.crest.model.design.Domain" name="hno_ty" id="4430E4CB-67B0-B78D-958C-8CB137EE0380">
<createdBy>10151</createdBy>
<createdTime>2022-10-08 15:42:58 UTC</createdTime>
<ownerDesignName>DBhw3</ownerDesignName>
<avTSortOrder>0</avTSortOrder>
<dataTypeSize>13</dataTypeSize>
<fileName>university</fileName>
<logicalDatatype>LOGDT025</logicalDatatype>
<checkConstraint>
<implementationDef dbType="Oracle Database 12cR2" definition="%column% like &apos;031-____-____&apos;"/>
</checkConstraint>
</Domain>
<Domain class="oracle.dbtools.crest.model.design.Domain" name="wno_ty" id="5D9783D4-DD43-F17A-F7A6-FCD18043568A">
<createdBy>10151</createdBy>
<createdTime>2022-10-08 15:43:25 UTC</createdTime>
<ownerDesignName>DBhw3</ownerDesignName>
<avTSortOrder>0</avTSortOrder>
<dataTypeSize>13</dataTypeSize>
<fileName>university</fileName>
<logicalDatatype>LOGDT025</logicalDatatype>
<checkConstraint>
<implementationDef dbType="Oracle Database 12cR2" definition="%column% like &apos;031-____-____&apos;"/>
</checkConstraint>
</Domain>
<Domain class="oracle.dbtools.crest.model.design.Domain" name="flo_ty" id="7DC5425B-2CFE-CB15-16D2-F9C430295D7E">
<createdBy>10151</createdBy>
<createdTime>2022-10-07 17:33:24 UTC</createdTime>
<ownerDesignName>DBhw3</ownerDesignName>
<avTSortOrder>0</avTSortOrder>
<dataTypePrecision>1</dataTypePrecision>
<fileName>university</fileName>
<logicalDatatype>LOGDT019</logicalDatatype>
<listOfRanges>
<rangeDef class="oracle.dbtools.crest.model.design.constraint.AVT">
<beginValue>1</beginValue>
<endValue>10</endValue>
</rangeDef>
</listOfRanges>
</Domain>
<Domain class="oracle.dbtools.crest.model.design.Domain" name="name_ty" id="7DF8EF8A-CCCB-B4E3-3103-F9D4C766597C">
<createdBy>10151</createdBy>
<createdTime>2022-10-07 14:39:59 UTC</createdTime>
<ownerDesignName>DBhw3</ownerDesignName>
<avTSortOrder>0</avTSortOrder>
<dataTypeSize>100</dataTypeSize>
<fileName>university</fileName>
<logicalDatatype>LOGDT025</logicalDatatype>
</Domain>
<Domain class="oracle.dbtools.crest.model.design.Domain" name="maj_ty" id="A18474E4-41EC-EE3D-7435-2735F06771E1">
<createdBy>10151</createdBy>
<createdTime>2022-10-07 14:55:10 UTC</createdTime>
<ownerDesignName>DBhw3</ownerDesignName>
<avTSortOrder>0</avTSortOrder>
<dataTypeSize>55</dataTypeSize>
<fileName>university</fileName>
<logicalDatatype>LOGDT025</logicalDatatype>
</Domain>
<Domain class="oracle.dbtools.crest.model.design.Domain" name="no_ty" id="CC156D6C-DD91-95E8-7DC3-60ACB58671D3">
<createdBy>10151</createdBy>
<createdTime>2022-10-07 14:43:42 UTC</createdTime>
<ownerDesignName>DBhw3</ownerDesignName>
<avTSortOrder>0</avTSortOrder>
<dataTypePrecision>5</dataTypePrecision>
<fileName>university</fileName>
<logicalDatatype>LOGDT019</logicalDatatype>
</Domain>
<Domain class="oracle.dbtools.crest.model.design.Domain" name="time_ty" id="DCF42633-0672-2FF8-33DB-84F5B3DC2D57">
<createdBy>10151</createdBy>
<createdTime>2022-10-07 17:54:56 UTC</createdTime>
<ownerDesignName>DBhw3</ownerDesignName>
<avTSortOrder>0</avTSortOrder>
<dataTypePrecision>2</dataTypePrecision>
<fileName>university</fileName>
<logicalDatatype>LOGDT019</logicalDatatype>
<listOfRanges>
<rangeDef class="oracle.dbtools.crest.model.design.constraint.AVT">
<beginValue>1</beginValue>
<endValue>10</endValue>
</rangeDef>
</listOfRanges>
</Domain>
</domains>
</DomainFile>