<?xml version = '1.0' encoding = 'UTF-8'?>
<FKIndexAssociation class="oracle.dbtools.crest.model.design.relational.FKIndexAssociation" directorySegmentName="seg_0" id="0BA26570-F25E-A7AD-8E64-9C178062E89A" containerWithKeyObject="6DDA2586-B550-9DB1-AAA8-043779675B79" localFKIndex="C1F2DF48-E747-4DC4-29B6-03610868445E" name="learning_room">
<createdBy>10151</createdBy>
<createdTime>2022-10-08 13:51:33 UTC</createdTime>
<generatorID>9E888931-2615-55B8-C635-0A3693A0D63E</generatorID>
<ownerDesignName>DBhw3</ownerDesignName>
<referredTableLongName>Room</referredTableLongName>
<deleteRule>NO ACTION</deleteRule>
<referredTableID>72A6BD11-4B07-E1D4-579A-A5C4DFED5367</referredTableID>
<keyObject>D4DA67EC-EA57-8418-315E-082DFB03EAA5</keyObject>
<referredKeyID>D4DA67EC-EA57-8418-315E-082DFB03EAA5</referredKeyID>
<mandatory>true</mandatory>
<refColNames>rNO,buildingname</refColNames>
<transferable>true</transferable>
<rely>false</rely>
<columnDependencyConstraintGenerateInDDL>true</columnDependencyConstraintGenerateInDDL>
</FKIndexAssociation>