<?xml version = '1.0' encoding = 'UTF-8'?>
<FKIndexAssociation class="oracle.dbtools.crest.model.design.relational.FKIndexAssociation" directorySegmentName="seg_0" id="0E4FBEA5-35C0-E938-0859-27C9EED7EAFB" containerWithKeyObject="6DDA2586-B550-9DB1-AAA8-043779675B79" localFKIndex="8167DC6C-F0AF-9AE6-CE54-A0730D0043D7" name="teach">
<createdBy>10151</createdBy>
<createdTime>2022-10-08 13:51:33 UTC</createdTime>
<generatorID>E5D06A80-2F3D-074C-6512-3CCC0818F916</generatorID>
<ownerDesignName>DBhw3</ownerDesignName>
<referredTableLongName>Professor</referredTableLongName>
<deleteRule>NO ACTION</deleteRule>
<referredTableID>8AFE6D14-632D-27EC-265B-921592ACD462</referredTableID>
<keyObject>E80ED915-E8F1-D357-28D4-458D8CCF82DF</keyObject>
<referredKeyID>E80ED915-E8F1-D357-28D4-458D8CCF82DF</referredKeyID>
<mandatory>true</mandatory>
<refColNames>ProNo</refColNames>
<transferable>true</transferable>
<rely>false</rely>
<columnDependencyConstraintGenerateInDDL>true</columnDependencyConstraintGenerateInDDL>
</FKIndexAssociation>