<?xml version = '1.0' encoding = 'UTF-8'?>
<FKIndexAssociation class="oracle.dbtools.crest.model.design.relational.FKIndexAssociation" directorySegmentName="seg_0" id="101FFCC5-CA6A-960D-BD7D-4168D99D09DB" containerWithKeyObject="8334844F-3AC5-8637-BB84-818E3A534788" localFKIndex="BE71DD35-BAFE-F565-634A-387418423B24" name="Head_professor">
<createdBy>10151</createdBy>
<createdTime>2022-10-08 13:51:33 UTC</createdTime>
<generatorID>52FFC592-230A-BE99-151E-C38245EC0094</generatorID>
<ownerDesignName>DBhw3</ownerDesignName>
<referredTableLongName>Professor</referredTableLongName>
<deleteRule>NO ACTION</deleteRule>
<referredTableID>8AFE6D14-632D-27EC-265B-921592ACD462</referredTableID>
<keyObject>E80ED915-E8F1-D357-28D4-458D8CCF82DF</keyObject>
<referredKeyID>E80ED915-E8F1-D357-28D4-458D8CCF82DF</referredKeyID>
<mandatory>true</mandatory>
<refColNames>ProNo</refColNames>
<transferable>true</transferable>
<rely>false</rely>
<columnDependencyConstraintGenerateInDDL>true</columnDependencyConstraintGenerateInDDL>
</FKIndexAssociation>