<?xml version = '1.0' encoding = 'UTF-8'?>
<FKIndexAssociation class="oracle.dbtools.crest.model.design.relational.FKIndexAssociation" directorySegmentName="seg_0" id="2FB422E1-08B7-33B9-48EE-1A80D6FF58AE" containerWithKeyObject="851F1C0B-70F2-5F5C-815A-5D39C297B085" localFKIndex="8E850FCF-05A4-083F-8D1E-00FF5DFC3E7B" name="assistant_to_subject">
<createdBy>10151</createdBy>
<createdTime>2022-10-08 15:57:19 UTC</createdTime>
<generatorID>3CB001BB-AA0D-4A0D-DA1C-8159E3E0B4D3</generatorID>
<ownerDesignName>DBhw3</ownerDesignName>
<referredTableLongName>assiatant</referredTableLongName>
<deleteRule>NO ACTION</deleteRule>
<referredTableID>870C29FA-D60C-9E88-98DB-32948A17354A</referredTableID>
<keyObject>B8DE95B6-AFFD-659D-9B5E-4F7F709C2667</keyObject>
<referredKeyID>B8DE95B6-AFFD-659D-9B5E-4F7F709C2667</referredKeyID>
<mandatory>true</mandatory>
<refColNames>aNo</refColNames>
<transferable>true</transferable>
<rely>false</rely>
<columnDependencyConstraintGenerateInDDL>true</columnDependencyConstraintGenerateInDDL>
</FKIndexAssociation>