<?xml version = '1.0' encoding = 'UTF-8'?>
<FKIndexAssociation class="oracle.dbtools.crest.model.design.relational.FKIndexAssociation" directorySegmentName="seg_0" id="4653CC7A-9ABD-698A-DA75-AE299235677E" containerWithKeyObject="6DDA2586-B550-9DB1-AAA8-043779675B79" localFKIndex="B6A38830-7994-B4FE-47D1-862C3CC30EA1" name="Relation_1">
<createdBy>10151</createdBy>
<createdTime>2022-10-08 13:51:33 UTC</createdTime>
<generatorID>A7AAA9CD-6AE5-C2F9-FB14-A5F4C468AE22</generatorID>
<ownerDesignName>DBhw3</ownerDesignName>
<referredTableLongName>Subject</referredTableLongName>
<deleteRule>NO ACTION</deleteRule>
<referredTableID>851F1C0B-70F2-5F5C-815A-5D39C297B085</referredTableID>
<keyObject>A03CB027-167F-B403-C1E3-6321A54BA0E2</keyObject>
<referredKeyID>A03CB027-167F-B403-C1E3-6321A54BA0E2</referredKeyID>
<mandatory>true</mandatory>
<refColNames>name</refColNames>
<transferable>true</transferable>
<rely>false</rely>
<columnDependencyConstraintGenerateInDDL>true</columnDependencyConstraintGenerateInDDL>
</FKIndexAssociation>