<?xml version = '1.0' encoding = 'UTF-8'?>
<FKIndexAssociation class="oracle.dbtools.crest.model.design.relational.FKIndexAssociation" directorySegmentName="seg_0" id="57584EE3-2CDF-6A5E-F615-2AD74B5406D1" containerWithKeyObject="965BE631-65B4-200E-5F41-CEDD814BFBF8" localFKIndex="7D8946C0-25CA-CEB2-5DB1-6051C2A530C0" name="Lecture_times_Lecture_FK">
<createdBy>10151</createdBy>
<createdTime>2022-10-08 13:51:33 UTC</createdTime>
<generatorID>8AD8D807-DC9A-2A88-7143-A6D7E9913D17</generatorID>
<ownerDesignName>DBhw3</ownerDesignName>
<referredTableLongName>Lecture</referredTableLongName>
<deleteRule>NO ACTION</deleteRule>
<referredTableID>6DDA2586-B550-9DB1-AAA8-043779675B79</referredTableID>
<keyObject>8EE98F81-DF69-6AD0-2FA2-332C494C3242</keyObject>
<referredKeyID>8EE98F81-DF69-6AD0-2FA2-332C494C3242</referredKeyID>
<mandatory>true</mandatory>
<refColNames>sName</refColNames>
<transferable>true</transferable>
<rely>false</rely>
<columnDependencyConstraintGenerateInDDL>true</columnDependencyConstraintGenerateInDDL>
</FKIndexAssociation>