<?xml version = '1.0' encoding = 'UTF-8'?>
<FKIndexAssociation class="oracle.dbtools.crest.model.design.relational.FKIndexAssociation" directorySegmentName="seg_0" id="57BCD7C4-6FE3-EF35-F00B-A4EE5030B87C" containerWithKeyObject="9A11BA53-48B0-C873-5A12-32946400C26B" localFKIndex="0C5860B3-38DD-4341-2DB8-375711D0F6D8" name="responsibility_Subject_FK">
<createdBy>10151</createdBy>
<createdTime>2022-10-08 13:51:33 UTC</createdTime>
<generatorID>6A9FF635-81E9-E5D4-46C0-705D5F40D1EC</generatorID>
<ownerDesignName>DBhw3</ownerDesignName>
<referredTableLongName>Subject</referredTableLongName>
<deleteRule>NO ACTION</deleteRule>
<referredTableID>851F1C0B-70F2-5F5C-815A-5D39C297B085</referredTableID>
<keyObject>A03CB027-167F-B403-C1E3-6321A54BA0E2</keyObject>
<referredKeyID>A03CB027-167F-B403-C1E3-6321A54BA0E2</referredKeyID>
<mandatory>true</mandatory>
<refColNames>name</refColNames>
<transferable>true</transferable>
<rely>false</rely>
<columnDependencyConstraintGenerateInDDL>true</columnDependencyConstraintGenerateInDDL>
</FKIndexAssociation>