<?xml version = '1.0' encoding = 'UTF-8'?>
<FKIndexAssociation class="oracle.dbtools.crest.model.design.relational.FKIndexAssociation" directorySegmentName="seg_0" id="63BD1B7A-0725-915A-7366-6A340D81132E" containerWithKeyObject="870C29FA-D60C-9E88-98DB-32948A17354A" localFKIndex="2F8BDD83-3836-7137-BA42-4D3924C4C129" name="assistant_to_subjectv1">
<createdBy>10151</createdBy>
<createdTime>2022-10-08 15:57:19 UTC</createdTime>
<generatorID>3CB001BB-AA0D-4A0D-DA1C-8159E3E0B4D3</generatorID>
<ownerDesignName>DBhw3</ownerDesignName>
<referredTableLongName>Subject</referredTableLongName>
<deleteRule>NO ACTION</deleteRule>
<referredTableID>851F1C0B-70F2-5F5C-815A-5D39C297B085</referredTableID>
<keyObject>A03CB027-167F-B403-C1E3-6321A54BA0E2</keyObject>
<referredKeyID>A03CB027-167F-B403-C1E3-6321A54BA0E2</referredKeyID>
<mandatory>true</mandatory>
<refColNames>name</refColNames>
<transferable>true</transferable>
<rely>false</rely>
<columnDependencyConstraintGenerateInDDL>true</columnDependencyConstraintGenerateInDDL>
</FKIndexAssociation>