<?xml version = '1.0' encoding = 'UTF-8'?>
<FKIndexAssociation class="oracle.dbtools.crest.model.design.relational.FKIndexAssociation" directorySegmentName="seg_0" id="70CB1929-97C1-0B55-5262-5BE2FE231F87" containerWithKeyObject="6DDA2586-B550-9DB1-AAA8-043779675B79" localFKIndex="70A62D21-7721-D8BE-2549-664E79558C3B" name="learn">
<createdBy>10151</createdBy>
<createdTime>2022-10-08 13:51:33 UTC</createdTime>
<generatorID>C86E655D-D885-A60E-1CED-A0572BD36B84</generatorID>
<ownerDesignName>DBhw3</ownerDesignName>
<referredTableLongName>Student</referredTableLongName>
<deleteRule>NO ACTION</deleteRule>
<referredTableID>E202457F-F476-D8ED-9909-07D620EA79CE</referredTableID>
<keyObject>3D2B0301-3282-30F0-42C2-077886BC01BB</keyObject>
<referredKeyID>3D2B0301-3282-30F0-42C2-077886BC01BB</referredKeyID>
<mandatory>true</mandatory>
<refColNames>IDNo</refColNames>
<transferable>true</transferable>
<rely>false</rely>
<columnDependencyConstraintGenerateInDDL>true</columnDependencyConstraintGenerateInDDL>
</FKIndexAssociation>