<?xml version = '1.0' encoding = 'UTF-8'?>
<FKIndexAssociation class="oracle.dbtools.crest.model.design.relational.FKIndexAssociation" directorySegmentName="seg_0" id="82E3AD6C-98E3-F62D-BC71-407B6D7CDF94" containerWithKeyObject="870C29FA-D60C-9E88-98DB-32948A17354A" localFKIndex="93A759D2-0AE0-1D13-ACA1-3F14205CD149" name="belong_assistant">
<createdBy>10151</createdBy>
<createdTime>2022-10-08 13:51:33 UTC</createdTime>
<generatorID>8E6231DD-F858-8A7B-7D4B-39C4BA8DF5BA</generatorID>
<ownerDesignName>DBhw3</ownerDesignName>
<referredTableLongName>Department</referredTableLongName>
<deleteRule>NO ACTION</deleteRule>
<referredTableID>8334844F-3AC5-8637-BB84-818E3A534788</referredTableID>
<keyObject>4A7E74E6-5F06-623B-226E-8FBB76DAC664</keyObject>
<referredKeyID>4A7E74E6-5F06-623B-226E-8FBB76DAC664</referredKeyID>
<mandatory>true</mandatory>
<refColNames>dName</refColNames>
<transferable>true</transferable>
<rely>false</rely>
<columnDependencyConstraintGenerateInDDL>true</columnDependencyConstraintGenerateInDDL>
</FKIndexAssociation>