<?xml version = '1.0' encoding = 'UTF-8'?>
<FKIndexAssociation class="oracle.dbtools.crest.model.design.relational.FKIndexAssociation" directorySegmentName="seg_0" id="CA74A4CE-B041-A25D-4929-F8FAC9FE88D0" containerWithKeyObject="9A11BA53-48B0-C873-5A12-32946400C26B" localFKIndex="DA9FCA5B-13DF-42B6-4D54-62F5F0B1D3F9" name="responsibility_Professor_FK">
<createdBy>10151</createdBy>
<createdTime>2022-10-08 13:51:33 UTC</createdTime>
<generatorID>6A9FF635-81E9-E5D4-46C0-705D5F40D1EC</generatorID>
<ownerDesignName>DBhw3</ownerDesignName>
<referredTableLongName>Professor</referredTableLongName>
<deleteRule>NO ACTION</deleteRule>
<referredTableID>8AFE6D14-632D-27EC-265B-921592ACD462</referredTableID>
<keyObject>E80ED915-E8F1-D357-28D4-458D8CCF82DF</keyObject>
<referredKeyID>E80ED915-E8F1-D357-28D4-458D8CCF82DF</referredKeyID>
<mandatory>true</mandatory>
<refColNames>ProNo</refColNames>
<transferable>true</transferable>
<rely>false</rely>
<columnDependencyConstraintGenerateInDDL>true</columnDependencyConstraintGenerateInDDL>
</FKIndexAssociation>