<?xml version = '1.0' encoding = 'UTF-8'?>
<FKIndexAssociation class="oracle.dbtools.crest.model.design.relational.FKIndexAssociation" directorySegmentName="seg_0" id="D457CE81-FF50-74E7-9C80-765D8ECF9CEE" containerWithKeyObject="965BE631-65B4-200E-5F41-CEDD814BFBF8" localFKIndex="EE8E50CF-E522-EA9B-0F5A-E9AC2724B856" name="Lecture_times_Lecture_time_FK">
<createdBy>10151</createdBy>
<createdTime>2022-10-08 13:51:33 UTC</createdTime>
<generatorID>8AD8D807-DC9A-2A88-7143-A6D7E9913D17</generatorID>
<ownerDesignName>DBhw3</ownerDesignName>
<referredTableLongName>Lecture_time</referredTableLongName>
<deleteRule>NO ACTION</deleteRule>
<referredTableID>225A85C8-ABE7-40D7-F7CF-FCB27910C908</referredTableID>
<keyObject>9EFC7D04-A7BE-DF61-6004-F7D8BABA785C</keyObject>
<referredKeyID>9EFC7D04-A7BE-DF61-6004-F7D8BABA785C</referredKeyID>
<mandatory>true</mandatory>
<refColNames>L_time,L_date</refColNames>
<transferable>true</transferable>
<rely>false</rely>
<columnDependencyConstraintGenerateInDDL>true</columnDependencyConstraintGenerateInDDL>
</FKIndexAssociation>