<?xml version = '1.0' encoding = 'UTF-8'?>
<FKIndexAssociation class="oracle.dbtools.crest.model.design.relational.FKIndexAssociation" directorySegmentName="seg_0" id="E122F171-2E94-563D-FB73-97024DD52EAE" containerWithKeyObject="E202457F-F476-D8ED-9909-07D620EA79CE" localFKIndex="CEBEEE85-E1DC-D84B-ACD1-9AFB1B992D3F" name="sub_department">
<createdBy>10151</createdBy>
<createdTime>2022-10-08 14:43:46 UTC</createdTime>
<generatorID>81A27580-0055-452D-AADF-06E2FD4CE51E</generatorID>
<ownerDesignName>DBhw3</ownerDesignName>
<referredTableLongName>Department</referredTableLongName>
<deleteRule>NO ACTION</deleteRule>
<referredTableID>8334844F-3AC5-8637-BB84-818E3A534788</referredTableID>
<keyObject>4A7E74E6-5F06-623B-226E-8FBB76DAC664</keyObject>
<referredKeyID>4A7E74E6-5F06-623B-226E-8FBB76DAC664</referredKeyID>
<mandatory>false</mandatory>
<refColNames>dName</refColNames>
<transferable>true</transferable>
<rely>false</rely>
<columnDependencyConstraintGenerateInDDL>true</columnDependencyConstraintGenerateInDDL>
</FKIndexAssociation>