<?xml version = '1.0' encoding = 'UTF-8'?>
<FKIndexAssociation class="oracle.dbtools.crest.model.design.relational.FKIndexAssociation" directorySegmentName="seg_0" id="F8AFBE31-E1EA-0DE1-0173-5FAE0C59B8DC" containerWithKeyObject="8AFE6D14-632D-27EC-265B-921592ACD462" localFKIndex="ED21D78D-AAB0-40BF-3218-D747C909AC07" name="belong_professor">
<createdBy>10151</createdBy>
<createdTime>2022-10-08 14:43:46 UTC</createdTime>
<generatorID>1C7FBABA-EC34-8D62-761D-504CE932CD45</generatorID>
<ownerDesignName>DBhw3</ownerDesignName>
<referredTableLongName>Department</referredTableLongName>
<deleteRule>NO ACTION</deleteRule>
<referredTableID>8334844F-3AC5-8637-BB84-818E3A534788</referredTableID>
<keyObject>4A7E74E6-5F06-623B-226E-8FBB76DAC664</keyObject>
<referredKeyID>4A7E74E6-5F06-623B-226E-8FBB76DAC664</referredKeyID>
<mandatory>true</mandatory>
<refColNames>dName</refColNames>
<transferable>true</transferable>
<rely>false</rely>
<columnDependencyConstraintGenerateInDDL>true</columnDependencyConstraintGenerateInDDL>
</FKIndexAssociation>