<?xml version = '1.0' encoding = 'UTF-8'?>
<FKIndexAssociation class="oracle.dbtools.crest.model.design.relational.FKIndexAssociation" directorySegmentName="seg_0" id="FDE4820C-76A8-B730-AD50-90F3296E6EFD" containerWithKeyObject="E202457F-F476-D8ED-9909-07D620EA79CE" localFKIndex="B156AAC3-B6ED-DF5C-A176-607A164D6F37" name="belong">
<createdBy>10151</createdBy>
<createdTime>2022-10-08 13:51:33 UTC</createdTime>
<generatorID>0E8B4D5D-77C2-D7A8-FFAE-D0B04E39B382</generatorID>
<ownerDesignName>DBhw3</ownerDesignName>
<referredTableLongName>Department</referredTableLongName>
<deleteRule>NO ACTION</deleteRule>
<referredTableID>8334844F-3AC5-8637-BB84-818E3A534788</referredTableID>
<keyObject>4A7E74E6-5F06-623B-226E-8FBB76DAC664</keyObject>
<referredKeyID>4A7E74E6-5F06-623B-226E-8FBB76DAC664</referredKeyID>
<mandatory>true</mandatory>
<refColNames>dName</refColNames>
<transferable>true</transferable>
<rely>false</rely>
<columnDependencyConstraintGenerateInDDL>true</columnDependencyConstraintGenerateInDDL>
</FKIndexAssociation>