<?xml version = '1.0' encoding = 'UTF-8'?>
<Diagram class="oracle.dbtools.crest.swingui.logical.DPVLogical" name="Logical" id="2BB24073-F854-FECE-2753-D22AD537E80B">
<createdBy>10151</createdBy>
<modifiedBy>10151</modifiedBy>
<createdTime>2022-09-17 17:23:52 UTC</createdTime>
<autoRoute>false</autoRoute>
<boxInbox>true</boxInbox>
<showLegend>false</showLegend>
<showLabels>false</showLabels>
<showRelAttributes>false</showRelAttributes>
<gridEnabled>false</gridEnabled>
<showGrid>false</showGrid>
<diagramColor>-1</diagramColor>
<display>false</display>
<notation>2</notation>
<objectViews>
<OView class="oracle.dbtools.crest.swingui.logical.TVEntity" oid="05CCED74-1FE0-300C-945B-18EA4CED7D60" otype="Entity" vid="D7FD58D9-814A-866E-D623-E435BD0E2ACC">
<hideElementsInCurrentOnly>false</hideElementsInCurrentOnly>
<bounds x="606" y="479" width="280" height="199"/>
</OView>
<OView class="oracle.dbtools.crest.swingui.logical.TVEntity" oid="06B04198-77D2-D5E2-F909-5F28F56B0BE3" otype="Entity" vid="1B03956B-EBF2-2DC2-0DB8-F4075319F772">
<hideElementsInCurrentOnly>false</hideElementsInCurrentOnly>
<bounds x="5" y="5" width="355" height="219"/>
</OView>
<OView class="oracle.dbtools.crest.swingui.logical.TVEntity" oid="28F076FF-B415-FE77-D1D5-5B9E1785409A" otype="Entity" vid="4DE2D446-3F34-7761-AEC3-587585525A88">
<hideElementsInCurrentOnly>false</hideElementsInCurrentOnly>
<bounds x="602" y="176" width="286" height="235"/>
</OView>
<OView class="oracle.dbtools.crest.swingui.logical.TVEntity" oid="2B6C8937-53BB-FC7F-17DF-AEBDCBD1380C" otype="Entity" vid="1112F88A-B9B8-EFB1-8103-F066506A27DE">
<hideElementsInCurrentOnly>false</hideElementsInCurrentOnly>
<bounds x="29" y="546" width="328" height="272"/>
</OView>
<OView class="oracle.dbtools.crest.swingui.logical.TVEntity" oid="2CF5A7F5-93FF-63D0-A8D1-64BB1F6D83D7" otype="Entity" vid="1FE13696-3099-78BD-84A8-3224FFA5F0BA">
<hideElementsInCurrentOnly>false</hideElementsInCurrentOnly>
<bounds x="1054" y="16" width="315" height="249"/>
</OView>
<OView class="oracle.dbtools.crest.swingui.logical.TVEntity" oid="4702AF62-2315-1C5F-C758-CDA7E02019BC" otype="Entity" vid="12799A76-1BB6-8545-A218-CC6947DDBECE">
<hideElementsInCurrentOnly>false</hideElementsInCurrentOnly>
<bounds x="417" y="698" width="183" height="117"/>
</OView>
<OView class="oracle.dbtools.crest.swingui.logical.TVEntity" oid="6D90C3C8-B77E-8A52-AEE7-4DCA783CBC32" otype="Entity" vid="C9127A6A-FCF8-ED32-807F-350AADB01C15">
<hideElementsInCurrentOnly>false</hideElementsInCurrentOnly>
<bounds x="1064" y="477" width="259" height="200"/>
</OView>
</objectViews>
<connectors>
<Connector class="oracle.dbtools.crest.swingui.logical.TVRelation" oid="0E076128-F2E4-4172-600C-8171A1114380" otype="Relation" vid_source="4DE2D446-3F34-7761-AEC3-587585525A88" vid_target="1B03956B-EBF2-2DC2-0DB8-F4075319F772">
<hideElementsInCurrentOnly>false</hideElementsInCurrentOnly>
<backgroundColor>-16777216</backgroundColor>
<lineWidth>1</lineWidth>
<points>
<point x="602" y="267"/>
<point x="267" y="267"/>
<point x="267" y="224"/>
</points>
</Connector>
<Connector class="oracle.dbtools.crest.swingui.logical.TVRelation" oid="2F2A6AB4-C078-CDFA-CFFA-008F2C2AC388" otype="Relation" vid_source="1112F88A-B9B8-EFB1-8103-F066506A27DE" vid_target="D7FD58D9-814A-866E-D623-E435BD0E2ACC">
<hideElementsInCurrentOnly>false</hideElementsInCurrentOnly>
<backgroundColor>-16777216</backgroundColor>
<lineWidth>1</lineWidth>
<points>
<point x="357" y="602"/>
<point x="531" y="602"/>
<point x="606" y="602"/>
</points>
</Connector>
<Connector class="oracle.dbtools.crest.swingui.logical.TVRelation" oid="3D51980F-D0D3-79F4-F153-A7987EE1BE95" otype="Relation" vid_source="1B03956B-EBF2-2DC2-0DB8-F4075319F772" vid_target="1FE13696-3099-78BD-84A8-3224FFA5F0BA">
<hideElementsInCurrentOnly>false</hideElementsInCurrentOnly>
<backgroundColor>-16777216</backgroundColor>
<lineWidth>1</lineWidth>
<points>
<point x="360" y="53"/>
<point x="741" y="53"/>
<point x="1054" y="53"/>
</points>
</Connector>
<Connector class="oracle.dbtools.crest.swingui.logical.TVRelation" oid="549153CB-753E-BCCC-5A15-1F484950B01E" otype="Relation" vid_source="1FE13696-3099-78BD-84A8-3224FFA5F0BA" vid_target="4DE2D446-3F34-7761-AEC3-587585525A88">
<hideElementsInCurrentOnly>false</hideElementsInCurrentOnly>
<backgroundColor>-16777216</backgroundColor>
<lineWidth>1</lineWidth>
<points>
<point x="1054" y="220"/>
<point x="888" y="220"/>
</points>
</Connector>
<Connector class="oracle.dbtools.crest.swingui.logical.TVRelation" oid="7B0AA09B-2AC9-ECB1-BD81-009BC41B9958" otype="Relation" vid_source="1112F88A-B9B8-EFB1-8103-F066506A27DE" vid_target="1B03956B-EBF2-2DC2-0DB8-F4075319F772">
<hideElementsInCurrentOnly>false</hideElementsInCurrentOnly>
<backgroundColor>-16777216</backgroundColor>
<lineWidth>1</lineWidth>
<points>
<point x="114" y="546"/>
<point x="114" y="315"/>
<point x="114" y="224"/>
</points>
</Connector>
<Connector class="oracle.dbtools.crest.swingui.logical.TVRelation" oid="82C15CC8-6002-82B5-8561-BE7A0EA6F846" otype="Relation" vid_source="4DE2D446-3F34-7761-AEC3-587585525A88" vid_target="D7FD58D9-814A-866E-D623-E435BD0E2ACC">
<hideElementsInCurrentOnly>false</hideElementsInCurrentOnly>
<backgroundColor>-16777216</backgroundColor>
<lineWidth>1</lineWidth>
<points>
<point x="726" y="411"/>
<point x="726" y="476"/>
<point x="726" y="479"/>
</points>
</Connector>
<Connector class="oracle.dbtools.crest.swingui.logical.TVRelation" oid="90F2D661-D20A-735C-F3AE-BFC84AB7D6D5" otype="Relation" vid_source="1FE13696-3099-78BD-84A8-3224FFA5F0BA" vid_target="C9127A6A-FCF8-ED32-807F-350AADB01C15">
<hideElementsInCurrentOnly>false</hideElementsInCurrentOnly>
<backgroundColor>-16777216</backgroundColor>
<lineWidth>1</lineWidth>
<points>
<point x="1193" y="265"/>
<point x="1193" y="477"/>
</points>
</Connector>
<Connector class="oracle.dbtools.crest.swingui.logical.TVRelation" oid="9DA471D2-83A2-8E5B-4719-5E5AD0E1B4F0" otype="Relation" vid_source="1112F88A-B9B8-EFB1-8103-F066506A27DE" vid_target="4DE2D446-3F34-7761-AEC3-587585525A88">
<hideElementsInCurrentOnly>false</hideElementsInCurrentOnly>
<backgroundColor>-16777216</backgroundColor>
<lineWidth>1</lineWidth>
<points>
<point x="269" y="546"/>
<point x="269" y="314"/>
<point x="602" y="314"/>
</points>
</Connector>
<Connector class="oracle.dbtools.crest.swingui.logical.TVRelation" oid="9FC5D4DB-3053-4320-25E1-8360D6CD8FEB" otype="Relation" vid_source="4DE2D446-3F34-7761-AEC3-587585525A88" vid_target="1B03956B-EBF2-2DC2-0DB8-F4075319F772">
<hideElementsInCurrentOnly>false</hideElementsInCurrentOnly>
<backgroundColor>-16777216</backgroundColor>
<lineWidth>1</lineWidth>
<points>
<point x="662" y="176"/>
<point x="662" y="140"/>
<point x="360" y="140"/>
</points>
</Connector>
<Connector class="oracle.dbtools.crest.swingui.logical.TVRelation" oid="CAC164F1-DC2E-AFBF-A503-54229CF9EF41" otype="Relation" vid_source="1112F88A-B9B8-EFB1-8103-F066506A27DE" vid_target="12799A76-1BB6-8545-A218-CC6947DDBECE">
<hideElementsInCurrentOnly>false</hideElementsInCurrentOnly>
<backgroundColor>-16777216</backgroundColor>
<lineWidth>1</lineWidth>
<points>
<point x="357" y="741"/>
<point x="395" y="741"/>
<point x="417" y="741"/>
</points>
</Connector>
<Connector class="oracle.dbtools.crest.swingui.logical.TVRelation" oid="E13416CC-F5F0-62B6-C8D2-447B63216EB0" otype="Relation" vid_source="1112F88A-B9B8-EFB1-8103-F066506A27DE" vid_target="1B03956B-EBF2-2DC2-0DB8-F4075319F772">
<hideElementsInCurrentOnly>false</hideElementsInCurrentOnly>
<backgroundColor>-16777216</backgroundColor>
<lineWidth>1</lineWidth>
<points>
<point x="63" y="546"/>
<point x="63" y="401"/>
<point x="63" y="224"/>
</points>
</Connector>
</connectors>
</Diagram>