<?xml version = '1.0' encoding = 'UTF-8'?>
<Diagram class="oracle.dbtools.crest.swingui.logical.DPVLogicalSubView" name="Logical - SubView_1" id="E289D99B-264E-A16C-E547-B4B458654216">
<createdBy>10151</createdBy>
<modifiedBy>10151</modifiedBy>
<createdTime>2022-09-17 17:59:12 UTC</createdTime>
<autoRoute>false</autoRoute>
<boxInbox>true</boxInbox>
<showLegend>false</showLegend>
<showLabels>false</showLabels>
<showRelAttributes>false</showRelAttributes>
<gridEnabled>false</gridEnabled>
<showGrid>false</showGrid>
<diagramColor>-1</diagramColor>
<display>false</display>
<notation>1</notation>
<objectViews>
<OView class="oracle.dbtools.crest.swingui.logical.TVEntity" oid="06B04198-77D2-D5E2-F909-5F28F56B0BE3" otype="Entity" vid="573283AC-399D-618E-2EF8-3D381AEEBC92">
<hideElementsInCurrentOnly>false</hideElementsInCurrentOnly>
<bounds x="75" y="71" width="355" height="219"/>
</OView>
</objectViews>
</Diagram>