<?xml version = '1.0' encoding = 'UTF-8'?>
<Diagram class="oracle.dbtools.crest.swingui.datatypes.DPVDataTypes" name="DataTypes" id="2E571698-7519-8412-2AE8-E435ABE68A1A">
<createdBy>10151</createdBy>
<modifiedBy>10151</modifiedBy>
<createdTime>2022-10-07 11:59:31 UTC</createdTime>
<autoRoute>false</autoRoute>
<boxInbox>true</boxInbox>
<showLegend>false</showLegend>
<showLabels>true</showLabels>
<showRelAttributes>false</showRelAttributes>
<gridEnabled>false</gridEnabled>
<showGrid>false</showGrid>
<diagramColor>-1</diagramColor>
<display>false</display>
<notation>1</notation>
<objectViews>
<OView class="oracle.dbtools.crest.swingui.datatypes.TVStructuredType" oid="18399519-299C-6112-E225-12903D3F086F" otype="StructuredType" vid="FD817CE5-8EF9-4E66-1077-5EDF6688DE70">
<hideElementsInCurrentOnly>false</hideElementsInCurrentOnly>
<bounds x="567" y="227" width="255" height="166"/>
</OView>
<OView class="oracle.dbtools.crest.swingui.datatypes.TVStructuredType" oid="47E390DE-0671-C4B1-8428-0F45CBEE18F8" otype="StructuredType" vid="5D092499-B9C3-7F3B-4194-01E57CCF721F">
<hideElementsInCurrentOnly>false</hideElementsInCurrentOnly>
<bounds x="20" y="20" width="100" height="100"/>
</OView>
<OView class="oracle.dbtools.crest.swingui.datatypes.TVStructuredType" oid="B79F679F-5B3A-E27B-E6C1-C13FBC966EB8" otype="StructuredType" vid="633D4D21-18CA-0B54-3E94-E4975FBFD4B3">
<hideElementsInCurrentOnly>false</hideElementsInCurrentOnly>
<bounds x="84" y="169" width="276" height="359"/>
</OView>
<OView class="oracle.dbtools.crest.swingui.datatypes.TVStructuredType" oid="F72C39E0-D1CA-8821-2AD7-A1E95A37D3D1" otype="StructuredType" vid="D58F32E2-2862-5782-215A-3FC9CF230B27">
<hideElementsInCurrentOnly>false</hideElementsInCurrentOnly>
<bounds x="20" y="20" width="100" height="100"/>
</OView>
</objectViews>
<connectors>
<Connector class="oracle.dbtools.crest.swingui.datatypes.TVDTReference" oid="F5DC1C48-8239-2593-207C-0654A607145A" otype="DTReference" vid_source="633D4D21-18CA-0B54-3E94-E4975FBFD4B3" vid_target="FD817CE5-8EF9-4E66-1077-5EDF6688DE70">
<hideElementsInCurrentOnly>false</hideElementsInCurrentOnly>
<backgroundColor>-16776961</backgroundColor>
<lineWidth>1</lineWidth>
<points>
<point x="360" y="310"/>
<point x="567" y="310"/>
</points>
</Connector>
</connectors>
</Diagram>