<?xml version = '1.0' encoding = 'UTF-8'?>
<Diagram class="oracle.dbtools.crest.swingui.relational.DPVRelational" name="Relational_1" id="82F266A0-A96E-20C2-EA54-43D8213A7C96">
<createdBy>10151</createdBy>
<modifiedBy>10151</modifiedBy>
<createdTime>2022-09-17 17:23:52 UTC</createdTime>
<autoRoute>false</autoRoute>
<boxInbox>true</boxInbox>
<showLegend>false</showLegend>
<showLabels>false</showLabels>
<showRelAttributes>false</showRelAttributes>
<gridEnabled>false</gridEnabled>
<showGrid>false</showGrid>
<diagramColor>-1</diagramColor>
<display>false</display>
<notation>1</notation>
<objectViews>
<OView class="oracle.dbtools.crest.swingui.relational.TVTable" oid="7FDD8C4D-524B-813B-3135-9EA339A7ECF1" otype="Table" vid="0DEB6BD8-D693-92BB-278E-2AC23E3C3C4F">
<hideElementsInCurrentOnly>false</hideElementsInCurrentOnly>
<bounds x="417" y="698" width="183" height="117"/>
</OView>
<OView class="oracle.dbtools.crest.swingui.relational.TVTable" oid="846E7653-76C5-398B-E5B4-05296B7A4374" otype="Table" vid="CAB7636C-8B10-88AF-1881-E039BDE59A9F">
<hideElementsInCurrentOnly>false</hideElementsInCurrentOnly>
<bounds x="1064" y="477" width="259" height="200"/>
</OView>
<OView class="oracle.dbtools.crest.swingui.relational.TVTable" oid="88D5FAA9-9374-98FB-6BBF-A7C6FE6CB075" otype="Table" vid="C63C6FA0-2004-799E-B4BF-03511FAA8733">
<hideElementsInCurrentOnly>false</hideElementsInCurrentOnly>
<bounds x="29" y="546" width="328" height="272"/>
</OView>
<OView class="oracle.dbtools.crest.swingui.relational.TVTable" oid="8E86509F-0B96-31B8-03F5-FDC2005B73DF" otype="Table" vid="0905405F-F89F-6823-E6DB-258BA2CB74B2">
<hideElementsInCurrentOnly>false</hideElementsInCurrentOnly>
<bounds x="602" y="176" width="286" height="235"/>
</OView>
<OView class="oracle.dbtools.crest.swingui.relational.TVTable" oid="8EE682F7-C381-3BAF-22E1-01684B457973" otype="Table" vid="DF35C453-5034-1F98-C3AA-6D5B1D6E86DF">
<hideElementsInCurrentOnly>false</hideElementsInCurrentOnly>
<bounds x="606" y="479" width="280" height="199"/>
</OView>
<OView class="oracle.dbtools.crest.swingui.relational.TVTable" oid="9A878B79-8481-C2C3-4437-8D665AB53CF6" otype="Table" vid="91FF338B-1BBF-1AC5-BD17-FDD769D2E8AF">
<hideElementsInCurrentOnly>false</hideElementsInCurrentOnly>
<bounds x="5" y="5" width="355" height="219"/>
</OView>
<OView class="oracle.dbtools.crest.swingui.relational.TVTable" oid="BEE58EA9-63C2-09D7-F187-738A5434629D" otype="Table" vid="0B1433AD-F8EA-AACD-2D75-8BA7DC10614E">
<hideElementsInCurrentOnly>false</hideElementsInCurrentOnly>
<bounds x="687" y="12" width="233" height="154"/>
</OView>
<OView class="oracle.dbtools.crest.swingui.relational.TVTable" oid="DF3F5B7F-97C8-7C4B-DE0F-321E834B3D55" otype="Table" vid="7AAE23D9-1979-44EC-126C-740025FF8330">
<hideElementsInCurrentOnly>false</hideElementsInCurrentOnly>
<bounds x="1054" y="16" width="315" height="249"/>
</OView>
</objectViews>
<connectors>
<Connector class="oracle.dbtools.crest.swingui.relational.TVFKRelation" oid="147EB6A5-5F56-6F35-55EA-076DDE692922" otype="FKIndexAssociation" vid_source="0905405F-F89F-6823-E6DB-258BA2CB74B2" vid_target="91FF338B-1BBF-1AC5-BD17-FDD769D2E8AF">
<hideElementsInCurrentOnly>false</hideElementsInCurrentOnly>
<backgroundColor>-16777216</backgroundColor>
<lineWidth>1</lineWidth>
<points>
<point x="602" y="267"/>
<point x="267" y="267"/>
<point x="267" y="224"/>
</points>
</Connector>
<Connector class="oracle.dbtools.crest.swingui.relational.TVFKRelation" oid="1CE50CFA-33E6-109E-644D-C677950C8805" otype="FKIndexAssociation" vid_source="C63C6FA0-2004-799E-B4BF-03511FAA8733" vid_target="91FF338B-1BBF-1AC5-BD17-FDD769D2E8AF">
<hideElementsInCurrentOnly>false</hideElementsInCurrentOnly>
<backgroundColor>-16777216</backgroundColor>
<lineWidth>1</lineWidth>
<points>
<point x="114" y="546"/>
<point x="114" y="315"/>
<point x="114" y="224"/>
</points>
</Connector>
<Connector class="oracle.dbtools.crest.swingui.relational.TVFKRelation" oid="603F1C01-0329-A042-BB6E-B342F92D72AD" otype="FKIndexAssociation" vid_source="7AAE23D9-1979-44EC-126C-740025FF8330" vid_target="0B1433AD-F8EA-AACD-2D75-8BA7DC10614E">
<hideElementsInCurrentOnly>false</hideElementsInCurrentOnly>
<backgroundColor>-16777216</backgroundColor>
<lineWidth>1</lineWidth>
<points>
<point x="1054" y="100"/>
<point x="920" y="100"/>
</points>
</Connector>
<Connector class="oracle.dbtools.crest.swingui.relational.TVFKRelation" oid="6C626145-4FF5-F4C9-EC78-62A0DC97E2EC" otype="FKIndexAssociation" vid_source="0905405F-F89F-6823-E6DB-258BA2CB74B2" vid_target="DF35C453-5034-1F98-C3AA-6D5B1D6E86DF">
<hideElementsInCurrentOnly>false</hideElementsInCurrentOnly>
<backgroundColor>-16777216</backgroundColor>
<lineWidth>1</lineWidth>
<points>
<point x="726" y="411"/>
<point x="726" y="476"/>
<point x="726" y="479"/>
</points>
</Connector>
<Connector class="oracle.dbtools.crest.swingui.relational.TVFKRelation" oid="70A0B32F-5E10-472F-3917-C9723BD4E4AE" otype="FKIndexAssociation" vid_source="0905405F-F89F-6823-E6DB-258BA2CB74B2" vid_target="91FF338B-1BBF-1AC5-BD17-FDD769D2E8AF">
<hideElementsInCurrentOnly>false</hideElementsInCurrentOnly>
<backgroundColor>-16777216</backgroundColor>
<lineWidth>1</lineWidth>
<points>
<point x="662" y="176"/>
<point x="662" y="140"/>
<point x="360" y="140"/>
</points>
</Connector>
<Connector class="oracle.dbtools.crest.swingui.relational.TVFKRelation" oid="78988833-92FB-4D48-6126-BF815846CA33" otype="FKIndexAssociation" vid_source="C63C6FA0-2004-799E-B4BF-03511FAA8733" vid_target="91FF338B-1BBF-1AC5-BD17-FDD769D2E8AF">
<hideElementsInCurrentOnly>false</hideElementsInCurrentOnly>
<backgroundColor>-16777216</backgroundColor>
<lineWidth>1</lineWidth>
<points>
<point x="63" y="546"/>
<point x="63" y="401"/>
<point x="63" y="224"/>
</points>
</Connector>
<Connector class="oracle.dbtools.crest.swingui.relational.TVFKRelation" oid="7A2D351C-49DA-DBD7-D428-E9B174C7CC29" otype="FKIndexAssociation" vid_source="C63C6FA0-2004-799E-B4BF-03511FAA8733" vid_target="0DEB6BD8-D693-92BB-278E-2AC23E3C3C4F">
<hideElementsInCurrentOnly>false</hideElementsInCurrentOnly>
<backgroundColor>-16777216</backgroundColor>
<lineWidth>1</lineWidth>
<points>
<point x="357" y="741"/>
<point x="395" y="741"/>
<point x="417" y="741"/>
</points>
</Connector>
<Connector class="oracle.dbtools.crest.swingui.relational.TVFKRelation" oid="801C419C-1967-1C46-B9C5-0D2132067BA5" otype="FKIndexAssociation" vid_source="7AAE23D9-1979-44EC-126C-740025FF8330" vid_target="CAB7636C-8B10-88AF-1881-E039BDE59A9F">
<hideElementsInCurrentOnly>false</hideElementsInCurrentOnly>
<backgroundColor>-16777216</backgroundColor>
<lineWidth>1</lineWidth>
<points>
<point x="1193" y="265"/>
<point x="1193" y="477"/>
</points>
</Connector>
<Connector class="oracle.dbtools.crest.swingui.relational.TVFKRelation" oid="A56033E5-4521-089D-F307-32ADD77276BB" otype="FKIndexAssociation" vid_source="91FF338B-1BBF-1AC5-BD17-FDD769D2E8AF" vid_target="0B1433AD-F8EA-AACD-2D75-8BA7DC10614E">
<hideElementsInCurrentOnly>false</hideElementsInCurrentOnly>
<backgroundColor>-16777216</backgroundColor>
<lineWidth>1</lineWidth>
<points>
<point x="360" y="89"/>
<point x="687" y="89"/>
</points>
</Connector>
<Connector class="oracle.dbtools.crest.swingui.relational.TVFKRelation" oid="C3F29E94-75E7-CE91-345B-DE1B6B524C5A" otype="FKIndexAssociation" vid_source="C63C6FA0-2004-799E-B4BF-03511FAA8733" vid_target="DF35C453-5034-1F98-C3AA-6D5B1D6E86DF">
<hideElementsInCurrentOnly>false</hideElementsInCurrentOnly>
<backgroundColor>-16777216</backgroundColor>
<lineWidth>1</lineWidth>
<points>
<point x="357" y="602"/>
<point x="531" y="602"/>
<point x="606" y="602"/>
</points>
</Connector>
<Connector class="oracle.dbtools.crest.swingui.relational.TVFKRelation" oid="E254BABF-B9B1-A7C3-527F-3D0C98952CF0" otype="FKIndexAssociation" vid_source="0905405F-F89F-6823-E6DB-258BA2CB74B2" vid_target="C63C6FA0-2004-799E-B4BF-03511FAA8733">
<hideElementsInCurrentOnly>false</hideElementsInCurrentOnly>
<backgroundColor>-16777216</backgroundColor>
<lineWidth>1</lineWidth>
<points>
<point x="602" y="314"/>
<point x="269" y="314"/>
<point x="269" y="546"/>
</points>
</Connector>
</connectors>
</Diagram>