<?xml version = '1.0' encoding = 'UTF-8'?>
<Diagram class="oracle.dbtools.crest.swingui.relational.DPVRelationalSubView" name="From_LM_Logical - SubView_1" id="F4A3EBF5-E315-A1F6-208D-E3AC719F042F">
<createdBy>10151</createdBy>
<modifiedBy>10151</modifiedBy>
<createdTime>2022-09-18 06:01:05 UTC</createdTime>
<autoRoute>false</autoRoute>
<boxInbox>true</boxInbox>
<showLegend>false</showLegend>
<showLabels>false</showLabels>
<showRelAttributes>false</showRelAttributes>
<gridEnabled>false</gridEnabled>
<showGrid>false</showGrid>
<diagramColor>-1</diagramColor>
<display>false</display>
<generatorId>E289D99B-264E-A16C-E547-B4B458654216</generatorId>
<notation>1</notation>
<objectViews>
<OView class="oracle.dbtools.crest.swingui.relational.TVTable" oid="9A878B79-8481-C2C3-4437-8D665AB53CF6" otype="Table" vid="A7D93ADD-4266-D976-DEC0-321AA3F20852">
<hideElementsInCurrentOnly>false</hideElementsInCurrentOnly>
<bounds x="75" y="71" width="355" height="219"/>
<generatorID>573283AC-399D-618E-2EF8-3D381AEEBC92</generatorID>
</OView>
</objectViews>
</Diagram>