<?xml version = '1.0' encoding = 'UTF-8'?>
<DomainFile class="oracle.dbtools.crest.model.design.DomainFileWrapper" fileName="WebShopDB">
<domains>
<Domain class="oracle.dbtools.crest.model.design.Domain" name="name_ty" id="056B496A-52CD-F522-8F59-A0CAE09C7C05">
<createdBy>10151</createdBy>
<createdTime>2022-09-29 17:47:44 UTC</createdTime>
<ownerDesignName>DBhw2</ownerDesignName>
<avTSortOrder>0</avTSortOrder>
<dataTypeSize>30</dataTypeSize>
<fileName>WebShopDB</fileName>
<logicalDatatype>LOGDT025</logicalDatatype>
</Domain>
<Domain class="oracle.dbtools.crest.model.design.Domain" name="wno_ty" id="1D016137-1738-F55D-39A7-9E1D186907B9">
<createdBy>10151</createdBy>
<createdTime>2022-10-01 20:56:54 UTC</createdTime>
<ownerDesignName>DBhw2</ownerDesignName>
<avTSortOrder>0</avTSortOrder>
<dataTypePrecision>12</dataTypePrecision>
<fileName>WebShopDB</fileName>
<logicalDatatype>LOGDT019</logicalDatatype>
<checkConstraint>
<implementationDef dbType="Oracle Database 12cR2" definition="%column% like &apos;051-___-____&apos;"/>
</checkConstraint>
</Domain>
<Domain class="oracle.dbtools.crest.model.design.Domain" name="con_ty" id="38467AE3-53B7-6042-4A58-726F93EB1F0A">
<createdBy>10151</createdBy>
<createdTime>2022-09-29 18:35:06 UTC</createdTime>
<ownerDesignName>DBhw2</ownerDesignName>
<avTSortOrder>0</avTSortOrder>
<dataTypeSize>255</dataTypeSize>
<fileName>WebShopDB</fileName>
<logicalDatatype>LOGDT024</logicalDatatype>
</Domain>
<Domain class="oracle.dbtools.crest.model.design.Domain" name="price_ty" id="44D5DD45-E555-843B-1070-9C2F05840214">
<createdBy>10151</createdBy>
<createdTime>2022-09-29 17:50:33 UTC</createdTime>
<ownerDesignName>DBhw2</ownerDesignName>
<avTSortOrder>0</avTSortOrder>
<dataTypePrecision>7</dataTypePrecision>
<fileName>WebShopDB</fileName>
<logicalDatatype>LOGDT019</logicalDatatype>
<listOfRanges>
<rangeDef class="oracle.dbtools.crest.model.design.constraint.AVT">
<beginValue>100</beginValue>
<endValue>900000</endValue>
</rangeDef>
</listOfRanges>
</Domain>
<Domain class="oracle.dbtools.crest.model.design.Domain" name="email_ty" id="480FA508-BFAE-42D8-CB11-3892254AA5BC">
<createdBy>10151</createdBy>
<createdTime>2022-09-29 17:59:35 UTC</createdTime>
<ownerDesignName>DBhw2</ownerDesignName>
<avTSortOrder>0</avTSortOrder>
<dataTypeSize>20</dataTypeSize>
<fileName>WebShopDB</fileName>
<logicalDatatype>LOGDT025</logicalDatatype>
<checkConstraint>
<implementationDef dbType="Oracle Database 12cR2" definition="%column% like &apos;__________@_____.com&apos;"/>
</checkConstraint>
</Domain>
<Domain class="oracle.dbtools.crest.model.design.Domain" name="add_ty" id="5EC83322-1670-3E49-0723-65FB212702D1">
<createdBy>10151</createdBy>
<createdTime>2022-09-29 17:49:44 UTC</createdTime>
<ownerDesignName>DBhw2</ownerDesignName>
<avTSortOrder>0</avTSortOrder>
<dataTypeSize>255</dataTypeSize>
<fileName>WebShopDB</fileName>
<logicalDatatype>LOGDT024</logicalDatatype>
</Domain>
<Domain class="oracle.dbtools.crest.model.design.Domain" name="tit_ty" id="68C1722A-BF63-EA13-5077-3CB7C9B027FB">
<createdBy>10151</createdBy>
<createdTime>2022-10-01 20:31:03 UTC</createdTime>
<ownerDesignName>DBhw2</ownerDesignName>
<avTSortOrder>0</avTSortOrder>
<dataTypeSize>100</dataTypeSize>
<fileName>WebShopDB</fileName>
<logicalDatatype>LOGDT024</logicalDatatype>
</Domain>
<Domain class="oracle.dbtools.crest.model.design.Domain" name="gds_ty" id="A251B5D6-EA72-D18B-1F08-362832963F4B">
<createdBy>10151</createdBy>
<createdTime>2022-10-01 20:31:40 UTC</createdTime>
<ownerDesignName>DBhw2</ownerDesignName>
<avTSortOrder>0</avTSortOrder>
<dataTypeSize>50</dataTypeSize>
<fileName>WebShopDB</fileName>
<logicalDatatype>LOGDT025</logicalDatatype>
</Domain>
<Domain class="oracle.dbtools.crest.model.design.Domain" name="nickna_ty" id="B60690E5-1E9B-139C-B952-2BA7DF1E8DCD">
<createdBy>10151</createdBy>
<createdTime>2022-09-29 18:07:13 UTC</createdTime>
<ownerDesignName>DBhw2</ownerDesignName>
<avTSortOrder>0</avTSortOrder>
<dataTypeSize>50</dataTypeSize>
<fileName>WebShopDB</fileName>
<logicalDatatype>LOGDT025</logicalDatatype>
</Domain>
<Domain class="oracle.dbtools.crest.model.design.Domain" name="no_ty" id="B61C4286-9FB8-84AA-2302-2A5CF6D7B99F">
<createdBy>10151</createdBy>
<createdTime>2022-09-29 17:48:46 UTC</createdTime>
<ownerDesignName>DBhw2</ownerDesignName>
<avTSortOrder>0</avTSortOrder>
<dataTypePrecision>8</dataTypePrecision>
<fileName>WebShopDB</fileName>
<logicalDatatype>LOGDT019</logicalDatatype>
</Domain>
<Domain class="oracle.dbtools.crest.model.design.Domain" name="pno_ty" id="CAF0EDF3-9833-488F-DA0B-21C72892C171">
<createdBy>10151</createdBy>
<createdTime>2022-09-29 17:56:55 UTC</createdTime>
<ownerDesignName>DBhw2</ownerDesignName>
<avTSortOrder>0</avTSortOrder>
<dataTypePrecision>13</dataTypePrecision>
<fileName>WebShopDB</fileName>
<logicalDatatype>LOGDT019</logicalDatatype>
<checkConstraint>
<implementationDef dbType="Oracle Database 12cR2" definition="%column% like &apos;010-____-____&apos;"/>
</checkConstraint>
</Domain>
<Domain class="oracle.dbtools.crest.model.design.Domain" name="date_ty" id="F4850004-7CB5-D5EA-66F9-BBFDDB3E082A">
<createdBy>10151</createdBy>
<createdTime>2022-09-29 17:56:01 UTC</createdTime>
<ownerDesignName>DBhw2</ownerDesignName>
<avTSortOrder>0</avTSortOrder>
<fileName>WebShopDB</fileName>
<logicalDatatype>LOGDT007</logicalDatatype>
<listOfRanges>
<rangeDef class="oracle.dbtools.crest.model.design.constraint.AVT">
<beginValue>date &apos;2022-01-01&apos;</beginValue>
<endValue>date &apos;2022-12-31&apos;</endValue>
</rangeDef>
</listOfRanges>
</Domain>
</domains>
</DomainFile>