<?xml version = '1.0' encoding = 'UTF-8'?>
<Diagram class="oracle.dbtools.crest.swingui.relational.DPVRelational" name="Relational_1" id="80557ACA-4D5A-3135-6300-E47A39C43436">
<createdBy>10151</createdBy>
<modifiedBy>10151</modifiedBy>
<createdTime>2022-10-08 17:43:12 UTC</createdTime>
<autoRoute>false</autoRoute>
<boxInbox>true</boxInbox>
<showLegend>false</showLegend>
<showLabels>false</showLabels>
<showRelAttributes>false</showRelAttributes>
<gridEnabled>false</gridEnabled>
<showGrid>false</showGrid>
<diagramColor>-1</diagramColor>
<display>false</display>
<notation>1</notation>
<objectViews>
<OView class="oracle.dbtools.crest.swingui.relational.TVTable" oid="062FB300-FBE7-8E68-1DD4-1775E478B62A" otype="Table" vid="C5BD4D9E-6100-0947-3130-67E4EF68A842">
<hideElementsInCurrentOnly>false</hideElementsInCurrentOnly>
<bounds x="681" y="674" width="200" height="132"/>
</OView>
<OView class="oracle.dbtools.crest.swingui.relational.TVTable" oid="07D48DA5-834C-F150-25BE-458F8D139FF8" otype="Table" vid="BA8FB35B-347C-9015-F4B4-8BCBA135BC03">
<hideElementsInCurrentOnly>false</hideElementsInCurrentOnly>
<bounds x="610" y="178" width="199" height="97"/>
</OView>
<OView class="oracle.dbtools.crest.swingui.relational.TVTable" oid="18719B23-C431-FAF5-030F-F6EABE3EE428" otype="Table" vid="25FF5EE9-BEA0-8B77-8F82-4067CE975CBC">
<hideElementsInCurrentOnly>false</hideElementsInCurrentOnly>
<bounds x="43" y="57" width="178" height="140"/>
</OView>
<OView class="oracle.dbtools.crest.swingui.relational.TVTable" oid="3C672753-C896-66A9-6438-0451E496AC7F" otype="Table" vid="B8A52F05-F451-4A5C-44C7-BEF5586E8F38">
<hideElementsInCurrentOnly>false</hideElementsInCurrentOnly>
<bounds x="809" y="291" width="184" height="204"/>
</OView>
<OView class="oracle.dbtools.crest.swingui.relational.TVTable" oid="425CE09A-1224-9958-47D3-14E441B22719" otype="Table" vid="936082A4-F378-45A1-606A-4FDC6A781643">
<hideElementsInCurrentOnly>false</hideElementsInCurrentOnly>
<bounds x="1034" y="104" width="225" height="149"/>
</OView>
<OView class="oracle.dbtools.crest.swingui.relational.TVTable" oid="4786D8B5-8A79-0B0C-0E24-5E7670F8EA82" otype="Table" vid="120A576A-9027-F2C7-CD9F-5D083953D256">
<hideElementsInCurrentOnly>false</hideElementsInCurrentOnly>
<bounds x="21" y="326" width="235" height="90"/>
</OView>
<OView class="oracle.dbtools.crest.swingui.relational.TVTable" oid="497FC1AD-F34F-042B-1ED0-013BA2435B8B" otype="Table" vid="6C925072-C0EC-CAF8-6704-A04988C1F436">
<hideElementsInCurrentOnly>false</hideElementsInCurrentOnly>
<bounds x="267" y="287" width="378" height="128"/>
</OView>
<OView class="oracle.dbtools.crest.swingui.relational.TVTable" oid="4C24C8D0-D0F8-775A-107C-93B86C136DA4" otype="Table" vid="DD817DCA-F1B4-BFD7-F711-DD80E7E7A23D">
<hideElementsInCurrentOnly>false</hideElementsInCurrentOnly>
<bounds x="331" y="655" width="288" height="187"/>
</OView>
<OView class="oracle.dbtools.crest.swingui.relational.TVTable" oid="4FF178C3-1C60-4402-387A-CB770817FA5B" otype="Table" vid="B7EC3857-E885-3C2C-1F36-D2698487E336">
<hideElementsInCurrentOnly>false</hideElementsInCurrentOnly>
<bounds x="667" y="22" width="280" height="121"/>
</OView>
<OView class="oracle.dbtools.crest.swingui.relational.TVView" oid="6F1A4DC7-E98F-F774-ED3C-7EFB8C2492B5" otype="View" vid="E578FE47-1298-F23C-D932-4299EE5F5D52">
<hideElementsInCurrentOnly>false</hideElementsInCurrentOnly>
<bounds x="1138" y="297" width="181" height="141"/>
</OView>
<OView class="oracle.dbtools.crest.swingui.relational.TVTable" oid="A4DCF317-83A2-1732-0409-AF0C78CD1E57" otype="Table" vid="CD920AAA-6E6E-4F44-924F-EC3E01ED6E4D">
<hideElementsInCurrentOnly>false</hideElementsInCurrentOnly>
<bounds x="334" y="39" width="246" height="148"/>
</OView>
<OView class="oracle.dbtools.crest.swingui.relational.TVTable" oid="BEA0C4BD-8F0E-99A3-5B89-5011B8274085" otype="Table" vid="E618AF08-6519-284E-D48B-DA158B6D5F03">
<hideElementsInCurrentOnly>false</hideElementsInCurrentOnly>
<bounds x="245" y="451" width="259" height="189"/>
</OView>
<OView class="oracle.dbtools.crest.swingui.relational.TVView" oid="F6656C7B-4FCF-E105-6A6C-0C20D0C3CB85" otype="View" vid="87AEAE2B-4230-6FF1-9F10-1BD4A381D21D">
<hideElementsInCurrentOnly>false</hideElementsInCurrentOnly>
<bounds x="1139" y="462" width="181" height="168"/>
</OView>
</objectViews>
<connectors>
<Connector class="oracle.dbtools.crest.swingui.relational.TVFKRelation" oid="01716F5F-C165-8732-82A8-38CA7916A384" otype="FKIndexAssociation" vid_source="936082A4-F378-45A1-606A-4FDC6A781643" vid_target="B8A52F05-F451-4A5C-44C7-BEF5586E8F38">
<hideElementsInCurrentOnly>false</hideElementsInCurrentOnly>
<backgroundColor>-16777216</backgroundColor>
<lineWidth>1</lineWidth>
<points>
<point x="1034" y="187"/>
<point x="952" y="187"/>
<point x="952" y="291"/>
</points>
</Connector>
<Connector class="oracle.dbtools.crest.swingui.relational.TVFKRelation" oid="081BFF74-B295-D808-73C5-51A82C84FC02" otype="FKIndexAssociation" vid_source="DD817DCA-F1B4-BFD7-F711-DD80E7E7A23D" vid_target="B8A52F05-F451-4A5C-44C7-BEF5586E8F38">
<hideElementsInCurrentOnly>false</hideElementsInCurrentOnly>
<backgroundColor>-16777216</backgroundColor>
<lineWidth>1</lineWidth>
<points>
<point x="594" y="655"/>
<point x="594" y="464"/>
<point x="809" y="464"/>
</points>
</Connector>
<Connector class="oracle.dbtools.crest.swingui.relational.TVFKRelation" oid="1594FBA3-9C42-3CBC-A9D5-78B597FA90F4" otype="FKIndexAssociation" vid_source="BA8FB35B-347C-9015-F4B4-8BCBA135BC03" vid_target="6C925072-C0EC-CAF8-6704-A04988C1F436">
<hideElementsInCurrentOnly>false</hideElementsInCurrentOnly>
<backgroundColor>-16777216</backgroundColor>
<lineWidth>1</lineWidth>
<points>
<point x="610" y="244"/>
<point x="489" y="244"/>
<point x="489" y="287"/>
</points>
</Connector>
<Connector class="oracle.dbtools.crest.swingui.relational.TVFKRelation" oid="1A3D7F62-B53C-10D4-5075-1C18F083B183" otype="FKIndexAssociation" vid_source="C5BD4D9E-6100-0947-3130-67E4EF68A842" vid_target="B8A52F05-F451-4A5C-44C7-BEF5586E8F38">
<hideElementsInCurrentOnly>false</hideElementsInCurrentOnly>
<backgroundColor>-16777216</backgroundColor>
<lineWidth>1</lineWidth>
<points>
<point x="837" y="674"/>
<point x="837" y="609"/>
<point x="837" y="495"/>
</points>
</Connector>
<Connector class="oracle.dbtools.crest.swingui.relational.TVFKRelation" oid="34A4B79E-9E04-4AB2-CDEE-C54CC8607E06" otype="FKIndexAssociation" vid_source="936082A4-F378-45A1-606A-4FDC6A781643" vid_target="E618AF08-6519-284E-D48B-DA158B6D5F03">
<hideElementsInCurrentOnly>false</hideElementsInCurrentOnly>
<backgroundColor>-16777216</backgroundColor>
<lineWidth>1</lineWidth>
<points>
<point x="1111" y="253"/>
<point x="1111" y="527"/>
<point x="504" y="527"/>
</points>
</Connector>
<Connector class="oracle.dbtools.crest.swingui.relational.TVFKRelation" oid="4B431E2E-863E-70EE-2A4D-7BD1727688C8" otype="FKIndexAssociation" vid_source="120A576A-9027-F2C7-CD9F-5D083953D256" vid_target="25FF5EE9-BEA0-8B77-8F82-4067CE975CBC">
<hideElementsInCurrentOnly>false</hideElementsInCurrentOnly>
<backgroundColor>-16777216</backgroundColor>
<lineWidth>1</lineWidth>
<points>
<point x="132" y="326"/>
<point x="132" y="197"/>
</points>
</Connector>
<Connector class="oracle.dbtools.crest.swingui.relational.TVFKRelation" oid="7DCC72B3-98E5-1D68-2020-1743D4DA31FF" otype="FKIndexAssociation" vid_source="120A576A-9027-F2C7-CD9F-5D083953D256" vid_target="E618AF08-6519-284E-D48B-DA158B6D5F03">
<hideElementsInCurrentOnly>false</hideElementsInCurrentOnly>
<backgroundColor>-16777216</backgroundColor>
<lineWidth>1</lineWidth>
<points>
<point x="250" y="416"/>
<point x="250" y="451"/>
</points>
</Connector>
<Connector class="oracle.dbtools.crest.swingui.relational.TVFKRelation" oid="803D6195-99BB-4C6D-44C1-D01E1AE85431" otype="FKIndexAssociation" vid_source="B8A52F05-F451-4A5C-44C7-BEF5586E8F38" vid_target="6C925072-C0EC-CAF8-6704-A04988C1F436">
<hideElementsInCurrentOnly>false</hideElementsInCurrentOnly>
<backgroundColor>-16777216</backgroundColor>
<lineWidth>1</lineWidth>
<points>
<point x="809" y="434"/>
<point x="512" y="434"/>
<point x="512" y="415"/>
</points>
</Connector>
<Connector class="oracle.dbtools.crest.swingui.relational.TVFKRelation" oid="979C2C72-E031-EFEA-228B-D596C8508FC4" otype="FKIndexAssociation" vid_source="120A576A-9027-F2C7-CD9F-5D083953D256" vid_target="CD920AAA-6E6E-4F44-924F-EC3E01ED6E4D">
<hideElementsInCurrentOnly>false</hideElementsInCurrentOnly>
<backgroundColor>-16777216</backgroundColor>
<lineWidth>1</lineWidth>
<points>
<point x="192" y="326"/>
<point x="192" y="213"/>
<point x="334" y="187"/>
</points>
</Connector>
<Connector class="oracle.dbtools.crest.swingui.relational.TVFKRelation" oid="B73EFF5D-2559-80BF-92DB-70A2F561DE58" otype="FKIndexAssociation" vid_source="936082A4-F378-45A1-606A-4FDC6A781643" vid_target="B7EC3857-E885-3C2C-1F36-D2698487E336">
<hideElementsInCurrentOnly>false</hideElementsInCurrentOnly>
<backgroundColor>-16777216</backgroundColor>
<lineWidth>1</lineWidth>
<points>
<point x="1034" y="123"/>
<point x="947" y="123"/>
</points>
</Connector>
<Connector class="oracle.dbtools.crest.swingui.relational.TVFKRelation" oid="BBD11420-588A-7520-70F8-230C7103737D" otype="FKIndexAssociation" vid_source="120A576A-9027-F2C7-CD9F-5D083953D256" vid_target="DD817DCA-F1B4-BFD7-F711-DD80E7E7A23D">
<hideElementsInCurrentOnly>false</hideElementsInCurrentOnly>
<backgroundColor>-16777216</backgroundColor>
<lineWidth>1</lineWidth>
<points>
<point x="87" y="416"/>
<point x="87" y="775"/>
<point x="331" y="775"/>
</points>
</Connector>
<Connector class="oracle.dbtools.crest.swingui.relational.TVFKRelation" oid="C43B143A-5380-ABB5-C1DE-27464C1367FE" otype="FKIndexAssociation" vid_source="CD920AAA-6E6E-4F44-924F-EC3E01ED6E4D" vid_target="B7EC3857-E885-3C2C-1F36-D2698487E336">
<hideElementsInCurrentOnly>false</hideElementsInCurrentOnly>
<backgroundColor>-16777216</backgroundColor>
<lineWidth>1</lineWidth>
<points>
<point x="580" y="91"/>
<point x="667" y="91"/>
</points>
</Connector>
<Connector class="oracle.dbtools.crest.swingui.relational.TVFKRelation" oid="C955096C-E6F1-1A07-4EA8-EE124C51C247" otype="FKIndexAssociation" vid_source="CD920AAA-6E6E-4F44-924F-EC3E01ED6E4D" vid_target="25FF5EE9-BEA0-8B77-8F82-4067CE975CBC">
<hideElementsInCurrentOnly>false</hideElementsInCurrentOnly>
<backgroundColor>-16777216</backgroundColor>
<lineWidth>1</lineWidth>
<points>
<point x="334" y="122"/>
<point x="221" y="122"/>
</points>
</Connector>
<Connector class="oracle.dbtools.crest.swingui.relational.TVFKRelation" oid="D57B1583-257F-6C54-1C05-82BBBBFBF70B" otype="FKIndexAssociation" vid_source="E618AF08-6519-284E-D48B-DA158B6D5F03" vid_target="936082A4-F378-45A1-606A-4FDC6A781643">
<hideElementsInCurrentOnly>false</hideElementsInCurrentOnly>
<backgroundColor>-16777216</backgroundColor>
<lineWidth>1</lineWidth>
<points>
<point x="504" y="570"/>
<point x="1081" y="570"/>
<point x="1081" y="253"/>
</points>
</Connector>
<Connector class="oracle.dbtools.crest.swingui.relational.TVFKRelation" oid="D990B850-73A5-6DCD-912E-25286C0D730E" otype="FKIndexAssociation" vid_source="120A576A-9027-F2C7-CD9F-5D083953D256" vid_target="DD817DCA-F1B4-BFD7-F711-DD80E7E7A23D">
<hideElementsInCurrentOnly>false</hideElementsInCurrentOnly>
<backgroundColor>-16777216</backgroundColor>
<lineWidth>1</lineWidth>
<points>
<point x="190" y="416"/>
<point x="190" y="700"/>
<point x="331" y="700"/>
</points>
</Connector>
<Connector class="oracle.dbtools.crest.swingui.relational.TVFKRelation" oid="EC631B31-A0A7-D2E4-CE4D-22619BAAD392" otype="FKIndexAssociation" vid_source="CD920AAA-6E6E-4F44-924F-EC3E01ED6E4D" vid_target="B8A52F05-F451-4A5C-44C7-BEF5586E8F38">
<hideElementsInCurrentOnly>false</hideElementsInCurrentOnly>
<backgroundColor>-16777216</backgroundColor>
<lineWidth>1</lineWidth>
<points>
<point x="580" y="168"/>
<point x="901" y="168"/>
<point x="901" y="291"/>
</points>
</Connector>
</connectors>
</Diagram>