<?xml version = '1.0' encoding = 'UTF-8'?>
<Table class="oracle.dbtools.crest.model.design.relational.Table" directorySegmentName="seg_0" id="18719B23-C431-FAF5-030F-F6EABE3EE428" name="HeadProfessor">
<createdBy>10151</createdBy>
<createdTime>2022-10-08 17:43:12 UTC</createdTime>
<generatorID>71F6F889-BACD-B406-1E5B-C8690854C24E</generatorID>
<ownerDesignName>DBhw3</ownerDesignName>
<allowColumnReorder>false</allowColumnReorder>
<existDependencyGenerateInDDl>true</existDependencyGenerateInDDl>
<parsed>true</parsed>
<columns itemClass="oracle.dbtools.crest.model.design.relational.Column">
<Column name="HeadNo" id="A27A06EC-6E86-5C6A-D0D8-129A270DBBB1">
<createdBy>10151</createdBy>
<createdTime>2022-10-08 17:43:12 UTC</createdTime>
<generatorID>621E3EB3-A722-9A98-E53F-A65C5034944C</generatorID>
<ownerDesignName>DBhw3</ownerDesignName>
<use>0</use>
<logicalDatatype>LOGDT019</logicalDatatype>
<domain>CC156D6C-DD91-95E8-7DC3-60ACB58671D3</domain>
<ownDataTypeParameters>,,</ownDataTypeParameters>
<previousColumn>false</previousColumn>
<autoIncrementCycle>false</autoIncrementCycle>
<associations>
<colAssociation fkAssociation="C955096C-E6F1-1A07-4EA8-EE124C51C247" referredColumn="5A252822-4447-DC6C-0D1D-58BF0F9944A2"/>
</associations>
</Column>
<Column name="dName" id="D2420885-1116-3D8B-1AE9-C9DB0418EADB">
<createdBy>10151</createdBy>
<createdTime>2022-10-08 17:43:12 UTC</createdTime>
<generatorID>77554500-364E-FF15-BD02-0F71CE31E901</generatorID>
<ownerDesignName>DBhw3</ownerDesignName>
<use>0</use>
<logicalDatatype>LOGDT025</logicalDatatype>
<domain>7DF8EF8A-CCCB-B4E3-3103-F9D4C766597C</domain>
<ownDataTypeParameters>,,</ownDataTypeParameters>
<previousColumn>false</previousColumn>
<autoIncrementCycle>false</autoIncrementCycle>
<associations>
<colAssociation fkAssociation="4B431E2E-863E-70EE-2A4D-7BD1727688C8" referredColumn="C1633C51-F54A-7C01-2F88-F6434478AF17"/>
</associations>
</Column>
</columns>
<indexes itemClass="oracle.dbtools.crest.model.design.relational.Index">
<ind_PK_UK id="038EEFD3-EDCC-6A6F-FA3A-5632E1E328EA" name="HeadProfessor_PK">
<createdBy>10151</createdBy>
<createdTime>2022-10-08 17:43:12 UTC</createdTime>
<generatorID>3A996CCC-1181-181A-7FCD-4D3219AB92F3</generatorID>
<ownerDesignName>DBhw3</ownerDesignName>
<pk>true</pk>
<indexState>Primary Constraint</indexState>
<isSurrogateKey>false</isSurrogateKey>
<indexColumnUsage>
<colUsage columnID="A27A06EC-6E86-5C6A-D0D8-129A270DBBB1"/>
</indexColumnUsage>
</ind_PK_UK>
<ind_PK_UK id="0D67EA61-D8AE-FF61-A767-341D24B05C65" name="HeadProfessor__IDX">
<createdBy>10151</createdBy>
<createdTime>2022-10-08 17:43:12 UTC</createdTime>
<ownerDesignName>DBhw3</ownerDesignName>
<indexState>Unique Plain Index</indexState>
<isSurrogateKey>false</isSurrogateKey>
<relationGeneratorID>AA2B5421-304D-A7E3-6460-27D153C6794A</relationGeneratorID>
<indexColumnUsage>
<colUsage columnID="D2420885-1116-3D8B-1AE9-C9DB0418EADB"/>
</indexColumnUsage>
</ind_PK_UK>
<ind_PK_UK id="C656292F-255A-2762-27D6-467619299F1C" name="head_department">
<createdBy>10151</createdBy>
<createdTime>2022-10-08 17:43:12 UTC</createdTime>
<generatorID>AA2B5421-304D-A7E3-6460-27D153C6794A</generatorID>
<ownerDesignName>DBhw3</ownerDesignName>
<indexState>Foreign Key</indexState>
<isSurrogateKey>false</isSurrogateKey>
<indexColumnUsage>
<colUsage columnID="D2420885-1116-3D8B-1AE9-C9DB0418EADB"/>
</indexColumnUsage>
</ind_PK_UK>
<ind_PK_UK id="3F8FE972-0875-6A45-84CD-FB581D578ACB" name="professor_head">
<createdBy>10151</createdBy>
<createdTime>2022-10-08 17:43:12 UTC</createdTime>
<generatorID>AC50753F-5209-2F74-1375-9AB3CC7C3862</generatorID>
<ownerDesignName>DBhw3</ownerDesignName>
<indexState>Foreign Key</indexState>
<isSurrogateKey>false</isSurrogateKey>
<indexColumnUsage>
<colUsage columnID="A27A06EC-6E86-5C6A-D0D8-129A270DBBB1"/>
</indexColumnUsage>
</ind_PK_UK>
</indexes>
</Table>