<?xml version = '1.0' encoding = 'UTF-8'?>
<Table class="oracle.dbtools.crest.model.design.relational.Table" directorySegmentName="seg_0" id="3C672753-C896-66A9-6438-0451E496AC7F" name="Lecture">
<createdBy>10151</createdBy>
<createdTime>2022-10-08 17:43:12 UTC</createdTime>
<generatorID>C3728B06-B465-3C86-1466-147E3D1DE138</generatorID>
<ownerDesignName>DBhw3</ownerDesignName>
<allowColumnReorder>false</allowColumnReorder>
<existDependencyGenerateInDDl>true</existDependencyGenerateInDDl>
<parsed>true</parsed>
<columns itemClass="oracle.dbtools.crest.model.design.relational.Column">
<Column name="sName" id="408EB36F-8B16-4930-5940-5954B92044E8">
<createdBy>10151</createdBy>
<createdTime>2022-10-08 17:43:12 UTC</createdTime>
<generatorID>23D01532-FC9F-F2A3-0DA6-BCE49349DC5E</generatorID>
<ownerDesignName>DBhw3</ownerDesignName>
<use>0</use>
<logicalDatatype>LOGDT025</logicalDatatype>
<domain>7DF8EF8A-CCCB-B4E3-3103-F9D4C766597C</domain>
<ownDataTypeParameters>,,</ownDataTypeParameters>
<previousColumn>false</previousColumn>
<autoIncrementCycle>false</autoIncrementCycle>
<associations>
<colAssociation fkAssociation="01716F5F-C165-8732-82A8-38CA7916A384" referredColumn="CBA4972F-2BC0-9BA8-8DA5-66390AB4FE50"/>
</associations>
</Column>
<Column name="roomNo" id="E007D37A-055C-E99A-0510-D60D64D3762D">
<createdBy>10151</createdBy>
<createdTime>2022-10-08 17:43:12 UTC</createdTime>
<generatorID>9461D20C-7C9E-0F4C-982A-8FF9863DAD3E</generatorID>
<ownerDesignName>DBhw3</ownerDesignName>
<use>0</use>
<logicalDatatype>LOGDT019</logicalDatatype>
<domain>CC156D6C-DD91-95E8-7DC3-60ACB58671D3</domain>
<ownDataTypeParameters>,,</ownDataTypeParameters>
<previousColumn>false</previousColumn>
<autoIncrementCycle>false</autoIncrementCycle>
<associations>
<colAssociation fkAssociation="1A3D7F62-B53C-10D4-5075-1C18F083B183" referredColumn="D94B0A9A-FE52-02D4-696B-9353A5309F13"/>
</associations>
</Column>
<Column name="bName" id="45C8104E-D4B9-5759-BE9D-6D375FE28948">
<createdBy>10151</createdBy>
<createdTime>2022-10-08 17:43:12 UTC</createdTime>
<generatorID>E7B746D5-77D9-9448-6529-E6BF7CF8FF35</generatorID>
<ownerDesignName>DBhw3</ownerDesignName>
<use>0</use>
<logicalDatatype>LOGDT025</logicalDatatype>
<domain>7DF8EF8A-CCCB-B4E3-3103-F9D4C766597C</domain>
<ownDataTypeParameters>,,</ownDataTypeParameters>
<previousColumn>false</previousColumn>
<autoIncrementCycle>false</autoIncrementCycle>
<associations>
<colAssociation fkAssociation="1A3D7F62-B53C-10D4-5075-1C18F083B183" referredColumn="275D4FDF-D874-42B4-057C-48661E65DF6B"/>
</associations>
</Column>
<Column name="Professor_No" id="AF627D3F-1B7B-F86C-48A3-5B08FDA9E41D">
<createdBy>10151</createdBy>
<createdTime>2022-10-08 17:43:12 UTC</createdTime>
<generatorID>57D903C1-2001-A1ED-786E-17BC62000637</generatorID>
<ownerDesignName>DBhw3</ownerDesignName>
<use>0</use>
<logicalDatatype>LOGDT019</logicalDatatype>
<domain>CC156D6C-DD91-95E8-7DC3-60ACB58671D3</domain>
<ownDataTypeParameters>,,</ownDataTypeParameters>
<previousColumn>false</previousColumn>
<autoIncrementCycle>false</autoIncrementCycle>
<associations>
<colAssociation fkAssociation="EC631B31-A0A7-D2E4-CE4D-22619BAAD392" referredColumn="5A252822-4447-DC6C-0D1D-58BF0F9944A2"/>
</associations>
</Column>
<Column name="ST_ID" id="AD3CAEA8-7207-F0FF-E1EA-96DBEEA1E246">
<createdBy>10151</createdBy>
<createdTime>2022-10-08 17:43:12 UTC</createdTime>
<generatorID>AF24A210-9319-C70A-6E16-B839EAC7AFB6</generatorID>
<ownerDesignName>DBhw3</ownerDesignName>
<use>0</use>
<logicalDatatype>LOGDT019</logicalDatatype>
<domain>CC156D6C-DD91-95E8-7DC3-60ACB58671D3</domain>
<ownDataTypeParameters>,,</ownDataTypeParameters>
<previousColumn>false</previousColumn>
<autoIncrementCycle>false</autoIncrementCycle>
<associations>
<colAssociation fkAssociation="081BFF74-B295-D808-73C5-51A82C84FC02" referredColumn="DF3070A7-3196-C661-ED50-19F9B109B11C"/>
</associations>
</Column>
</columns>
<indexes itemClass="oracle.dbtools.crest.model.design.relational.Index">
<ind_PK_UK id="D9596C1D-17D0-8DBB-4F65-EF3FA4550B9C" name="Lecture_PK">
<createdBy>10151</createdBy>
<createdTime>2022-10-08 17:43:12 UTC</createdTime>
<generatorID>18A5A196-0D91-76DA-B529-5EFF1B46CECD</generatorID>
<ownerDesignName>DBhw3</ownerDesignName>
<pk>true</pk>
<indexState>Primary Constraint</indexState>
<isSurrogateKey>false</isSurrogateKey>
<indexColumnUsage>
<colUsage columnID="408EB36F-8B16-4930-5940-5954B92044E8"/>
</indexColumnUsage>
</ind_PK_UK>
<ind_PK_UK id="EF3B6DAD-6265-C98F-08C0-8390580695C6" name="learn">
<createdBy>10151</createdBy>
<createdTime>2022-10-08 17:43:12 UTC</createdTime>
<generatorID>C86E655D-D885-A60E-1CED-A0572BD36B84</generatorID>
<ownerDesignName>DBhw3</ownerDesignName>
<indexState>Foreign Key</indexState>
<isSurrogateKey>false</isSurrogateKey>
<indexColumnUsage>
<colUsage columnID="AD3CAEA8-7207-F0FF-E1EA-96DBEEA1E246"/>
</indexColumnUsage>
</ind_PK_UK>
<ind_PK_UK id="FDC99B7F-81FC-D32E-7B5E-72323DAC407A" name="learning_room">
<createdBy>10151</createdBy>
<createdTime>2022-10-08 17:43:12 UTC</createdTime>
<generatorID>9E888931-2615-55B8-C635-0A3693A0D63E</generatorID>
<ownerDesignName>DBhw3</ownerDesignName>
<indexState>Foreign Key</indexState>
<isSurrogateKey>false</isSurrogateKey>
<indexColumnUsage>
<colUsage columnID="E007D37A-055C-E99A-0510-D60D64D3762D"/>
<colUsage columnID="45C8104E-D4B9-5759-BE9D-6D375FE28948"/>
</indexColumnUsage>
</ind_PK_UK>
<ind_PK_UK id="1309544D-469F-C648-2FBA-C07F5C5B0382" name="s_to_L">
<createdBy>10151</createdBy>
<createdTime>2022-10-08 17:43:12 UTC</createdTime>
<generatorID>A7AAA9CD-6AE5-C2F9-FB14-A5F4C468AE22</generatorID>
<ownerDesignName>DBhw3</ownerDesignName>
<indexState>Foreign Key</indexState>
<isSurrogateKey>false</isSurrogateKey>
<indexColumnUsage>
<colUsage columnID="408EB36F-8B16-4930-5940-5954B92044E8"/>
</indexColumnUsage>
</ind_PK_UK>
<ind_PK_UK id="AA3BC0F8-9D57-3A9E-E539-8FBABB7E1A32" name="teach">
<createdBy>10151</createdBy>
<createdTime>2022-10-08 17:43:12 UTC</createdTime>
<generatorID>E5D06A80-2F3D-074C-6512-3CCC0818F916</generatorID>
<ownerDesignName>DBhw3</ownerDesignName>
<indexState>Foreign Key</indexState>
<isSurrogateKey>false</isSurrogateKey>
<indexColumnUsage>
<colUsage columnID="AF627D3F-1B7B-F86C-48A3-5B08FDA9E41D"/>
</indexColumnUsage>
</ind_PK_UK>
</indexes>
</Table>