<?xml version = '1.0' encoding = 'UTF-8'?>
<Table class="oracle.dbtools.crest.model.design.relational.Table" directorySegmentName="seg_0" id="425CE09A-1224-9958-47D3-14E441B22719" name="Subject">
<createdBy>10151</createdBy>
<createdTime>2022-10-08 17:43:12 UTC</createdTime>
<generatorID>7F406B4C-F18B-A2A5-2620-405EF27D949D</generatorID>
<ownerDesignName>DBhw3</ownerDesignName>
<allowColumnReorder>false</allowColumnReorder>
<existDependencyGenerateInDDl>true</existDependencyGenerateInDDl>
<parsed>true</parsed>
<columns itemClass="oracle.dbtools.crest.model.design.relational.Column">
<Column name="name" id="CBA4972F-2BC0-9BA8-8DA5-66390AB4FE50">
<createdBy>10151</createdBy>
<createdTime>2022-10-08 17:43:12 UTC</createdTime>
<generatorID>DCF6B826-A171-AA06-E946-9F5CCA74D355</generatorID>
<ownerDesignName>DBhw3</ownerDesignName>
<use>0</use>
<logicalDatatype>LOGDT025</logicalDatatype>
<domain>7DF8EF8A-CCCB-B4E3-3103-F9D4C766597C</domain>
<ownDataTypeParameters>,,</ownDataTypeParameters>
<autoIncrementCycle>false</autoIncrementCycle>
</Column>
<Column name="grades" id="19E657AC-BDAD-35AE-9862-3560D15C98B2">
<createdBy>10151</createdBy>
<createdTime>2022-10-08 17:43:12 UTC</createdTime>
<generatorID>C9475B06-91E0-83CC-C2C5-F0178A377170</generatorID>
<ownerDesignName>DBhw3</ownerDesignName>
<nullsAllowed>true</nullsAllowed>
<use>0</use>
<logicalDatatype>LOGDT019</logicalDatatype>
<domain>154CA8CA-DE2E-4582-2360-BDA5BFB13230</domain>
<ownDataTypeParameters>,,</ownDataTypeParameters>
<autoIncrementCycle>false</autoIncrementCycle>
</Column>
<Column name="assistant_no" id="70806E81-55D3-8BCA-808A-BB57F49EC93F">
<createdBy>10151</createdBy>
<createdTime>2022-10-08 17:43:12 UTC</createdTime>
<generatorID>35C0B814-BC7D-207B-2220-76BFCEB48229</generatorID>
<ownerDesignName>DBhw3</ownerDesignName>
<use>0</use>
<logicalDatatype>LOGDT019</logicalDatatype>
<domain>CC156D6C-DD91-95E8-7DC3-60ACB58671D3</domain>
<ownDataTypeParameters>,,</ownDataTypeParameters>
<previousColumn>false</previousColumn>
<autoIncrementCycle>false</autoIncrementCycle>
<associations>
<colAssociation fkAssociation="D57B1583-257F-6C54-1C05-82BBBBFBF70B" referredColumn="81EA5AFD-9F09-FC83-068F-931C366AE979"/>
</associations>
</Column>
</columns>
<indexes itemClass="oracle.dbtools.crest.model.design.relational.Index">
<ind_PK_UK id="196DB163-EF96-2389-2CE8-5C84C46CCC68" name="Subject_PK">
<createdBy>10151</createdBy>
<createdTime>2022-10-08 17:43:12 UTC</createdTime>
<generatorID>9F6B4822-1015-E3E1-F108-1C65B77CB484</generatorID>
<ownerDesignName>DBhw3</ownerDesignName>
<pk>true</pk>
<indexState>Primary Constraint</indexState>
<isSurrogateKey>false</isSurrogateKey>
<indexColumnUsage>
<colUsage columnID="CBA4972F-2BC0-9BA8-8DA5-66390AB4FE50"/>
</indexColumnUsage>
</ind_PK_UK>
<ind_PK_UK id="1E9070F2-0ED4-05A2-95EF-67431532536F" name="Subject__IDX">
<createdBy>10151</createdBy>
<createdTime>2022-10-08 17:43:12 UTC</createdTime>
<ownerDesignName>DBhw3</ownerDesignName>
<indexState>Unique Plain Index</indexState>
<isSurrogateKey>false</isSurrogateKey>
<relationGeneratorID>3CB001BB-AA0D-4A0D-DA1C-8159E3E0B4D3</relationGeneratorID>
<indexColumnUsage>
<colUsage columnID="70806E81-55D3-8BCA-808A-BB57F49EC93F"/>
</indexColumnUsage>
</ind_PK_UK>
<ind_PK_UK id="915C9548-86BA-6BC0-1256-555121B0A092" name="assistant_to_subject">
<createdBy>10151</createdBy>
<createdTime>2022-10-08 17:43:12 UTC</createdTime>
<generatorID>3CB001BB-AA0D-4A0D-DA1C-8159E3E0B4D3</generatorID>
<ownerDesignName>DBhw3</ownerDesignName>
<indexState>Foreign Key</indexState>
<isSurrogateKey>false</isSurrogateKey>
<indexColumnUsage>
<colUsage columnID="70806E81-55D3-8BCA-808A-BB57F49EC93F"/>
</indexColumnUsage>
</ind_PK_UK>
</indexes>
</Table>