<?xml version = '1.0' encoding = 'UTF-8'?>
<Table class="oracle.dbtools.crest.model.design.relational.Table" directorySegmentName="seg_0" id="497FC1AD-F34F-042B-1ED0-013BA2435B8B" name="Time">
<createdBy>10151</createdBy>
<createdTime>2022-10-08 17:43:12 UTC</createdTime>
<ownerDesignName>DBhw3</ownerDesignName>
<allowColumnReorder>false</allowColumnReorder>
<existDependencyGenerateInDDl>true</existDependencyGenerateInDDl>
<parsed>true</parsed>
<columns itemClass="oracle.dbtools.crest.model.design.relational.Column">
<Column name="learning_time" id="4AA093F5-AF1E-B6EF-6C41-CB77BC03FFFE">
<createdBy>10151</createdBy>
<createdTime>2022-10-08 17:43:12 UTC</createdTime>
<ownerDesignName>DBhw3</ownerDesignName>
<use>0</use>
<logicalDatatype>LOGDT019</logicalDatatype>
<domain>DCF42633-0672-2FF8-33DB-84F5B3DC2D57</domain>
<ownDataTypeParameters>,,</ownDataTypeParameters>
<previousColumn>false</previousColumn>
<autoIncrementCycle>false</autoIncrementCycle>
<listOfRanges>
<rangeDef class="oracle.dbtools.crest.model.design.constraint.AVT">
<beginValue>1</beginValue>
<endValue>10</endValue>
</rangeDef>
</listOfRanges>
<associations>
<colAssociation fkAssociation="1594FBA3-9C42-3CBC-A9D5-78B597FA90F4" referredColumn="061FCF6A-779A-0C7A-16E7-D0C95418EB05"/>
</associations>
</Column>
<Column name="learning_date" id="2D491A2A-5565-3668-FA05-7F290A986F36">
<createdBy>10151</createdBy>
<createdTime>2022-10-08 17:43:12 UTC</createdTime>
<ownerDesignName>DBhw3</ownerDesignName>
<use>0</use>
<logicalDatatype>LOGDT025</logicalDatatype>
<domain>9B935678-C1E8-458F-E701-1319E3B61C4C</domain>
<ownDataTypeParameters>,,</ownDataTypeParameters>
<previousColumn>false</previousColumn>
<autoIncrementCycle>false</autoIncrementCycle>
<associations>
<colAssociation fkAssociation="1594FBA3-9C42-3CBC-A9D5-78B597FA90F4" referredColumn="15F5ABEF-5A74-9BF4-9431-D1F5F1831A2E"/>
</associations>
</Column>
<Column name="learning_sName" id="A38AE743-558F-C81F-9A8A-20389729290C">
<createdBy>10151</createdBy>
<createdTime>2022-10-08 17:43:12 UTC</createdTime>
<ownerDesignName>DBhw3</ownerDesignName>
<use>0</use>
<logicalDatatype>LOGDT025</logicalDatatype>
<domain>7DF8EF8A-CCCB-B4E3-3103-F9D4C766597C</domain>
<ownDataTypeParameters>,,</ownDataTypeParameters>
<previousColumn>false</previousColumn>
<autoIncrementCycle>false</autoIncrementCycle>
<associations>
<colAssociation fkAssociation="803D6195-99BB-4C6D-44C1-D01E1AE85431" referredColumn="408EB36F-8B16-4930-5940-5954B92044E8"/>
</associations>
</Column>
</columns>
<indexes itemClass="oracle.dbtools.crest.model.design.relational.Index">
<ind_PK_UK id="76451BF0-CCFB-992F-AA02-EF3A9F1E29EA" name="Time_PK">
<createdBy>10151</createdBy>
<createdTime>2022-10-08 17:43:12 UTC</createdTime>
<ownerDesignName>DBhw3</ownerDesignName>
<pk>true</pk>
<indexState>Primary Constraint</indexState>
<isSurrogateKey>false</isSurrogateKey>
<indexColumnUsage>
<colUsage columnID="4AA093F5-AF1E-B6EF-6C41-CB77BC03FFFE"/>
<colUsage columnID="2D491A2A-5565-3668-FA05-7F290A986F36"/>
<colUsage columnID="A38AE743-558F-C81F-9A8A-20389729290C"/>
</indexColumnUsage>
</ind_PK_UK>
<ind_PK_UK id="96B26002-58E8-CBEB-2110-13649E388377" name="Time_Lecture_time_FK">
<createdBy>10151</createdBy>
<createdTime>2022-10-08 17:43:12 UTC</createdTime>
<generatorID>8AD8D807-DC9A-2A88-7143-A6D7E9913D17</generatorID>
<ownerDesignName>DBhw3</ownerDesignName>
<indexState>Foreign Key</indexState>
<isSurrogateKey>false</isSurrogateKey>
<indexColumnUsage>
<colUsage columnID="4AA093F5-AF1E-B6EF-6C41-CB77BC03FFFE"/>
<colUsage columnID="2D491A2A-5565-3668-FA05-7F290A986F36"/>
</indexColumnUsage>
</ind_PK_UK>
<ind_PK_UK id="BC82FA01-6B5B-339C-F461-4E30EC2632F6" name="Time_Lecture_FK">
<createdBy>10151</createdBy>
<createdTime>2022-10-08 17:43:12 UTC</createdTime>
<generatorID>8AD8D807-DC9A-2A88-7143-A6D7E9913D17</generatorID>
<ownerDesignName>DBhw3</ownerDesignName>
<indexState>Foreign Key</indexState>
<isSurrogateKey>false</isSurrogateKey>
<indexColumnUsage>
<colUsage columnID="A38AE743-558F-C81F-9A8A-20389729290C"/>
</indexColumnUsage>
</ind_PK_UK>
</indexes>
</Table>