<?xml version = '1.0' encoding = 'UTF-8'?>
<Table class="oracle.dbtools.crest.model.design.relational.Table" directorySegmentName="seg_0" id="4FF178C3-1C60-4402-387A-CB770817FA5B" name="responsibility">
<createdBy>10151</createdBy>
<createdTime>2022-10-08 17:43:12 UTC</createdTime>
<ownerDesignName>DBhw3</ownerDesignName>
<allowColumnReorder>false</allowColumnReorder>
<existDependencyGenerateInDDl>true</existDependencyGenerateInDDl>
<parsed>true</parsed>
<columns itemClass="oracle.dbtools.crest.model.design.relational.Column">
<Column name="teaching_proNo" id="E9FF13F0-6A1C-A250-9781-D94D038C9B01">
<createdBy>10151</createdBy>
<createdTime>2022-10-08 17:43:12 UTC</createdTime>
<ownerDesignName>DBhw3</ownerDesignName>
<use>0</use>
<logicalDatatype>LOGDT019</logicalDatatype>
<domain>CC156D6C-DD91-95E8-7DC3-60ACB58671D3</domain>
<ownDataTypeParameters>,,</ownDataTypeParameters>
<previousColumn>false</previousColumn>
<autoIncrementCycle>false</autoIncrementCycle>
<associations>
<colAssociation fkAssociation="C43B143A-5380-ABB5-C1DE-27464C1367FE" referredColumn="5A252822-4447-DC6C-0D1D-58BF0F9944A2"/>
</associations>
</Column>
<Column name="teaching_sName" id="615F3ECD-C53C-78B1-18D7-908A94CA23CE">
<createdBy>10151</createdBy>
<createdTime>2022-10-08 17:43:12 UTC</createdTime>
<ownerDesignName>DBhw3</ownerDesignName>
<use>0</use>
<logicalDatatype>LOGDT025</logicalDatatype>
<domain>7DF8EF8A-CCCB-B4E3-3103-F9D4C766597C</domain>
<ownDataTypeParameters>,,</ownDataTypeParameters>
<previousColumn>false</previousColumn>
<autoIncrementCycle>false</autoIncrementCycle>
<associations>
<colAssociation fkAssociation="B73EFF5D-2559-80BF-92DB-70A2F561DE58" referredColumn="CBA4972F-2BC0-9BA8-8DA5-66390AB4FE50"/>
</associations>
</Column>
</columns>
<indexes itemClass="oracle.dbtools.crest.model.design.relational.Index">
<ind_PK_UK id="D18DCF30-1A8D-3801-DCC7-60606E9DDBF5" name="responsibility_PK">
<createdBy>10151</createdBy>
<createdTime>2022-10-08 17:43:12 UTC</createdTime>
<ownerDesignName>DBhw3</ownerDesignName>
<pk>true</pk>
<indexState>Primary Constraint</indexState>
<isSurrogateKey>false</isSurrogateKey>
<indexColumnUsage>
<colUsage columnID="E9FF13F0-6A1C-A250-9781-D94D038C9B01"/>
<colUsage columnID="615F3ECD-C53C-78B1-18D7-908A94CA23CE"/>
</indexColumnUsage>
</ind_PK_UK>
<ind_PK_UK id="563FD45B-1199-87C6-7827-CEB8F580C63E" name="responsibility_Professor_FK">
<createdBy>10151</createdBy>
<createdTime>2022-10-08 17:43:12 UTC</createdTime>
<generatorID>6A9FF635-81E9-E5D4-46C0-705D5F40D1EC</generatorID>
<ownerDesignName>DBhw3</ownerDesignName>
<indexState>Foreign Key</indexState>
<isSurrogateKey>false</isSurrogateKey>
<indexColumnUsage>
<colUsage columnID="E9FF13F0-6A1C-A250-9781-D94D038C9B01"/>
</indexColumnUsage>
</ind_PK_UK>
<ind_PK_UK id="EE28F5EE-BA14-59C6-798A-A1DB926E99ED" name="responsibility_Subject_FK">
<createdBy>10151</createdBy>
<createdTime>2022-10-08 17:43:12 UTC</createdTime>
<generatorID>6A9FF635-81E9-E5D4-46C0-705D5F40D1EC</generatorID>
<ownerDesignName>DBhw3</ownerDesignName>
<indexState>Foreign Key</indexState>
<isSurrogateKey>false</isSurrogateKey>
<indexColumnUsage>
<colUsage columnID="615F3ECD-C53C-78B1-18D7-908A94CA23CE"/>
</indexColumnUsage>
</ind_PK_UK>
</indexes>
</Table>