<?xml version = '1.0' encoding = 'UTF-8'?>
<Table class="oracle.dbtools.crest.model.design.relational.Table" directorySegmentName="seg_0" id="BEA0C4BD-8F0E-99A3-5B89-5011B8274085" name="assiatant">
<createdBy>10151</createdBy>
<createdTime>2022-10-08 17:43:12 UTC</createdTime>
<generatorID>12E86DF4-18C5-1A8F-7040-B8634FEC867F</generatorID>
<ownerDesignName>DBhw3</ownerDesignName>
<allowColumnReorder>false</allowColumnReorder>
<existDependencyGenerateInDDl>true</existDependencyGenerateInDDl>
<parsed>true</parsed>
<columns itemClass="oracle.dbtools.crest.model.design.relational.Column">
<Column name="aNo" id="81EA5AFD-9F09-FC83-068F-931C366AE979">
<createdBy>10151</createdBy>
<createdTime>2022-10-08 17:43:12 UTC</createdTime>
<generatorID>E4FF581A-6A48-B5B6-96FF-1A6388122541</generatorID>
<ownerDesignName>DBhw3</ownerDesignName>
<use>0</use>
<logicalDatatype>LOGDT019</logicalDatatype>
<domain>CC156D6C-DD91-95E8-7DC3-60ACB58671D3</domain>
<ownDataTypeParameters>,,</ownDataTypeParameters>
<autoIncrementCycle>false</autoIncrementCycle>
</Column>
<Column name="Info" id="367B5AAC-8882-9DA6-EDC7-2490162C534C">
<createdBy>10151</createdBy>
<createdTime>2022-10-08 17:43:12 UTC</createdTime>
<generatorID>67054248-F0F2-4E08-E1B5-4DE6D004A6D4</generatorID>
<ownerDesignName>DBhw3</ownerDesignName>
<nullsAllowed>true</nullsAllowed>
<useDomainConstraints>false</useDomainConstraints>
<use>3</use>
<structuredType>18399519-299C-6112-E225-12903D3F086F</structuredType>
<ownDataTypeParameters>,,</ownDataTypeParameters>
<autoIncrementCycle>false</autoIncrementCycle>
</Column>
<Column name="s_Name" id="B32602C0-7987-3136-AEE5-7C5734EDBC7C">
<createdBy>10151</createdBy>
<createdTime>2022-10-08 17:43:12 UTC</createdTime>
<generatorID>0724B96D-809E-851F-CE76-4DE9B0CA9491</generatorID>
<ownerDesignName>DBhw3</ownerDesignName>
<use>0</use>
<logicalDatatype>LOGDT025</logicalDatatype>
<domain>7DF8EF8A-CCCB-B4E3-3103-F9D4C766597C</domain>
<ownDataTypeParameters>,,</ownDataTypeParameters>
<previousColumn>false</previousColumn>
<autoIncrementCycle>false</autoIncrementCycle>
<associations>
<colAssociation fkAssociation="34A4B79E-9E04-4AB2-CDEE-C54CC8607E06" referredColumn="CBA4972F-2BC0-9BA8-8DA5-66390AB4FE50"/>
</associations>
</Column>
<Column name="belong_department" id="BFA1C302-1D6E-AAD1-1BB4-D3846D977D2B">
<createdBy>10151</createdBy>
<createdTime>2022-10-08 17:43:12 UTC</createdTime>
<generatorID>5D29A46D-4112-B037-3A0B-7E48D8003266</generatorID>
<ownerDesignName>DBhw3</ownerDesignName>
<use>0</use>
<logicalDatatype>LOGDT025</logicalDatatype>
<domain>7DF8EF8A-CCCB-B4E3-3103-F9D4C766597C</domain>
<ownDataTypeParameters>,,</ownDataTypeParameters>
<previousColumn>false</previousColumn>
<autoIncrementCycle>false</autoIncrementCycle>
<associations>
<colAssociation fkAssociation="7DCC72B3-98E5-1D68-2020-1743D4DA31FF" referredColumn="C1633C51-F54A-7C01-2F88-F6434478AF17"/>
</associations>
</Column>
</columns>
<nestedColumns itemClass="oracle.dbtools.crest.model.design.relational.Column">
<nestedColumn name="Info.name" id="C980C9BC-2EDF-BDB9-B388-514E7EF866B3">
<createdBy>10151</createdBy>
<createdTime>2022-10-08 17:43:12 UTC</createdTime>
<generatorID>1B91A6EC-25E8-D8DF-7777-94ECED636AF7</generatorID>
<ownerDesignName>DBhw3</ownerDesignName>
<nullsAllowed>true</nullsAllowed>
<parentObject>367B5AAC-8882-9DA6-EDC7-2490162C534C</parentObject>
<structAttributeID>AC472BD3-73AE-9173-8D84-8609A2FA66FD</structAttributeID>
<use>0</use>
<logicalDatatype>LOGDT025</logicalDatatype>
<dataTypeSize>30</dataTypeSize>
<domain>7DF8EF8A-CCCB-B4E3-3103-F9D4C766597C</domain>
<ownDataTypeParameters>30,,</ownDataTypeParameters>
<autoIncrementCycle>false</autoIncrementCycle>
</nestedColumn>
<nestedColumn name="Info.home_address" id="94574961-6821-43DD-571A-EC71D32026A5">
<createdBy>10151</createdBy>
<createdTime>2022-10-08 17:43:12 UTC</createdTime>
<generatorID>F9EFDD18-2461-0639-9D66-762917F27D11</generatorID>
<ownerDesignName>DBhw3</ownerDesignName>
<nullsAllowed>true</nullsAllowed>
<parentObject>367B5AAC-8882-9DA6-EDC7-2490162C534C</parentObject>
<structAttributeID>EB71E758-32D1-708B-D272-19C33C7746A2</structAttributeID>
<use>0</use>
<logicalDatatype>LOGDT024</logicalDatatype>
<dataTypeSize>255</dataTypeSize>
<domain>179C8B52-4E13-3A5B-4954-C2F3631B29B3</domain>
<ownDataTypeParameters>255,,</ownDataTypeParameters>
<autoIncrementCycle>false</autoIncrementCycle>
</nestedColumn>
<nestedColumn name="Info.callNo" id="E5C1E9DD-70AC-CEEA-B845-1161B969E59B">
<createdBy>10151</createdBy>
<createdTime>2022-10-08 17:43:12 UTC</createdTime>
<generatorID>43259EE4-A4CC-393A-CC6A-24449671C1FD</generatorID>
<ownerDesignName>DBhw3</ownerDesignName>
<nullsAllowed>true</nullsAllowed>
<parentObject>367B5AAC-8882-9DA6-EDC7-2490162C534C</parentObject>
<structAttributeID>127922C6-EB3C-69BB-09CF-691D40E5372E</structAttributeID>
<useDomainConstraints>false</useDomainConstraints>
<use>3</use>
<structuredType>57E2FCB8-0078-E14A-8CAD-B746FEC82054</structuredType>
<ownDataTypeParameters>,,</ownDataTypeParameters>
<autoIncrementCycle>false</autoIncrementCycle>
</nestedColumn>
<nestedColumn name="Info.callNo.phoneno" id="C0D1A7AB-8933-170F-3378-B5CC218AF6F8">
<createdBy>10151</createdBy>
<createdTime>2022-10-08 17:43:12 UTC</createdTime>
<generatorID>8ED41A74-C2BC-1234-8BA9-4F65D7BD5D83</generatorID>
<ownerDesignName>DBhw3</ownerDesignName>
<nullsAllowed>true</nullsAllowed>
<parentObject>E5C1E9DD-70AC-CEEA-B845-1161B969E59B</parentObject>
<structAttributeID>3F0E51B4-34EF-C538-5998-90C29DA4564D</structAttributeID>
<use>0</use>
<logicalDatatype>LOGDT025</logicalDatatype>
<dataTypeSize>13</dataTypeSize>
<domain>34687D4A-E842-786D-6682-BEE0EBE91E67</domain>
<ownDataTypeParameters>13,,</ownDataTypeParameters>
<autoIncrementCycle>false</autoIncrementCycle>
</nestedColumn>
<nestedColumn name="Info.callNo.homeno" id="D09E7C0D-5FDE-C500-0EC4-0B5F46AAFAE5">
<createdBy>10151</createdBy>
<createdTime>2022-10-08 17:43:12 UTC</createdTime>
<generatorID>67FBAA6B-D5E8-5BA5-0EA3-B281B269A7DA</generatorID>
<ownerDesignName>DBhw3</ownerDesignName>
<nullsAllowed>true</nullsAllowed>
<parentObject>E5C1E9DD-70AC-CEEA-B845-1161B969E59B</parentObject>
<structAttributeID>A017179B-9521-CDF6-E380-9ADF32A87D52</structAttributeID>
<use>0</use>
<logicalDatatype>LOGDT025</logicalDatatype>
<dataTypeSize>13</dataTypeSize>
<domain>4430E4CB-67B0-B78D-958C-8CB137EE0380</domain>
<ownDataTypeParameters>13,,</ownDataTypeParameters>
<autoIncrementCycle>false</autoIncrementCycle>
</nestedColumn>
<nestedColumn name="Info.callNo.workplaceno" id="0D7572E0-245A-05C4-CF1C-14E10E536F23">
<createdBy>10151</createdBy>
<createdTime>2022-10-08 17:43:12 UTC</createdTime>
<generatorID>F8F735F0-0D0B-3799-3A84-F027AAF0490B</generatorID>
<ownerDesignName>DBhw3</ownerDesignName>
<nullsAllowed>true</nullsAllowed>
<parentObject>E5C1E9DD-70AC-CEEA-B845-1161B969E59B</parentObject>
<structAttributeID>1E16AD42-AF1F-18BC-A0E0-CE34D597FBA9</structAttributeID>
<use>0</use>
<logicalDatatype>LOGDT025</logicalDatatype>
<dataTypeSize>13</dataTypeSize>
<domain>5D9783D4-DD43-F17A-F7A6-FCD18043568A</domain>
<ownDataTypeParameters>13,,</ownDataTypeParameters>
<autoIncrementCycle>false</autoIncrementCycle>
</nestedColumn>
</nestedColumns>
<indexes itemClass="oracle.dbtools.crest.model.design.relational.Index">
<ind_PK_UK id="36F7A65B-517E-6ADA-3C72-69AEF52EABF6" name="assiatant_PK">
<createdBy>10151</createdBy>
<createdTime>2022-10-08 17:43:12 UTC</createdTime>
<generatorID>B21DC276-49A8-D190-E6A6-EFD8C584571B</generatorID>
<ownerDesignName>DBhw3</ownerDesignName>
<pk>true</pk>
<indexState>Primary Constraint</indexState>
<isSurrogateKey>false</isSurrogateKey>
<indexColumnUsage>
<colUsage columnID="81EA5AFD-9F09-FC83-068F-931C366AE979"/>
</indexColumnUsage>
</ind_PK_UK>
<ind_PK_UK id="E9FE8588-B5D4-9B8C-AEB3-1C956BDA4E80" name="assiatant__IDX">
<createdBy>10151</createdBy>
<createdTime>2022-10-08 17:43:12 UTC</createdTime>
<ownerDesignName>DBhw3</ownerDesignName>
<indexState>Unique Plain Index</indexState>
<isSurrogateKey>false</isSurrogateKey>
<relationGeneratorID>3CB001BB-AA0D-4A0D-DA1C-8159E3E0B4D3</relationGeneratorID>
<indexColumnUsage>
<colUsage columnID="B32602C0-7987-3136-AEE5-7C5734EDBC7C"/>
</indexColumnUsage>
</ind_PK_UK>
<ind_PK_UK id="7BEFBFBD-47E3-36A5-3A2D-D2EFF51A6C0E" name="assistant_to_subjectv1">
<createdBy>10151</createdBy>
<createdTime>2022-10-08 17:43:12 UTC</createdTime>
<generatorID>3CB001BB-AA0D-4A0D-DA1C-8159E3E0B4D3</generatorID>
<ownerDesignName>DBhw3</ownerDesignName>
<indexState>Foreign Key</indexState>
<isSurrogateKey>false</isSurrogateKey>
<indexColumnUsage>
<colUsage columnID="B32602C0-7987-3136-AEE5-7C5734EDBC7C"/>
</indexColumnUsage>
</ind_PK_UK>
<ind_PK_UK id="7D4DEB26-CDE6-6549-B4AE-A57D64211255" name="belong_assistant">
<createdBy>10151</createdBy>
<createdTime>2022-10-08 17:43:12 UTC</createdTime>
<generatorID>8E6231DD-F858-8A7B-7D4B-39C4BA8DF5BA</generatorID>
<ownerDesignName>DBhw3</ownerDesignName>
<indexState>Foreign Key</indexState>
<isSurrogateKey>false</isSurrogateKey>
<indexColumnUsage>
<colUsage columnID="BFA1C302-1D6E-AAD1-1BB4-D3846D977D2B"/>
</indexColumnUsage>
</ind_PK_UK>
</indexes>
</Table>