<?xml version = '1.0' encoding = 'UTF-8'?>
<Diagram class="oracle.dbtools.crest.swingui.relational.DPVRelational" name="Relational_1" id="16D33F58-E370-92E3-1736-1DEEDAB15EBC">
<createdBy>10151</createdBy>
<modifiedBy>10151</modifiedBy>
<createdTime>2022-10-09 10:31:04 UTC</createdTime>
<autoRoute>false</autoRoute>
<boxInbox>true</boxInbox>
<showLegend>false</showLegend>
<showLabels>false</showLabels>
<showRelAttributes>false</showRelAttributes>
<gridEnabled>false</gridEnabled>
<showGrid>false</showGrid>
<diagramColor>-1</diagramColor>
<display>false</display>
<notation>1</notation>
<objectViews>
<OView class="oracle.dbtools.crest.swingui.relational.TVView" oid="0BC70380-EEA3-75B2-16F8-C222681E0B17" otype="View" vid="D325C2B6-8057-07BB-15F4-747C5AF30342">
<hideElementsInCurrentOnly>false</hideElementsInCurrentOnly>
<bounds x="1291" y="200" width="155" height="183"/>
</OView>
<OView class="oracle.dbtools.crest.swingui.relational.TVTable" oid="1C747D0E-86D1-64A5-756F-4F97A227C33D" otype="Table" vid="36EC9350-839B-1C00-9B3F-D637BD9732C6">
<hideElementsInCurrentOnly>false</hideElementsInCurrentOnly>
<bounds x="21" y="326" width="235" height="197"/>
</OView>
<OView class="oracle.dbtools.crest.swingui.relational.TVTable" oid="200A8BDF-D040-72BB-D2CE-01D201BA4217" otype="Table" vid="1C2BF92C-8F7A-77A4-35C8-AEED318257E2">
<hideElementsInCurrentOnly>false</hideElementsInCurrentOnly>
<bounds x="446" y="203" width="376" height="138"/>
</OView>
<OView class="oracle.dbtools.crest.swingui.relational.TVTable" oid="20BF18D0-073C-D287-ED09-2D1AC88E3276" otype="Table" vid="7CC8FA41-0C1A-DB95-2DB8-A9EB43E3786E">
<hideElementsInCurrentOnly>false</hideElementsInCurrentOnly>
<bounds x="931" y="260" width="184" height="204"/>
</OView>
<OView class="oracle.dbtools.crest.swingui.relational.TVTable" oid="49F26556-0306-EEFF-195A-0E346A0B854E" otype="Table" vid="7B601854-AEDA-F5CC-A6B6-31AE3D8C65B0">
<hideElementsInCurrentOnly>false</hideElementsInCurrentOnly>
<bounds x="705" y="24" width="267" height="126"/>
</OView>
<OView class="oracle.dbtools.crest.swingui.relational.TVTable" oid="76D5FD73-81AC-CF51-8215-430D6AADF4D9" otype="Table" vid="4CC59262-1A0E-8880-A77D-E81655491288">
<hideElementsInCurrentOnly>false</hideElementsInCurrentOnly>
<bounds x="43" y="57" width="155" height="105"/>
</OView>
<OView class="oracle.dbtools.crest.swingui.relational.TVTable" oid="88EC634B-63D9-945C-3D67-C79A24B4B4FD" otype="Table" vid="4CC86648-2307-A83A-E769-BEDC82EDA4E6">
<hideElementsInCurrentOnly>false</hideElementsInCurrentOnly>
<bounds x="672" y="266" width="171" height="148"/>
</OView>
<OView class="oracle.dbtools.crest.swingui.relational.TVTable" oid="B469F332-7C6D-B111-DA1A-6BC5D9CADB9B" otype="Table" vid="C2529255-10E1-CEDE-CE28-A527365564DA">
<hideElementsInCurrentOnly>false</hideElementsInCurrentOnly>
<bounds x="334" y="39" width="246" height="214"/>
</OView>
<OView class="oracle.dbtools.crest.swingui.relational.TVTable" oid="B7CF0EF3-9B2E-D647-5A30-9DB58FDF32E8" otype="Table" vid="17599F83-7A10-7FAF-B3E0-BCA3BDB7B3AB">
<hideElementsInCurrentOnly>false</hideElementsInCurrentOnly>
<bounds x="1237" y="619" width="200" height="204"/>
</OView>
<OView class="oracle.dbtools.crest.swingui.relational.TVTable" oid="B8087E31-1912-706F-0296-26F60C04B717" otype="Table" vid="EAF4C3E0-82F5-9A67-C0FB-53E450ACF9C9">
<hideElementsInCurrentOnly>false</hideElementsInCurrentOnly>
<bounds x="1227" y="219" width="225" height="208"/>
</OView>
<OView class="oracle.dbtools.crest.swingui.relational.TVTable" oid="C2366D40-813C-E510-B67B-FC4065E55520" otype="Table" vid="393641F8-80DB-BE08-91A1-F9F6CDC11C79">
<hideElementsInCurrentOnly>false</hideElementsInCurrentOnly>
<bounds x="467" y="620" width="288" height="187"/>
</OView>
<OView class="oracle.dbtools.crest.swingui.relational.TVTable" oid="D6461B20-19BF-9C53-CA30-87B84FBBDB36" otype="Table" vid="1A1FE7B2-1D4D-B8EB-3C6A-21A35AF293D0">
<hideElementsInCurrentOnly>false</hideElementsInCurrentOnly>
<bounds x="345" y="350" width="259" height="189"/>
</OView>
<OView class="oracle.dbtools.crest.swingui.relational.TVView" oid="E1656F57-0755-8063-2F82-00BA350DA85E" otype="View" vid="001C3AD5-E59F-20DD-8B48-5B1A269E6531">
<hideElementsInCurrentOnly>false</hideElementsInCurrentOnly>
<bounds x="1282" y="415" width="160" height="164"/>
</OView>
</objectViews>
<connectors>
<Connector class="oracle.dbtools.crest.swingui.relational.TVFKRelation" oid="020DABD3-C872-AA74-81BB-8FB910297C77" otype="FKIndexAssociation" vid_source="1A1FE7B2-1D4D-B8EB-3C6A-21A35AF293D0" vid_target="EAF4C3E0-82F5-9A67-C0FB-53E450ACF9C9">
<hideElementsInCurrentOnly>false</hideElementsInCurrentOnly>
<backgroundColor>-16777216</backgroundColor>
<lineWidth>1</lineWidth>
<points>
<point x="604" y="505"/>
<point x="1344" y="505"/>
<point x="1344" y="427"/>
</points>
</Connector>
<Connector class="oracle.dbtools.crest.swingui.relational.TVFKRelation" oid="10E603DF-FA40-E875-D18B-0DD04980C673" otype="FKIndexAssociation" vid_source="36EC9350-839B-1C00-9B3F-D637BD9732C6" vid_target="C2529255-10E1-CEDE-CE28-A527365564DA">
<hideElementsInCurrentOnly>false</hideElementsInCurrentOnly>
<backgroundColor>-16777216</backgroundColor>
<lineWidth>1</lineWidth>
<points>
<point x="192" y="326"/>
<point x="192" y="213"/>
<point x="334" y="213"/>
</points>
</Connector>
<Connector class="oracle.dbtools.crest.swingui.relational.TVFKRelation" oid="1B3BCF2D-D53F-9314-827C-5FA09CA27FA0" otype="FKIndexAssociation" vid_source="EAF4C3E0-82F5-9A67-C0FB-53E450ACF9C9" vid_target="7CC8FA41-0C1A-DB95-2DB8-A9EB43E3786E">
<hideElementsInCurrentOnly>false</hideElementsInCurrentOnly>
<backgroundColor>-16777216</backgroundColor>
<lineWidth>1</lineWidth>
<points>
<point x="1227" y="343"/>
<point x="1115" y="358"/>
</points>
</Connector>
<Connector class="oracle.dbtools.crest.swingui.relational.TVFKRelation" oid="40CA1023-ABCA-31DF-7B4A-932BD5EED559" otype="FKIndexAssociation" vid_source="7CC8FA41-0C1A-DB95-2DB8-A9EB43E3786E" vid_target="1C2BF92C-8F7A-77A4-35C8-AEED318257E2">
<hideElementsInCurrentOnly>false</hideElementsInCurrentOnly>
<backgroundColor>-16777216</backgroundColor>
<lineWidth>1</lineWidth>
<points>
<point x="931" y="464"/>
<point x="812" y="341"/>
</points>
</Connector>
<Connector class="oracle.dbtools.crest.swingui.relational.TVFKRelation" oid="437A1A5D-562A-3866-1109-5E65CFBF32B7" otype="FKIndexAssociation" vid_source="36EC9350-839B-1C00-9B3F-D637BD9732C6" vid_target="1A1FE7B2-1D4D-B8EB-3C6A-21A35AF293D0">
<hideElementsInCurrentOnly>false</hideElementsInCurrentOnly>
<backgroundColor>-16777216</backgroundColor>
<lineWidth>1</lineWidth>
<points>
<point x="256" y="436"/>
<point x="345" y="436"/>
</points>
</Connector>
<Connector class="oracle.dbtools.crest.swingui.relational.TVFKRelation" oid="5CDA9A09-BD28-631E-D95B-32702B78E914" otype="FKIndexAssociation" vid_source="17599F83-7A10-7FAF-B3E0-BCA3BDB7B3AB" vid_target="7CC8FA41-0C1A-DB95-2DB8-A9EB43E3786E">
<hideElementsInCurrentOnly>false</hideElementsInCurrentOnly>
<backgroundColor>-16777216</backgroundColor>
<lineWidth>1</lineWidth>
<points>
<point x="1237" y="734"/>
<point x="1097" y="464"/>
</points>
</Connector>
<Connector class="oracle.dbtools.crest.swingui.relational.TVFKRelation" oid="6A0B966A-5A13-5AA1-76B9-C97ED2171492" otype="FKIndexAssociation" vid_source="4CC86648-2307-A83A-E769-BEDC82EDA4E6" vid_target="1C2BF92C-8F7A-77A4-35C8-AEED318257E2">
<hideElementsInCurrentOnly>false</hideElementsInCurrentOnly>
<backgroundColor>-16777216</backgroundColor>
<lineWidth>1</lineWidth>
<points>
<point x="407" y="329"/>
<point x="446" y="329"/>
</points>
</Connector>
<Connector class="oracle.dbtools.crest.swingui.relational.TVFKRelation" oid="7A6518E3-D069-6F1C-8434-8306FCDC9B81" otype="FKIndexAssociation" vid_source="36EC9350-839B-1C00-9B3F-D637BD9732C6" vid_target="4CC59262-1A0E-8880-A77D-E81655491288">
<hideElementsInCurrentOnly>false</hideElementsInCurrentOnly>
<backgroundColor>-16777216</backgroundColor>
<lineWidth>1</lineWidth>
<points>
<point x="120" y="326"/>
<point x="120" y="162"/>
</points>
</Connector>
<Connector class="oracle.dbtools.crest.swingui.relational.TVFKRelation" oid="89081F01-2617-FEBF-2917-5AC9051CD502" otype="FKIndexAssociation" vid_source="393641F8-80DB-BE08-91A1-F9F6CDC11C79" vid_target="7CC8FA41-0C1A-DB95-2DB8-A9EB43E3786E">
<hideElementsInCurrentOnly>false</hideElementsInCurrentOnly>
<backgroundColor>-16777216</backgroundColor>
<lineWidth>1</lineWidth>
<points>
<point x="755" y="738"/>
<point x="931" y="440"/>
</points>
</Connector>
<Connector class="oracle.dbtools.crest.swingui.relational.TVFKRelation" oid="928224FD-AE8C-ACE7-1635-C1D99365CC96" otype="FKIndexAssociation" vid_source="36EC9350-839B-1C00-9B3F-D637BD9732C6" vid_target="393641F8-80DB-BE08-91A1-F9F6CDC11C79">
<hideElementsInCurrentOnly>false</hideElementsInCurrentOnly>
<backgroundColor>-16777216</backgroundColor>
<lineWidth>1</lineWidth>
<points>
<point x="190" y="523"/>
<point x="190" y="700"/>
<point x="467" y="700"/>
</points>
</Connector>
<Connector class="oracle.dbtools.crest.swingui.relational.TVFKRelation" oid="9B13D642-F639-D55E-DFFE-29C9F3F7A681" otype="FKIndexAssociation" vid_source="C2529255-10E1-CEDE-CE28-A527365564DA" vid_target="4CC59262-1A0E-8880-A77D-E81655491288">
<hideElementsInCurrentOnly>false</hideElementsInCurrentOnly>
<backgroundColor>-16777216</backgroundColor>
<lineWidth>1</lineWidth>
<points>
<point x="334" y="109"/>
<point x="198" y="109"/>
</points>
</Connector>
<Connector class="oracle.dbtools.crest.swingui.relational.TVFKRelation" oid="C12440D6-06C3-00F2-321B-2B7F8D2F8BFD" otype="FKIndexAssociation" vid_source="C2529255-10E1-CEDE-CE28-A527365564DA" vid_target="7CC8FA41-0C1A-DB95-2DB8-A9EB43E3786E">
<hideElementsInCurrentOnly>false</hideElementsInCurrentOnly>
<backgroundColor>-16777216</backgroundColor>
<lineWidth>1</lineWidth>
<points>
<point x="580" y="176"/>
<point x="931" y="326"/>
</points>
</Connector>
<Connector class="oracle.dbtools.crest.swingui.relational.TVFKRelation" oid="CDB75AE7-4B12-DB0B-1E04-1F4D35422B45" otype="FKIndexAssociation" vid_source="EAF4C3E0-82F5-9A67-C0FB-53E450ACF9C9" vid_target="7B601854-AEDA-F5CC-A6B6-31AE3D8C65B0">
<hideElementsInCurrentOnly>false</hideElementsInCurrentOnly>
<backgroundColor>-16777216</backgroundColor>
<lineWidth>1</lineWidth>
<points>
<point x="1092" y="132"/>
<point x="1092" y="102"/>
<point x="972" y="102"/>
</points>
</Connector>
<Connector class="oracle.dbtools.crest.swingui.relational.TVFKRelation" oid="DBA34913-6B7F-2742-6768-7FCF1792B616" otype="FKIndexAssociation" vid_source="C2529255-10E1-CEDE-CE28-A527365564DA" vid_target="7B601854-AEDA-F5CC-A6B6-31AE3D8C65B0">
<hideElementsInCurrentOnly>false</hideElementsInCurrentOnly>
<backgroundColor>-16777216</backgroundColor>
<lineWidth>1</lineWidth>
<points>
<point x="502" y="39"/>
<point x="705" y="87"/>
</points>
</Connector>
<Connector class="oracle.dbtools.crest.swingui.relational.TVFKRelation" oid="F7147231-EA9C-DD0C-5063-3FC87B8AEEF2" otype="FKIndexAssociation" vid_source="36EC9350-839B-1C00-9B3F-D637BD9732C6" vid_target="393641F8-80DB-BE08-91A1-F9F6CDC11C79">
<hideElementsInCurrentOnly>false</hideElementsInCurrentOnly>
<backgroundColor>-16777216</backgroundColor>
<lineWidth>1</lineWidth>
<points>
<point x="87" y="523"/>
<point x="87" y="775"/>
<point x="467" y="775"/>
</points>
</Connector>
</connectors>
</Diagram>