<?xml version = '1.0' encoding = 'UTF-8'?>
<TableProxyOraclev12c class="oracle.dbtools.crest.model.design.storage.oracle.v12c.TableProxyOraclev12c" name="Address" directorySegmentName="seg_0" id="7FDD8C4D-524B-813B-3135-9EA339A7ECF1">
<createdBy>10151</createdBy>
<createdTime>2022-09-18 08:48:53 UTC</createdTime>
<ownerDesignName>DBhw1</ownerDesignName>
<logging>YES</logging>
<partitionedRowMovement>DISABLE</partitionedRowMovement>
<temporaryChanged>false</temporaryChanged>
<accessDriverType>oracle_loader</accessDriverType>
<rejectLimit></rejectLimit>
<columnProxies itemClass="oracle.dbtools.crest.model.design.storage.oracle.v12c.ColumnProxyOraclev12c">
<ColumnProxy name="sName" id="4AADE3DC-1B7C-07D2-F1E6-1EE87D6627B8">
<createdBy>10151</createdBy>
<createdTime>2022-09-18 08:48:53 UTC</createdTime>
<ownerDesignName>DBhw1</ownerDesignName>
</ColumnProxy>
<ColumnProxy name="address" id="BD960E67-5E05-E1EE-78E3-E678DEA379A5">
<createdBy>10151</createdBy>
<createdTime>2022-09-18 08:48:53 UTC</createdTime>
<ownerDesignName>DBhw1</ownerDesignName>
</ColumnProxy>
</columnProxies>
<foreignKeys>
<ForeignKey class="oracle.dbtools.crest.model.design.storage.oracle.v10g.FKProxyOraclev10g" name="Address_Studio_FK" id="7380F827-CA83-B786-4D00-C15793EF81DE">
<createdBy>10151</createdBy>
<createdTime>2022-09-18 08:48:53 UTC</createdTime>
<ownerDesignName>DBhw1</ownerDesignName>
</ForeignKey>
</foreignKeys>
<primaryKeys>
<PrimaryKey class="oracle.dbtools.crest.model.design.storage.oracle.v10g.PKProxyOraclev10g" name="Address_PK" id="A2A8BC9F-8456-8734-C828-35580B75F692">
<createdBy>10151</createdBy>
<createdTime>2022-09-18 08:48:53 UTC</createdTime>
<ownerDesignName>DBhw1</ownerDesignName>
<indexSort>SORTED</indexSort>
</PrimaryKey>
</primaryKeys>
</TableProxyOraclev12c>