<?xml version = '1.0' encoding = 'UTF-8'?>
<TableProxyOraclev12c class="oracle.dbtools.crest.model.design.storage.oracle.v12c.TableProxyOraclev12c" name="PhoneNo_MVST" directorySegmentName="seg_0" id="846E7653-76C5-398B-E5B4-05296B7A4374">
<createdBy>10151</createdBy>
<createdTime>2022-09-18 08:48:53 UTC</createdTime>
<ownerDesignName>DBhw1</ownerDesignName>
<logging>YES</logging>
<partitionedRowMovement>DISABLE</partitionedRowMovement>
<temporaryChanged>false</temporaryChanged>
<accessDriverType>oracle_loader</accessDriverType>
<rejectLimit></rejectLimit>
<columnProxies itemClass="oracle.dbtools.crest.model.design.storage.oracle.v12c.ColumnProxyOraclev12c">
<ColumnProxy name="msName" id="50631777-90B3-0862-7A1B-BFA01632FC71">
<createdBy>10151</createdBy>
<createdTime>2022-09-18 08:48:53 UTC</createdTime>
<ownerDesignName>DBhw1</ownerDesignName>
</ColumnProxy>
<ColumnProxy name="provider" id="8B929E9D-15D6-3C9D-AE16-2A8E2C8482BC">
<createdBy>10151</createdBy>
<createdTime>2022-09-18 08:48:53 UTC</createdTime>
<ownerDesignName>DBhw1</ownerDesignName>
</ColumnProxy>
<ColumnProxy name="number" id="8E5D70F0-FABB-608D-0CA1-870CDF664B50">
<createdBy>10151</createdBy>
<createdTime>2022-09-18 08:48:53 UTC</createdTime>
<ownerDesignName>DBhw1</ownerDesignName>
</ColumnProxy>
<ColumnProxy name="plan" id="DB3D888A-4864-7871-DCED-3D6A8435AB94">
<createdBy>10151</createdBy>
<createdTime>2022-09-18 08:48:53 UTC</createdTime>
<ownerDesignName>DBhw1</ownerDesignName>
</ColumnProxy>
</columnProxies>
<foreignKeys>
<ForeignKey class="oracle.dbtools.crest.model.design.storage.oracle.v10g.FKProxyOraclev10g" name="PhoneNo_MVST_MovieStar_FK" id="503C53E3-99E3-AE67-D357-DF11B5CE7A3C">
<createdBy>10151</createdBy>
<createdTime>2022-09-18 08:48:53 UTC</createdTime>
<ownerDesignName>DBhw1</ownerDesignName>
</ForeignKey>
</foreignKeys>
<primaryKeys>
<PrimaryKey class="oracle.dbtools.crest.model.design.storage.oracle.v10g.PKProxyOraclev10g" name="PhoneNo_MVST_PK" id="76E5483D-DDD6-BB0E-F389-0919324DA025">
<createdBy>10151</createdBy>
<createdTime>2022-09-18 08:48:53 UTC</createdTime>
<ownerDesignName>DBhw1</ownerDesignName>
<indexSort>SORTED</indexSort>
</PrimaryKey>
</primaryKeys>
</TableProxyOraclev12c>