<?xml version = '1.0' encoding = 'UTF-8'?>
<TableProxyOraclev12c class="oracle.dbtools.crest.model.design.storage.oracle.v12c.TableProxyOraclev12c" name="Studio" directorySegmentName="seg_0" id="88D5FAA9-9374-98FB-6BBF-A7C6FE6CB075">
<createdBy>10151</createdBy>
<createdTime>2022-09-18 06:01:05 UTC</createdTime>
<ownerDesignName>DBhw1</ownerDesignName>
<logging>YES</logging>
<partitionedRowMovement>DISABLE</partitionedRowMovement>
<temporaryChanged>false</temporaryChanged>
<accessDriverType>oracle_loader</accessDriverType>
<rejectLimit></rejectLimit>
<columnProxies itemClass="oracle.dbtools.crest.model.design.storage.oracle.v12c.ColumnProxyOraclev12c">
<ColumnProxy name="presNo" id="4FA2C94D-77EA-00FB-683F-82C44E3D4B88">
<createdBy>10151</createdBy>
<createdTime>2022-09-18 06:01:05 UTC</createdTime>
<ownerDesignName>DBhw1</ownerDesignName>
</ColumnProxy>
<ColumnProxy name="presNo2" id="735C7F68-7393-E232-DD44-4EC7EA6F001B">
<createdBy>10151</createdBy>
<createdTime>2022-09-18 06:15:56 UTC</createdTime>
<ownerDesignName>DBhw1</ownerDesignName>
</ColumnProxy>
<ColumnProxy name="name" id="9CC32139-F197-8CEF-32BF-1083D5750ED3">
<createdBy>10151</createdBy>
<createdTime>2022-09-18 06:01:05 UTC</createdTime>
<ownerDesignName>DBhw1</ownerDesignName>
</ColumnProxy>
<ColumnProxy name="empCount" id="C1362246-FDF2-166D-5BC5-25D213B2F0F5">
<createdBy>10151</createdBy>
<createdTime>2022-09-18 08:48:53 UTC</createdTime>
<ownerDesignName>DBhw1</ownerDesignName>
</ColumnProxy>
<ColumnProxy name="address" id="F0C10DBD-BA53-C4D1-A4DD-971F0645D547">
<createdBy>10151</createdBy>
<createdTime>2022-09-18 06:01:05 UTC</createdTime>
<ownerDesignName>DBhw1</ownerDesignName>
</ColumnProxy>
<ColumnProxy name="certNo" id="F39EE545-289A-78A9-DCEA-54D459AA9DEB">
<createdBy>10151</createdBy>
<createdTime>2022-09-18 08:48:53 UTC</createdTime>
<ownerDesignName>DBhw1</ownerDesignName>
</ColumnProxy>
</columnProxies>
<indexProxies>
<IndexProxy class="oracle.dbtools.crest.model.design.storage.oracle.v10g.IndexProxyOraclev10g" name="Studio__IDX" id="B78D7ED1-9FB1-AE91-A338-9CBD5E671FA8">
<createdBy>10151</createdBy>
<createdTime>2022-09-18 06:15:56 UTC</createdTime>
<ownerDesignName>DBhw1</ownerDesignName>
</IndexProxy>
</indexProxies>
<foreignKeys>
<ForeignKey class="oracle.dbtools.crest.model.design.storage.oracle.v10g.FKProxyOraclev10g" name="Studio_MovieExec_FK" id="22BB2227-3422-0EDA-1990-C9937E603F3D">
<createdBy>10151</createdBy>
<createdTime>2022-09-18 06:15:56 UTC</createdTime>
<ownerDesignName>DBhw1</ownerDesignName>
</ForeignKey>
</foreignKeys>
<primaryKeys>
<PrimaryKey class="oracle.dbtools.crest.model.design.storage.oracle.v10g.PKProxyOraclev10g" name="Studio_PK" id="CE67A736-9455-E3FE-9F8B-CE38890C784E">
<createdBy>10151</createdBy>
<createdTime>2022-09-18 06:01:05 UTC</createdTime>
<ownerDesignName>DBhw1</ownerDesignName>
<indexSort>SORTED</indexSort>
</PrimaryKey>
</primaryKeys>
</TableProxyOraclev12c>