<?xml version = '1.0' encoding = 'UTF-8'?>
<TableProxyOraclev12c class="oracle.dbtools.crest.model.design.storage.oracle.v12c.TableProxyOraclev12c" name="Movie" directorySegmentName="seg_0" id="9A878B79-8481-C2C3-4437-8D665AB53CF6">
<createdBy>10151</createdBy>
<createdTime>2022-09-18 06:01:05 UTC</createdTime>
<ownerDesignName>DBhw1</ownerDesignName>
<logging>YES</logging>
<partitionedRowMovement>DISABLE</partitionedRowMovement>
<temporaryChanged>false</temporaryChanged>
<accessDriverType>oracle_loader</accessDriverType>
<rejectLimit></rejectLimit>
<columnProxies itemClass="oracle.dbtools.crest.model.design.storage.oracle.v12c.ColumnProxyOraclev12c">
<ColumnProxy name="soundName" id="23AE551C-54BF-5F3D-1732-3D7CEA8D4FA6">
<createdBy>10151</createdBy>
<createdTime>2022-09-18 08:48:53 UTC</createdTime>
<ownerDesignName>DBhw1</ownerDesignName>
</ColumnProxy>
<ColumnProxy name="studioName" id="32A5D65E-80DC-EC45-A9B7-6326D6C1FADB">
<createdBy>10151</createdBy>
<createdTime>2022-09-18 06:15:56 UTC</createdTime>
<ownerDesignName>DBhw1</ownerDesignName>
</ColumnProxy>
<ColumnProxy name="producerNo" id="3AD67130-5FBF-663D-BE03-6053F1164DB5">
<createdBy>10151</createdBy>
<createdTime>2022-09-18 06:15:56 UTC</createdTime>
<ownerDesignName>DBhw1</ownerDesignName>
</ColumnProxy>
<ColumnProxy name="directorNo" id="5E7CB2BB-A9EA-7F93-62BA-A7D34FF55BA2">
<createdBy>10151</createdBy>
<createdTime>2022-09-18 08:48:53 UTC</createdTime>
<ownerDesignName>DBhw1</ownerDesignName>
</ColumnProxy>
<ColumnProxy name="title" id="9F381DC5-4EAC-0C69-4A33-C9979402F0BB">
<createdBy>10151</createdBy>
<createdTime>2022-09-18 06:01:05 UTC</createdTime>
<ownerDesignName>DBhw1</ownerDesignName>
</ColumnProxy>
<ColumnProxy name="no" id="B38A0B5F-E8D9-C04A-A6A1-01EDC7C5F9AF">
<createdBy>10151</createdBy>
<createdTime>2022-09-18 06:01:05 UTC</createdTime>
<ownerDesignName>DBhw1</ownerDesignName>
</ColumnProxy>
<ColumnProxy name="inColor" id="CFA9C3C2-07AC-EA4A-2D88-4B2E5F8CED4B">
<createdBy>10151</createdBy>
<createdTime>2022-09-18 06:01:05 UTC</createdTime>
<ownerDesignName>DBhw1</ownerDesignName>
</ColumnProxy>
<ColumnProxy name="length" id="D9B9208D-5725-8431-DA98-609ECE5E73FC">
<createdBy>10151</createdBy>
<createdTime>2022-09-18 06:01:05 UTC</createdTime>
<ownerDesignName>DBhw1</ownerDesignName>
</ColumnProxy>
<ColumnProxy name="year" id="F9996F0B-503B-0F25-9C58-1F938FC995B7">
<createdBy>10151</createdBy>
<createdTime>2022-09-18 06:01:05 UTC</createdTime>
<ownerDesignName>DBhw1</ownerDesignName>
</ColumnProxy>
</columnProxies>
<foreignKeys>
<ForeignKey class="oracle.dbtools.crest.model.design.storage.oracle.v10g.FKProxyOraclev10g" name="Movie_MovieExec_FK" id="086A4397-62F3-B562-B185-31C127ADB492">
<createdBy>10151</createdBy>
<createdTime>2022-09-18 06:15:56 UTC</createdTime>
<ownerDesignName>DBhw1</ownerDesignName>
</ForeignKey>
<ForeignKey class="oracle.dbtools.crest.model.design.storage.oracle.v10g.FKProxyOraclev10g" name="Movie_MovieExec_FKv1" id="14CB615C-FDC3-3F86-18A5-226A458D4EC4">
<createdBy>10151</createdBy>
<createdTime>2022-09-18 08:48:53 UTC</createdTime>
<ownerDesignName>DBhw1</ownerDesignName>
</ForeignKey>
<ForeignKey class="oracle.dbtools.crest.model.design.storage.oracle.v10g.FKProxyOraclev10g" name="Movie_Studio_FK" id="4CCA990B-B653-3B1C-FCD4-710F8146E91A">
<createdBy>10151</createdBy>
<createdTime>2022-09-18 06:15:56 UTC</createdTime>
<ownerDesignName>DBhw1</ownerDesignName>
</ForeignKey>
<ForeignKey class="oracle.dbtools.crest.model.design.storage.oracle.v10g.FKProxyOraclev10g" name="Movie_Studio_FKv1" id="BD4750DF-FD0B-9E16-8562-9C2AA5DC30BF">
<createdBy>10151</createdBy>
<createdTime>2022-09-18 08:48:53 UTC</createdTime>
<ownerDesignName>DBhw1</ownerDesignName>
</ForeignKey>
</foreignKeys>
<primaryKeys>
<PrimaryKey class="oracle.dbtools.crest.model.design.storage.oracle.v10g.PKProxyOraclev10g" name="Movie_PK" id="2DCFEB80-AC3F-3D43-F57D-9B67B4BC3807">
<createdBy>10151</createdBy>
<createdTime>2022-09-18 06:01:05 UTC</createdTime>
<ownerDesignName>DBhw1</ownerDesignName>
<indexSort>SORTED</indexSort>
</PrimaryKey>
</primaryKeys>
</TableProxyOraclev12c>