<?xml version = '1.0' encoding = 'UTF-8'?>
<TableProxyOraclev12c class="oracle.dbtools.crest.model.design.storage.oracle.v12c.TableProxyOraclev12c" name="MovieStar" directorySegmentName="seg_0" id="DF3F5B7F-97C8-7C4B-DE0F-321E834B3D55">
<createdBy>10151</createdBy>
<createdTime>2022-09-18 06:01:05 UTC</createdTime>
<ownerDesignName>DBhw1</ownerDesignName>
<logging>YES</logging>
<partitionedRowMovement>DISABLE</partitionedRowMovement>
<temporaryChanged>false</temporaryChanged>
<accessDriverType>oracle_loader</accessDriverType>
<rejectLimit></rejectLimit>
<columnProxies itemClass="oracle.dbtools.crest.model.design.storage.oracle.v12c.ColumnProxyOraclev12c">
<ColumnProxy name="address" id="3669BFCE-B8AB-4D5C-D27C-1A3179E61C62">
<createdBy>10151</createdBy>
<createdTime>2022-09-18 06:01:05 UTC</createdTime>
<ownerDesignName>DBhw1</ownerDesignName>
</ColumnProxy>
<ColumnProxy name="spouseName" id="5E112F63-689A-51CA-8EC2-598A00D0120B">
<createdBy>10151</createdBy>
<createdTime>2022-09-18 08:48:53 UTC</createdTime>
<ownerDesignName>DBhw1</ownerDesignName>
</ColumnProxy>
<ColumnProxy name="birthdate" id="B0989C7C-CF85-7115-0774-2C052B3294EE">
<createdBy>10151</createdBy>
<createdTime>2022-09-18 06:01:05 UTC</createdTime>
<ownerDesignName>DBhw1</ownerDesignName>
</ColumnProxy>
<ColumnProxy name="gender" id="C9948233-C9DD-4486-0EBC-9B191E747C51">
<createdBy>10151</createdBy>
<createdTime>2022-09-18 06:01:05 UTC</createdTime>
<ownerDesignName>DBhw1</ownerDesignName>
</ColumnProxy>
<ColumnProxy name="name" id="E9A48DC3-FAB4-86FD-BECD-1294FC240A71">
<createdBy>10151</createdBy>
<createdTime>2022-09-18 06:01:05 UTC</createdTime>
<ownerDesignName>DBhw1</ownerDesignName>
</ColumnProxy>
</columnProxies>
<indexProxies>
<IndexProxy class="oracle.dbtools.crest.model.design.storage.oracle.v10g.IndexProxyOraclev10g" name="MovieStar__IDX" id="3DA19258-E6D4-E7F9-6212-799F05BEC572">
<createdBy>10151</createdBy>
<createdTime>2022-09-18 08:48:53 UTC</createdTime>
<ownerDesignName>DBhw1</ownerDesignName>
</IndexProxy>
</indexProxies>
<primaryKeys>
<PrimaryKey class="oracle.dbtools.crest.model.design.storage.oracle.v10g.PKProxyOraclev10g" name="MovieStar_PK" id="F0A17885-F87B-41F8-7145-7DC04DF15F25">
<createdBy>10151</createdBy>
<createdTime>2022-09-18 06:01:05 UTC</createdTime>
<ownerDesignName>DBhw1</ownerDesignName>
<indexSort>SORTED</indexSort>
</PrimaryKey>
</primaryKeys>
</TableProxyOraclev12c>