<?xml version = '1.0' encoding = 'UTF-8'?>
<Entity class="oracle.dbtools.crest.model.design.logical.Entity" directorySegmentName="seg_0" id="12E86DF4-18C5-1A8F-7040-B8634FEC867F" name="assiatant">
<createdBy>10151</createdBy>
<createdTime>2022-10-07 19:30:03 UTC</createdTime>
<ownerDesignName>DBhw3</ownerDesignName>
<engineerTo>
<item key="17B22EE0-DE5E-7289-5174-986CC7F63751" value="true"/>
</engineerTo>
<adequatelyNormalized>NO</adequatelyNormalized>
<expectedVolumes>0</expectedVolumes>
<fwdEngineeringStrategyName>Single Table</fwdEngineeringStrategyName>
<growthPercent>0</growthPercent>
<growthType>Year</growthType>
<maxVolumes>9999999</maxVolumes>
<minVolumes>0</minVolumes>
<normalForm>Third</normalForm>
<attributes itemClass="oracle.dbtools.crest.model.design.logical.Attribute">
<Attribute name="aNo" id="E4FF581A-6A48-B5B6-96FF-1A6388122541">
<createdBy>10151</createdBy>
<createdTime>2022-10-08 12:42:49 UTC</createdTime>
<ownerDesignName>DBhw3</ownerDesignName>
<engineerTo>
<item key="17B22EE0-DE5E-7289-5174-986CC7F63751" value="true"/>
</engineerTo>
<use>0</use>
<logicalDatatype>LOGDT019</logicalDatatype>
<domain>CC156D6C-DD91-95E8-7DC3-60ACB58671D3</domain>
<ownDataTypeParameters>,,</ownDataTypeParameters>
</Attribute>
<Attribute name="Info" id="67054248-F0F2-4E08-E1B5-4DE6D004A6D4">
<createdBy>10151</createdBy>
<createdTime>2022-10-08 09:25:40 UTC</createdTime>
<ownerDesignName>DBhw3</ownerDesignName>
<engineerTo>
<item key="17B22EE0-DE5E-7289-5174-986CC7F63751" value="true"/>
</engineerTo>
<nullsAllowed>true</nullsAllowed>
<useDomainConstraints>false</useDomainConstraints>
<use>3</use>
<structuredType>18399519-299C-6112-E225-12903D3F086F</structuredType>
<ownDataTypeParameters>,,</ownDataTypeParameters>
</Attribute>
<Attribute name="belong_department" id="5D29A46D-4112-B037-3A0B-7E48D8003266">
<createdBy>10151</createdBy>
<createdTime>2022-10-07 19:44:59 UTC</createdTime>
<generatorID>8E6231DD-F858-8A7B-7D4B-39C4BA8DF5BA</generatorID>
<ownerDesignName>DBhw3</ownerDesignName>
<engineerTo>
<item key="17B22EE0-DE5E-7289-5174-986CC7F63751" value="true"/>
</engineerTo>
<referedAttribute>6ACFF708-0B0A-DB22-A469-714C6EE44133</referedAttribute>
<use>0</use>
<logicalDatatype>LOGDT025</logicalDatatype>
<domain>7DF8EF8A-CCCB-B4E3-3103-F9D4C766597C</domain>
<ownDataTypeParameters>,,</ownDataTypeParameters>
</Attribute>
</attributes>
<nestedAttributes itemClass="oracle.dbtools.crest.model.design.logical.Attribute">
<nestedAttribute name="Info.name" directorySegmentName="seg_0" id="1B91A6EC-25E8-D8DF-7777-94ECED636AF7">
<createdBy>10151</createdBy>
<createdTime>2022-10-08 09:25:46 UTC</createdTime>
<ownerDesignName>DBhw3</ownerDesignName>
<engineerTo>
<item key="17B22EE0-DE5E-7289-5174-986CC7F63751" value="true"/>
</engineerTo>
<nullsAllowed>true</nullsAllowed>
<parentObject>67054248-F0F2-4E08-E1B5-4DE6D004A6D4</parentObject>
<structAttributeID>AC472BD3-73AE-9173-8D84-8609A2FA66FD</structAttributeID>
<use>0</use>
<logicalDatatype>LOGDT025</logicalDatatype>
<dataTypeSize>100</dataTypeSize>
<domain>7DF8EF8A-CCCB-B4E3-3103-F9D4C766597C</domain>
<ownDataTypeParameters>100,,</ownDataTypeParameters>
</nestedAttribute>
<nestedAttribute name="Info.home_address" directorySegmentName="seg_0" id="F9EFDD18-2461-0639-9D66-762917F27D11">
<createdBy>10151</createdBy>
<createdTime>2022-10-08 09:25:46 UTC</createdTime>
<ownerDesignName>DBhw3</ownerDesignName>
<engineerTo>
<item key="17B22EE0-DE5E-7289-5174-986CC7F63751" value="true"/>
</engineerTo>
<nullsAllowed>true</nullsAllowed>
<parentObject>67054248-F0F2-4E08-E1B5-4DE6D004A6D4</parentObject>
<structAttributeID>EB71E758-32D1-708B-D272-19C33C7746A2</structAttributeID>
<use>0</use>
<logicalDatatype>LOGDT024</logicalDatatype>
<dataTypeSize>255</dataTypeSize>
<domain>179C8B52-4E13-3A5B-4954-C2F3631B29B3</domain>
<ownDataTypeParameters>255,,</ownDataTypeParameters>
</nestedAttribute>
<nestedAttribute name="Info.callNo" directorySegmentName="seg_0" id="3EBD6CFC-ACA0-24E7-6602-3AA2AFDE8B5C">
<createdBy>10151</createdBy>
<createdTime>2022-10-09 13:13:21 UTC</createdTime>
<ownerDesignName>DBhw3</ownerDesignName>
<engineerTo>
<item key="17B22EE0-DE5E-7289-5174-986CC7F63751" value="true"/>
</engineerTo>
<nullsAllowed>true</nullsAllowed>
<parentObject>67054248-F0F2-4E08-E1B5-4DE6D004A6D4</parentObject>
<structAttributeID>0D378CCB-E2D3-1EFB-0A50-92FEA8361D1E</structAttributeID>
<useDomainConstraints>false</useDomainConstraints>
<use>3</use>
<structuredType>B79F679F-5B3A-E27B-E6C1-C13FBC966EB8</structuredType>
<ownDataTypeParameters>,,</ownDataTypeParameters>
</nestedAttribute>
<nestedAttribute name="Info.callNo.phoneNo" directorySegmentName="seg_0" id="E7FCE3C7-16B9-2C74-03EB-3AB815633E70">
<createdBy>10151</createdBy>
<createdTime>2022-10-09 13:13:21 UTC</createdTime>
<ownerDesignName>DBhw3</ownerDesignName>
<engineerTo>
<item key="17B22EE0-DE5E-7289-5174-986CC7F63751" value="true"/>
</engineerTo>
<nullsAllowed>true</nullsAllowed>
<parentObject>3EBD6CFC-ACA0-24E7-6602-3AA2AFDE8B5C</parentObject>
<structAttributeID>49E13B21-BD56-1826-3779-BE058196A452</structAttributeID>
<use>0</use>
<logicalDatatype>LOGDT025</logicalDatatype>
<dataTypeSize>13</dataTypeSize>
<domain>34687D4A-E842-786D-6682-BEE0EBE91E67</domain>
<ownDataTypeParameters>13,,</ownDataTypeParameters>
</nestedAttribute>
<nestedAttribute name="Info.callNo.homeno" directorySegmentName="seg_0" id="3C39DBB7-F004-CCA9-AE85-3BB13D3B014E">
<createdBy>10151</createdBy>
<createdTime>2022-10-09 13:13:21 UTC</createdTime>
<ownerDesignName>DBhw3</ownerDesignName>
<engineerTo>
<item key="17B22EE0-DE5E-7289-5174-986CC7F63751" value="true"/>
</engineerTo>
<nullsAllowed>true</nullsAllowed>
<parentObject>3EBD6CFC-ACA0-24E7-6602-3AA2AFDE8B5C</parentObject>
<structAttributeID>09C37227-1A2E-AB19-5182-BF324CC57851</structAttributeID>
<use>0</use>
<logicalDatatype>LOGDT025</logicalDatatype>
<dataTypeSize>13</dataTypeSize>
<domain>4430E4CB-67B0-B78D-958C-8CB137EE0380</domain>
<ownDataTypeParameters>13,,</ownDataTypeParameters>
</nestedAttribute>
<nestedAttribute name="Info.callNo.workplaceNo" directorySegmentName="seg_0" id="71696379-327E-A75D-7FA9-CFFBC1B0B9B9">
<createdBy>10151</createdBy>
<createdTime>2022-10-09 13:13:21 UTC</createdTime>
<ownerDesignName>DBhw3</ownerDesignName>
<engineerTo>
<item key="17B22EE0-DE5E-7289-5174-986CC7F63751" value="true"/>
</engineerTo>
<nullsAllowed>true</nullsAllowed>
<parentObject>3EBD6CFC-ACA0-24E7-6602-3AA2AFDE8B5C</parentObject>
<structAttributeID>CFA31531-E68E-F250-137D-E13A173CBD11</structAttributeID>
<use>0</use>
<logicalDatatype>LOGDT025</logicalDatatype>
<dataTypeSize>13</dataTypeSize>
<domain>5D9783D4-DD43-F17A-F7A6-FCD18043568A</domain>
<ownDataTypeParameters>13,,</ownDataTypeParameters>
</nestedAttribute>
</nestedAttributes>
<identifiers itemClass="oracle.dbtools.crest.model.design.logical.CandidateKey">
<identifier id="B21DC276-49A8-D190-E6A6-EFD8C584571B" name="assiatant PK">
<createdBy>10151</createdBy>
<createdTime>2022-10-07 19:30:45 UTC</createdTime>
<ownerDesignName>DBhw3</ownerDesignName>
<engineerTo>
<item key="17B22EE0-DE5E-7289-5174-986CC7F63751" value="true"/>
</engineerTo>
<pk>true</pk>
<usedAttributes>
<attributeRef>E4FF581A-6A48-B5B6-96FF-1A6388122541</attributeRef>
</usedAttributes>
</identifier>
</identifiers>
</Entity>