<?xml version = '1.0' encoding = 'UTF-8'?>
<Entity class="oracle.dbtools.crest.model.design.logical.Entity" directorySegmentName="seg_0" id="25792029-2921-EE43-DCCB-18C40C765865" name="Room">
<createdBy>10151</createdBy>
<createdTime>2022-10-07 19:28:49 UTC</createdTime>
<ownerDesignName>DBhw3</ownerDesignName>
<engineerTo>
<item key="902642A4-CB0F-6B25-49F7-A3F009F71144" value="true"/>
</engineerTo>
<adequatelyNormalized>NO</adequatelyNormalized>
<expectedVolumes>0</expectedVolumes>
<fwdEngineeringStrategyName>Single Table</fwdEngineeringStrategyName>
<growthPercent>0</growthPercent>
<growthType>Year</growthType>
<maxVolumes>9999999</maxVolumes>
<minVolumes>0</minVolumes>
<normalForm>Third</normalForm>
<attributes itemClass="oracle.dbtools.crest.model.design.logical.Attribute">
<Attribute name="rNO" id="7DB337BE-D5B3-726B-31F2-3A1A3C730B70">
<createdBy>10151</createdBy>
<createdTime>2022-10-07 19:29:22 UTC</createdTime>
<ownerDesignName>DBhw3</ownerDesignName>
<engineerTo>
<item key="902642A4-CB0F-6B25-49F7-A3F009F71144" value="true"/>
</engineerTo>
<use>0</use>
<logicalDatatype>LOGDT019</logicalDatatype>
<domain>3AF8B718-ABE9-5F4B-1183-8465C2D3A7D7</domain>
<ownDataTypeParameters>,,</ownDataTypeParameters>
</Attribute>
<Attribute name="buildingname" id="C21744CF-68DD-982B-2FB2-7BB9298E6418">
<createdBy>10151</createdBy>
<createdTime>2022-10-07 19:28:54 UTC</createdTime>
<ownerDesignName>DBhw3</ownerDesignName>
<engineerTo>
<item key="902642A4-CB0F-6B25-49F7-A3F009F71144" value="true"/>
</engineerTo>
<use>0</use>
<logicalDatatype>LOGDT025</logicalDatatype>
<domain>7DF8EF8A-CCCB-B4E3-3103-F9D4C766597C</domain>
<ownDataTypeParameters>,,</ownDataTypeParameters>
</Attribute>
<Attribute name="floor" id="74D535BE-9A67-F43C-F1BA-72003C442722">
<createdBy>10151</createdBy>
<createdTime>2022-10-07 19:29:12 UTC</createdTime>
<ownerDesignName>DBhw3</ownerDesignName>
<engineerTo>
<item key="902642A4-CB0F-6B25-49F7-A3F009F71144" value="true"/>
</engineerTo>
<nullsAllowed>true</nullsAllowed>
<use>0</use>
<logicalDatatype>LOGDT019</logicalDatatype>
<domain>7DC5425B-2CFE-CB15-16D2-F9C430295D7E</domain>
<ownDataTypeParameters>,,</ownDataTypeParameters>
<listOfRanges>
<rangeDef class="oracle.dbtools.crest.model.design.constraint.AVT">
<beginValue>1</beginValue>
<endValue>10</endValue>
</rangeDef>
</listOfRanges>
</Attribute>
<Attribute name="Maximum_people" id="A6B35C1D-149A-6FDF-B5C8-04A547E12B6A">
<createdBy>10151</createdBy>
<createdTime>2022-10-07 19:29:35 UTC</createdTime>
<ownerDesignName>DBhw3</ownerDesignName>
<engineerTo>
<item key="902642A4-CB0F-6B25-49F7-A3F009F71144" value="true"/>
</engineerTo>
<nullsAllowed>true</nullsAllowed>
<use>0</use>
<logicalDatatype>LOGDT019</logicalDatatype>
<domain>31FCC9B4-1ECC-43F3-F290-8B1D8335B370</domain>
<ownDataTypeParameters>,,</ownDataTypeParameters>
<listOfRanges>
<rangeDef class="oracle.dbtools.crest.model.design.constraint.AVT">
<beginValue>0</beginValue>
<endValue>40</endValue>
</rangeDef>
</listOfRanges>
</Attribute>
</attributes>
<identifiers itemClass="oracle.dbtools.crest.model.design.logical.CandidateKey">
<identifier id="B7DEC69F-AE30-0767-E4F3-9AD9450E0CD1" name="Room PK">
<createdBy>10151</createdBy>
<createdTime>2022-10-07 19:29:58 UTC</createdTime>
<ownerDesignName>DBhw3</ownerDesignName>
<engineerTo>
<item key="902642A4-CB0F-6B25-49F7-A3F009F71144" value="true"/>
</engineerTo>
<pk>true</pk>
<usedAttributes>
<attributeRef>7DB337BE-D5B3-726B-31F2-3A1A3C730B70</attributeRef>
<attributeRef>C21744CF-68DD-982B-2FB2-7BB9298E6418</attributeRef>
</usedAttributes>
</identifier>
</identifiers>
</Entity>