<?xml version = '1.0' encoding = 'UTF-8'?>
<Entity class="oracle.dbtools.crest.model.design.logical.Entity" directorySegmentName="seg_0" id="3A98840C-D69F-AA28-F64C-0FEB808B45F9" name="Student">
<createdBy>10151</createdBy>
<createdTime>2022-10-07 19:22:24 UTC</createdTime>
<ownerDesignName>DBhw3</ownerDesignName>
<engineerTo>
<item key="17B22EE0-DE5E-7289-5174-986CC7F63751" value="true"/>
</engineerTo>
<adequatelyNormalized>NO</adequatelyNormalized>
<expectedVolumes>0</expectedVolumes>
<fwdEngineeringStrategyName>Single Table</fwdEngineeringStrategyName>
<growthPercent>0</growthPercent>
<growthType>Year</growthType>
<maxVolumes>9999999</maxVolumes>
<minVolumes>0</minVolumes>
<normalForm>Third</normalForm>
<attributes itemClass="oracle.dbtools.crest.model.design.logical.Attribute">
<Attribute name="IDNo" id="27ED20C2-9CE9-8A43-1590-E623F2007696">
<createdBy>10151</createdBy>
<createdTime>2022-10-08 12:43:07 UTC</createdTime>
<ownerDesignName>DBhw3</ownerDesignName>
<engineerTo>
<item key="17B22EE0-DE5E-7289-5174-986CC7F63751" value="true"/>
</engineerTo>
<use>0</use>
<logicalDatatype>LOGDT019</logicalDatatype>
<domain>2ACDA64B-917A-E7FA-7F58-5E68031E3E54</domain>
<ownDataTypeParameters>,,</ownDataTypeParameters>
</Attribute>
<Attribute name="faculty" id="6516AFA7-3A9F-E6AD-F391-0D5F53B68F84">
<createdBy>10151</createdBy>
<createdTime>2022-10-07 19:23:21 UTC</createdTime>
<ownerDesignName>DBhw3</ownerDesignName>
<engineerTo>
<item key="17B22EE0-DE5E-7289-5174-986CC7F63751" value="true"/>
</engineerTo>
<nullsAllowed>true</nullsAllowed>
<use>0</use>
<logicalDatatype>LOGDT025</logicalDatatype>
<domain>12EFC3C6-5690-FC5D-41A2-C86F86292C16</domain>
<ownDataTypeParameters>,,</ownDataTypeParameters>
</Attribute>
<Attribute name="Info" id="FFC4FD20-A713-2128-74E5-21C4E39BBCCF">
<createdBy>10151</createdBy>
<createdTime>2022-10-08 09:25:30 UTC</createdTime>
<ownerDesignName>DBhw3</ownerDesignName>
<engineerTo>
<item key="17B22EE0-DE5E-7289-5174-986CC7F63751" value="true"/>
</engineerTo>
<nullsAllowed>true</nullsAllowed>
<useDomainConstraints>false</useDomainConstraints>
<use>3</use>
<structuredType>18399519-299C-6112-E225-12903D3F086F</structuredType>
<ownDataTypeParameters>,,</ownDataTypeParameters>
</Attribute>
<Attribute name="department" id="8F05A2FC-E29F-D298-AF94-F7AB127EA244">
<createdBy>10151</createdBy>
<createdTime>2022-10-07 19:41:28 UTC</createdTime>
<generatorID>0E8B4D5D-77C2-D7A8-FFAE-D0B04E39B382</generatorID>
<ownerDesignName>DBhw3</ownerDesignName>
<engineerTo>
<item key="17B22EE0-DE5E-7289-5174-986CC7F63751" value="true"/>
</engineerTo>
<referedAttribute>6ACFF708-0B0A-DB22-A469-714C6EE44133</referedAttribute>
<use>0</use>
<logicalDatatype>LOGDT025</logicalDatatype>
<domain>7DF8EF8A-CCCB-B4E3-3103-F9D4C766597C</domain>
<ownDataTypeParameters>,,</ownDataTypeParameters>
</Attribute>
<Attribute name="subDepartment" id="A0520D7D-1706-8418-9D5F-E530EDD84F0B">
<createdBy>10151</createdBy>
<createdTime>2022-10-08 14:40:09 UTC</createdTime>
<generatorID>81A27580-0055-452D-AADF-06E2FD4CE51E</generatorID>
<ownerDesignName>DBhw3</ownerDesignName>
<engineerTo>
<item key="17B22EE0-DE5E-7289-5174-986CC7F63751" value="true"/>
</engineerTo>
<nullsAllowed>true</nullsAllowed>
<referedAttribute>6ACFF708-0B0A-DB22-A469-714C6EE44133</referedAttribute>
<use>0</use>
<logicalDatatype>LOGDT025</logicalDatatype>
<domain>7DF8EF8A-CCCB-B4E3-3103-F9D4C766597C</domain>
<ownDataTypeParameters>,,</ownDataTypeParameters>
</Attribute>
</attributes>
<nestedAttributes itemClass="oracle.dbtools.crest.model.design.logical.Attribute">
<nestedAttribute name="Info.name" directorySegmentName="seg_0" id="34B1B9A9-F63D-C710-800F-1F5DCF9248C3">
<createdBy>10151</createdBy>
<createdTime>2022-10-08 12:48:01 UTC</createdTime>
<ownerDesignName>DBhw3</ownerDesignName>
<engineerTo>
<item key="17B22EE0-DE5E-7289-5174-986CC7F63751" value="true"/>
</engineerTo>
<nullsAllowed>true</nullsAllowed>
<parentObject>FFC4FD20-A713-2128-74E5-21C4E39BBCCF</parentObject>
<structAttributeID>AC472BD3-73AE-9173-8D84-8609A2FA66FD</structAttributeID>
<use>0</use>
<logicalDatatype>LOGDT025</logicalDatatype>
<dataTypeSize>100</dataTypeSize>
<domain>7DF8EF8A-CCCB-B4E3-3103-F9D4C766597C</domain>
<ownDataTypeParameters>100,,</ownDataTypeParameters>
</nestedAttribute>
<nestedAttribute name="Info.home_address" directorySegmentName="seg_0" id="26E9A054-13BB-5BD6-EEF2-0948BE4CE48B">
<createdBy>10151</createdBy>
<createdTime>2022-10-08 12:48:01 UTC</createdTime>
<ownerDesignName>DBhw3</ownerDesignName>
<engineerTo>
<item key="17B22EE0-DE5E-7289-5174-986CC7F63751" value="true"/>
</engineerTo>
<nullsAllowed>true</nullsAllowed>
<parentObject>FFC4FD20-A713-2128-74E5-21C4E39BBCCF</parentObject>
<structAttributeID>EB71E758-32D1-708B-D272-19C33C7746A2</structAttributeID>
<use>0</use>
<logicalDatatype>LOGDT024</logicalDatatype>
<dataTypeSize>255</dataTypeSize>
<domain>179C8B52-4E13-3A5B-4954-C2F3631B29B3</domain>
<ownDataTypeParameters>255,,</ownDataTypeParameters>
</nestedAttribute>
<nestedAttribute name="Info.callNo" directorySegmentName="seg_0" id="82CCBBCE-3470-645D-F20F-D5C0A40CFDDE">
<createdBy>10151</createdBy>
<createdTime>2022-10-09 13:13:21 UTC</createdTime>
<ownerDesignName>DBhw3</ownerDesignName>
<engineerTo>
<item key="17B22EE0-DE5E-7289-5174-986CC7F63751" value="true"/>
</engineerTo>
<nullsAllowed>true</nullsAllowed>
<parentObject>FFC4FD20-A713-2128-74E5-21C4E39BBCCF</parentObject>
<structAttributeID>0D378CCB-E2D3-1EFB-0A50-92FEA8361D1E</structAttributeID>
<useDomainConstraints>false</useDomainConstraints>
<use>3</use>
<structuredType>B79F679F-5B3A-E27B-E6C1-C13FBC966EB8</structuredType>
<ownDataTypeParameters>,,</ownDataTypeParameters>
</nestedAttribute>
<nestedAttribute name="Info.callNo.phoneNo" directorySegmentName="seg_0" id="C9F03B52-0393-E6A1-1955-94CCD45FD91C">
<createdBy>10151</createdBy>
<createdTime>2022-10-09 13:13:21 UTC</createdTime>
<ownerDesignName>DBhw3</ownerDesignName>
<engineerTo>
<item key="17B22EE0-DE5E-7289-5174-986CC7F63751" value="true"/>
</engineerTo>
<nullsAllowed>true</nullsAllowed>
<parentObject>82CCBBCE-3470-645D-F20F-D5C0A40CFDDE</parentObject>
<structAttributeID>49E13B21-BD56-1826-3779-BE058196A452</structAttributeID>
<use>0</use>
<logicalDatatype>LOGDT025</logicalDatatype>
<dataTypeSize>13</dataTypeSize>
<domain>34687D4A-E842-786D-6682-BEE0EBE91E67</domain>
<ownDataTypeParameters>13,,</ownDataTypeParameters>
</nestedAttribute>
<nestedAttribute name="Info.callNo.homeno" directorySegmentName="seg_0" id="269E392A-FB5E-3B06-5E42-A5573E5F6EE4">
<createdBy>10151</createdBy>
<createdTime>2022-10-09 13:13:21 UTC</createdTime>
<ownerDesignName>DBhw3</ownerDesignName>
<engineerTo>
<item key="17B22EE0-DE5E-7289-5174-986CC7F63751" value="true"/>
</engineerTo>
<nullsAllowed>true</nullsAllowed>
<parentObject>82CCBBCE-3470-645D-F20F-D5C0A40CFDDE</parentObject>
<structAttributeID>09C37227-1A2E-AB19-5182-BF324CC57851</structAttributeID>
<use>0</use>
<logicalDatatype>LOGDT025</logicalDatatype>
<dataTypeSize>13</dataTypeSize>
<domain>4430E4CB-67B0-B78D-958C-8CB137EE0380</domain>
<ownDataTypeParameters>13,,</ownDataTypeParameters>
</nestedAttribute>
<nestedAttribute name="Info.callNo.workplaceNo" directorySegmentName="seg_0" id="573AC0F7-94D7-3CB7-4A24-25C51FEFFCF1">
<createdBy>10151</createdBy>
<createdTime>2022-10-09 13:13:21 UTC</createdTime>
<ownerDesignName>DBhw3</ownerDesignName>
<engineerTo>
<item key="17B22EE0-DE5E-7289-5174-986CC7F63751" value="true"/>
</engineerTo>
<nullsAllowed>true</nullsAllowed>
<parentObject>82CCBBCE-3470-645D-F20F-D5C0A40CFDDE</parentObject>
<structAttributeID>CFA31531-E68E-F250-137D-E13A173CBD11</structAttributeID>
<use>0</use>
<logicalDatatype>LOGDT025</logicalDatatype>
<dataTypeSize>13</dataTypeSize>
<domain>5D9783D4-DD43-F17A-F7A6-FCD18043568A</domain>
<ownDataTypeParameters>13,,</ownDataTypeParameters>
</nestedAttribute>
</nestedAttributes>
<identifiers itemClass="oracle.dbtools.crest.model.design.logical.CandidateKey">
<identifier id="9F718E0F-B73A-6866-D6E9-F14839F58821" name="Student PK">
<createdBy>10151</createdBy>
<createdTime>2022-10-07 19:24:09 UTC</createdTime>
<ownerDesignName>DBhw3</ownerDesignName>
<engineerTo>
<item key="17B22EE0-DE5E-7289-5174-986CC7F63751" value="true"/>
</engineerTo>
<pk>true</pk>
<usedAttributes>
<attributeRef>27ED20C2-9CE9-8A43-1590-E623F2007696</attributeRef>
</usedAttributes>
</identifier>
</identifiers>
</Entity>