<?xml version = '1.0' encoding = 'UTF-8'?>
<Entity class="oracle.dbtools.crest.model.design.logical.Entity" directorySegmentName="seg_0" id="6E274246-7E2C-A3BD-38DA-DEC80D382E1D" name="Lecture_time">
<createdBy>10151</createdBy>
<createdTime>2022-10-08 12:04:56 UTC</createdTime>
<ownerDesignName>DBhw3</ownerDesignName>
<engineerTo>
<item key="9B7DBD56-310A-938F-7827-9B2A479BF8D4" value="true"/>
</engineerTo>
<adequatelyNormalized>NO</adequatelyNormalized>
<expectedVolumes>0</expectedVolumes>
<fwdEngineeringStrategyName>Single Table</fwdEngineeringStrategyName>
<growthPercent>0</growthPercent>
<growthType>Year</growthType>
<maxVolumes>9999999</maxVolumes>
<minVolumes>0</minVolumes>
<normalForm>Third</normalForm>
<attributes itemClass="oracle.dbtools.crest.model.design.logical.Attribute">
<Attribute name="L_time" id="4A063D1D-7F62-B1CE-C6CF-8D970A8B480A">
<createdBy>10151</createdBy>
<createdTime>2022-10-08 12:05:08 UTC</createdTime>
<ownerDesignName>DBhw3</ownerDesignName>
<engineerTo>
<item key="9B7DBD56-310A-938F-7827-9B2A479BF8D4" value="true"/>
</engineerTo>
<use>0</use>
<logicalDatatype>LOGDT019</logicalDatatype>
<domain>DCF42633-0672-2FF8-33DB-84F5B3DC2D57</domain>
<ownDataTypeParameters>,,</ownDataTypeParameters>
<listOfRanges>
<rangeDef class="oracle.dbtools.crest.model.design.constraint.AVT">
<beginValue>1</beginValue>
<endValue>10</endValue>
</rangeDef>
</listOfRanges>
</Attribute>
<Attribute name="L_date" id="A7A57C4C-8EC5-A40D-4120-FD410C25145B">
<createdBy>10151</createdBy>
<createdTime>2022-10-08 13:47:22 UTC</createdTime>
<ownerDesignName>DBhw3</ownerDesignName>
<engineerTo>
<item key="9B7DBD56-310A-938F-7827-9B2A479BF8D4" value="true"/>
</engineerTo>
<use>0</use>
<logicalDatatype>LOGDT025</logicalDatatype>
<domain>9B935678-C1E8-458F-E701-1319E3B61C4C</domain>
<ownDataTypeParameters>,,</ownDataTypeParameters>
</Attribute>
</attributes>
<identifiers itemClass="oracle.dbtools.crest.model.design.logical.CandidateKey">
<identifier id="5642CB57-9A79-8506-B367-1EA10D3A1AAE" name="Lecture_time PK">
<createdBy>10151</createdBy>
<createdTime>2022-10-08 12:44:50 UTC</createdTime>
<ownerDesignName>DBhw3</ownerDesignName>
<engineerTo>
<item key="9B7DBD56-310A-938F-7827-9B2A479BF8D4" value="true"/>
</engineerTo>
<pk>true</pk>
<usedAttributes>
<attributeRef>4A063D1D-7F62-B1CE-C6CF-8D970A8B480A</attributeRef>
<attributeRef>A7A57C4C-8EC5-A40D-4120-FD410C25145B</attributeRef>
</usedAttributes>
</identifier>
</identifiers>
</Entity>