<?xml version = '1.0' encoding = 'UTF-8'?>
<Entity class="oracle.dbtools.crest.model.design.logical.Entity" directorySegmentName="seg_0" id="71F6F889-BACD-B406-1E5B-C8690854C24E" name="HeadProfessor">
<createdBy>10151</createdBy>
<createdTime>2022-10-08 17:38:04 UTC</createdTime>
<ownerDesignName>DBhw3</ownerDesignName>
<adequatelyNormalized>NO</adequatelyNormalized>
<expectedVolumes>0</expectedVolumes>
<fwdEngineeringStrategyName>Single Table</fwdEngineeringStrategyName>
<growthPercent>0</growthPercent>
<growthType>Year</growthType>
<maxVolumes>9999999</maxVolumes>
<minVolumes>0</minVolumes>
<normalForm>Third</normalForm>
<attributes itemClass="oracle.dbtools.crest.model.design.logical.Attribute">
<Attribute name="HeadNo" id="621E3EB3-A722-9A98-E53F-A65C5034944C">
<createdBy>10151</createdBy>
<createdTime>2022-10-08 17:38:16 UTC</createdTime>
<generatorID>AC50753F-5209-2F74-1375-9AB3CC7C3862</generatorID>
<ownerDesignName>DBhw3</ownerDesignName>
<referedAttribute>4BDAD616-3CB9-BE42-4D3F-530A47949614</referedAttribute>
<use>0</use>
<logicalDatatype>LOGDT019</logicalDatatype>
<domain>CC156D6C-DD91-95E8-7DC3-60ACB58671D3</domain>
<ownDataTypeParameters>,,</ownDataTypeParameters>
</Attribute>
<Attribute name="dName" id="77554500-364E-FF15-BD02-0F71CE31E901">
<createdBy>10151</createdBy>
<createdTime>2022-10-08 17:38:33 UTC</createdTime>
<generatorID>AA2B5421-304D-A7E3-6460-27D153C6794A</generatorID>
<ownerDesignName>DBhw3</ownerDesignName>
<referedAttribute>6ACFF708-0B0A-DB22-A469-714C6EE44133</referedAttribute>
<use>0</use>
<logicalDatatype>LOGDT025</logicalDatatype>
<domain>7DF8EF8A-CCCB-B4E3-3103-F9D4C766597C</domain>
<ownDataTypeParameters>,,</ownDataTypeParameters>
</Attribute>
</attributes>
<identifiers itemClass="oracle.dbtools.crest.model.design.logical.CandidateKey">
<identifier id="3A996CCC-1181-181A-7FCD-4D3219AB92F3" name="HeadProfessor PK">
<createdBy>10151</createdBy>
<createdTime>2022-10-08 17:38:16 UTC</createdTime>
<ownerDesignName>DBhw3</ownerDesignName>
<pk>true</pk>
<usedAttributes>
<attributeRef>621E3EB3-A722-9A98-E53F-A65C5034944C</attributeRef>
</usedAttributes>
</identifier>
</identifiers>
</Entity>