<?xml version = '1.0' encoding = 'UTF-8'?>
<Entity class="oracle.dbtools.crest.model.design.logical.Entity" directorySegmentName="seg_0" id="7F406B4C-F18B-A2A5-2620-405EF27D949D" name="Subject">
<createdBy>10151</createdBy>
<createdTime>2022-10-07 19:26:49 UTC</createdTime>
<ownerDesignName>DBhw3</ownerDesignName>
<engineerTo>
<item key="17B22EE0-DE5E-7289-5174-986CC7F63751" value="true"/>
</engineerTo>
<adequatelyNormalized>NO</adequatelyNormalized>
<expectedVolumes>0</expectedVolumes>
<fwdEngineeringStrategyName>Single Table</fwdEngineeringStrategyName>
<growthPercent>0</growthPercent>
<growthType>Year</growthType>
<maxVolumes>9999999</maxVolumes>
<minVolumes>0</minVolumes>
<normalForm>Third</normalForm>
<attributes itemClass="oracle.dbtools.crest.model.design.logical.Attribute">
<Attribute name="name" id="DCF6B826-A171-AA06-E946-9F5CCA74D355">
<createdBy>10151</createdBy>
<createdTime>2022-10-07 19:26:58 UTC</createdTime>
<ownerDesignName>DBhw3</ownerDesignName>
<engineerTo>
<item key="17B22EE0-DE5E-7289-5174-986CC7F63751" value="true"/>
</engineerTo>
<use>0</use>
<logicalDatatype>LOGDT025</logicalDatatype>
<domain>7DF8EF8A-CCCB-B4E3-3103-F9D4C766597C</domain>
<ownDataTypeParameters>,,</ownDataTypeParameters>
</Attribute>
<Attribute name="grades" id="C9475B06-91E0-83CC-C2C5-F0178A377170">
<createdBy>10151</createdBy>
<createdTime>2022-10-07 19:28:14 UTC</createdTime>
<ownerDesignName>DBhw3</ownerDesignName>
<engineerTo>
<item key="17B22EE0-DE5E-7289-5174-986CC7F63751" value="true"/>
</engineerTo>
<nullsAllowed>true</nullsAllowed>
<use>0</use>
<logicalDatatype>LOGDT019</logicalDatatype>
<domain>154CA8CA-DE2E-4582-2360-BDA5BFB13230</domain>
<ownDataTypeParameters>,,</ownDataTypeParameters>
</Attribute>
<Attribute name="assistantNo" id="9D63969C-D8C2-F914-CE13-89324D882F3E">
<createdBy>10151</createdBy>
<createdTime>2022-10-09 08:52:14 UTC</createdTime>
<generatorID>3CB001BB-AA0D-4A0D-DA1C-8159E3E0B4D3</generatorID>
<ownerDesignName>DBhw3</ownerDesignName>
<engineerTo>
<item key="17B22EE0-DE5E-7289-5174-986CC7F63751" value="true"/>
</engineerTo>
<referedAttribute>E4FF581A-6A48-B5B6-96FF-1A6388122541</referedAttribute>
<use>0</use>
<logicalDatatype>LOGDT019</logicalDatatype>
<domain>CC156D6C-DD91-95E8-7DC3-60ACB58671D3</domain>
<ownDataTypeParameters>,,</ownDataTypeParameters>
</Attribute>
</attributes>
<identifiers itemClass="oracle.dbtools.crest.model.design.logical.CandidateKey">
<identifier id="9F6B4822-1015-E3E1-F108-1C65B77CB484" name="Subject PK">
<createdBy>10151</createdBy>
<createdTime>2022-10-07 19:28:42 UTC</createdTime>
<ownerDesignName>DBhw3</ownerDesignName>
<shouldEngineer>false</shouldEngineer>
<engineerTo>
<item key="17B22EE0-DE5E-7289-5174-986CC7F63751" value="false"/>
</engineerTo>
<pk>true</pk>
<usedAttributes>
<attributeRef>DCF6B826-A171-AA06-E946-9F5CCA74D355</attributeRef>
</usedAttributes>
</identifier>
</identifiers>
</Entity>