<?xml version = '1.0' encoding = 'UTF-8'?>
<Entity class="oracle.dbtools.crest.model.design.logical.Entity" directorySegmentName="seg_0" id="959FE40F-DB87-2F08-10C7-00445A22B3AC" name="Department">
<createdBy>10151</createdBy>
<createdTime>2022-10-07 19:24:18 UTC</createdTime>
<ownerDesignName>DBhw3</ownerDesignName>
<adequatelyNormalized>NO</adequatelyNormalized>
<expectedVolumes>0</expectedVolumes>
<fwdEngineeringStrategyName>Single Table</fwdEngineeringStrategyName>
<growthPercent>0</growthPercent>
<growthType>Year</growthType>
<maxVolumes>9999999</maxVolumes>
<minVolumes>0</minVolumes>
<normalForm>Third</normalForm>
<attributes itemClass="oracle.dbtools.crest.model.design.logical.Attribute">
<Attribute name="dName" id="6ACFF708-0B0A-DB22-A469-714C6EE44133">
<createdBy>10151</createdBy>
<createdTime>2022-10-07 19:24:24 UTC</createdTime>
<ownerDesignName>DBhw3</ownerDesignName>
<use>0</use>
<logicalDatatype>LOGDT025</logicalDatatype>
<domain>7DF8EF8A-CCCB-B4E3-3103-F9D4C766597C</domain>
<ownDataTypeParameters>,,</ownDataTypeParameters>
</Attribute>
</attributes>
<identifiers itemClass="oracle.dbtools.crest.model.design.logical.CandidateKey">
<identifier id="A33FDBDD-BA11-7838-345D-76E2CE18A3D1" name="Department PK">
<createdBy>10151</createdBy>
<createdTime>2022-10-07 19:25:12 UTC</createdTime>
<ownerDesignName>DBhw3</ownerDesignName>
<pk>true</pk>
<usedAttributes>
<attributeRef>6ACFF708-0B0A-DB22-A469-714C6EE44133</attributeRef>
</usedAttributes>
</identifier>
</identifiers>
</Entity>