<?xml version = '1.0' encoding = 'UTF-8'?>
<Entity class="oracle.dbtools.crest.model.design.logical.Entity" directorySegmentName="seg_0" id="A12741FA-803A-854E-ADEC-B80B33D66CDE" name="Professor">
<createdBy>10151</createdBy>
<createdTime>2022-10-07 19:25:15 UTC</createdTime>
<ownerDesignName>DBhw3</ownerDesignName>
<engineerTo>
<item key="17B22EE0-DE5E-7289-5174-986CC7F63751" value="true"/>
</engineerTo>
<adequatelyNormalized>NO</adequatelyNormalized>
<expectedVolumes>0</expectedVolumes>
<fwdEngineeringStrategyName>Single Table</fwdEngineeringStrategyName>
<growthPercent>0</growthPercent>
<growthType>Year</growthType>
<maxVolumes>9999999</maxVolumes>
<minVolumes>0</minVolumes>
<normalForm>Third</normalForm>
<attributes itemClass="oracle.dbtools.crest.model.design.logical.Attribute">
<Attribute name="ProNo" id="4BDAD616-3CB9-BE42-4D3F-530A47949614">
<createdBy>10151</createdBy>
<createdTime>2022-10-08 12:39:20 UTC</createdTime>
<ownerDesignName>DBhw3</ownerDesignName>
<engineerTo>
<item key="17B22EE0-DE5E-7289-5174-986CC7F63751" value="true"/>
</engineerTo>
<use>0</use>
<logicalDatatype>LOGDT019</logicalDatatype>
<domain>CC156D6C-DD91-95E8-7DC3-60ACB58671D3</domain>
<ownDataTypeParameters>,,</ownDataTypeParameters>
</Attribute>
<Attribute name="office" id="9DC37319-F463-041E-BA79-15ECD262B70A">
<createdBy>10151</createdBy>
<createdTime>2022-10-08 12:39:45 UTC</createdTime>
<ownerDesignName>DBhw3</ownerDesignName>
<engineerTo>
<item key="17B22EE0-DE5E-7289-5174-986CC7F63751" value="true"/>
</engineerTo>
<nullsAllowed>true</nullsAllowed>
<use>0</use>
<logicalDatatype>LOGDT025</logicalDatatype>
<domain>7DF8EF8A-CCCB-B4E3-3103-F9D4C766597C</domain>
<ownDataTypeParameters>,,</ownDataTypeParameters>
</Attribute>
<Attribute name="Info" id="7482550B-8DB3-8B58-D80E-77F8F2A4FE1F">
<createdBy>10151</createdBy>
<createdTime>2022-10-08 09:25:13 UTC</createdTime>
<ownerDesignName>DBhw3</ownerDesignName>
<engineerTo>
<item key="17B22EE0-DE5E-7289-5174-986CC7F63751" value="true"/>
</engineerTo>
<nullsAllowed>true</nullsAllowed>
<useDomainConstraints>false</useDomainConstraints>
<use>3</use>
<structuredType>18399519-299C-6112-E225-12903D3F086F</structuredType>
<ownDataTypeParameters>,,</ownDataTypeParameters>
</Attribute>
<Attribute name="department" id="19327605-6776-8C3A-DD42-C3044A12A282">
<createdBy>10151</createdBy>
<createdTime>2022-10-08 14:37:39 UTC</createdTime>
<generatorID>1C7FBABA-EC34-8D62-761D-504CE932CD45</generatorID>
<ownerDesignName>DBhw3</ownerDesignName>
<engineerTo>
<item key="17B22EE0-DE5E-7289-5174-986CC7F63751" value="true"/>
</engineerTo>
<referedAttribute>6ACFF708-0B0A-DB22-A469-714C6EE44133</referedAttribute>
<use>0</use>
<logicalDatatype>LOGDT025</logicalDatatype>
<domain>7DF8EF8A-CCCB-B4E3-3103-F9D4C766597C</domain>
<ownDataTypeParameters>,,</ownDataTypeParameters>
</Attribute>
</attributes>
<nestedAttributes itemClass="oracle.dbtools.crest.model.design.logical.Attribute">
<nestedAttribute name="Info.name" directorySegmentName="seg_0" id="2B596EA4-E26B-1737-6232-995EA1B0D420">
<createdBy>10151</createdBy>
<createdTime>2022-10-08 12:39:17 UTC</createdTime>
<ownerDesignName>DBhw3</ownerDesignName>
<engineerTo>
<item key="17B22EE0-DE5E-7289-5174-986CC7F63751" value="true"/>
</engineerTo>
<nullsAllowed>true</nullsAllowed>
<parentObject>7482550B-8DB3-8B58-D80E-77F8F2A4FE1F</parentObject>
<structAttributeID>AC472BD3-73AE-9173-8D84-8609A2FA66FD</structAttributeID>
<use>0</use>
<logicalDatatype>LOGDT025</logicalDatatype>
<dataTypeSize>100</dataTypeSize>
<domain>7DF8EF8A-CCCB-B4E3-3103-F9D4C766597C</domain>
<ownDataTypeParameters>100,,</ownDataTypeParameters>
</nestedAttribute>
<nestedAttribute name="Info.home_address" directorySegmentName="seg_0" id="57716A5E-7003-85C6-BF24-B6BF761D72A5">
<createdBy>10151</createdBy>
<createdTime>2022-10-08 12:39:17 UTC</createdTime>
<ownerDesignName>DBhw3</ownerDesignName>
<engineerTo>
<item key="17B22EE0-DE5E-7289-5174-986CC7F63751" value="true"/>
</engineerTo>
<nullsAllowed>true</nullsAllowed>
<parentObject>7482550B-8DB3-8B58-D80E-77F8F2A4FE1F</parentObject>
<structAttributeID>EB71E758-32D1-708B-D272-19C33C7746A2</structAttributeID>
<use>0</use>
<logicalDatatype>LOGDT024</logicalDatatype>
<dataTypeSize>255</dataTypeSize>
<domain>179C8B52-4E13-3A5B-4954-C2F3631B29B3</domain>
<ownDataTypeParameters>255,,</ownDataTypeParameters>
</nestedAttribute>
<nestedAttribute name="Info.callNo" directorySegmentName="seg_0" id="01B25A41-A158-1C0E-2D6B-2D0C7DF12662">
<createdBy>10151</createdBy>
<createdTime>2022-10-09 13:13:21 UTC</createdTime>
<ownerDesignName>DBhw3</ownerDesignName>
<engineerTo>
<item key="17B22EE0-DE5E-7289-5174-986CC7F63751" value="true"/>
</engineerTo>
<nullsAllowed>true</nullsAllowed>
<parentObject>7482550B-8DB3-8B58-D80E-77F8F2A4FE1F</parentObject>
<structAttributeID>0D378CCB-E2D3-1EFB-0A50-92FEA8361D1E</structAttributeID>
<useDomainConstraints>false</useDomainConstraints>
<use>3</use>
<structuredType>B79F679F-5B3A-E27B-E6C1-C13FBC966EB8</structuredType>
<ownDataTypeParameters>,,</ownDataTypeParameters>
</nestedAttribute>
<nestedAttribute name="Info.callNo.phoneNo" directorySegmentName="seg_0" id="DB185944-35B1-576C-1DB0-D5BC62C03D7F">
<createdBy>10151</createdBy>
<createdTime>2022-10-09 13:13:21 UTC</createdTime>
<ownerDesignName>DBhw3</ownerDesignName>
<engineerTo>
<item key="17B22EE0-DE5E-7289-5174-986CC7F63751" value="true"/>
</engineerTo>
<nullsAllowed>true</nullsAllowed>
<parentObject>01B25A41-A158-1C0E-2D6B-2D0C7DF12662</parentObject>
<structAttributeID>49E13B21-BD56-1826-3779-BE058196A452</structAttributeID>
<use>0</use>
<logicalDatatype>LOGDT025</logicalDatatype>
<dataTypeSize>13</dataTypeSize>
<domain>34687D4A-E842-786D-6682-BEE0EBE91E67</domain>
<ownDataTypeParameters>13,,</ownDataTypeParameters>
</nestedAttribute>
<nestedAttribute name="Info.callNo.homeno" directorySegmentName="seg_0" id="EAFD8BFA-C26C-1B97-B399-C39B370E1397">
<createdBy>10151</createdBy>
<createdTime>2022-10-09 13:13:21 UTC</createdTime>
<ownerDesignName>DBhw3</ownerDesignName>
<engineerTo>
<item key="17B22EE0-DE5E-7289-5174-986CC7F63751" value="true"/>
</engineerTo>
<nullsAllowed>true</nullsAllowed>
<parentObject>01B25A41-A158-1C0E-2D6B-2D0C7DF12662</parentObject>
<structAttributeID>09C37227-1A2E-AB19-5182-BF324CC57851</structAttributeID>
<use>0</use>
<logicalDatatype>LOGDT025</logicalDatatype>
<dataTypeSize>13</dataTypeSize>
<domain>4430E4CB-67B0-B78D-958C-8CB137EE0380</domain>
<ownDataTypeParameters>13,,</ownDataTypeParameters>
</nestedAttribute>
<nestedAttribute name="Info.callNo.workplaceNo" directorySegmentName="seg_0" id="27793334-75DD-6E45-7553-A808AA59C767">
<createdBy>10151</createdBy>
<createdTime>2022-10-09 13:13:21 UTC</createdTime>
<ownerDesignName>DBhw3</ownerDesignName>
<engineerTo>
<item key="17B22EE0-DE5E-7289-5174-986CC7F63751" value="true"/>
</engineerTo>
<nullsAllowed>true</nullsAllowed>
<parentObject>01B25A41-A158-1C0E-2D6B-2D0C7DF12662</parentObject>
<structAttributeID>CFA31531-E68E-F250-137D-E13A173CBD11</structAttributeID>
<use>0</use>
<logicalDatatype>LOGDT025</logicalDatatype>
<dataTypeSize>13</dataTypeSize>
<domain>5D9783D4-DD43-F17A-F7A6-FCD18043568A</domain>
<ownDataTypeParameters>13,,</ownDataTypeParameters>
</nestedAttribute>
</nestedAttributes>
<identifiers itemClass="oracle.dbtools.crest.model.design.logical.CandidateKey">
<identifier id="ED33261B-3E00-DF51-4C2E-D5ECBF1441A5" name="Professor PK">
<createdBy>10151</createdBy>
<createdTime>2022-10-07 19:26:42 UTC</createdTime>
<ownerDesignName>DBhw3</ownerDesignName>
<engineerTo>
<item key="17B22EE0-DE5E-7289-5174-986CC7F63751" value="true"/>
</engineerTo>
<pk>true</pk>
<usedAttributes>
<attributeRef>4BDAD616-3CB9-BE42-4D3F-530A47949614</attributeRef>
</usedAttributes>
</identifier>
</identifiers>
</Entity>