<?xml version = '1.0' encoding = 'UTF-8'?>
<Entity class="oracle.dbtools.crest.model.design.logical.Entity" directorySegmentName="seg_0" id="C3728B06-B465-3C86-1466-147E3D1DE138" name="Lecture">
<createdBy>10151</createdBy>
<createdTime>2022-10-07 19:31:26 UTC</createdTime>
<ownerDesignName>DBhw3</ownerDesignName>
<engineerTo>
<item key="17B22EE0-DE5E-7289-5174-986CC7F63751" value="true"/>
</engineerTo>
<adequatelyNormalized>NO</adequatelyNormalized>
<expectedVolumes>0</expectedVolumes>
<fwdEngineeringStrategyName>Single Table</fwdEngineeringStrategyName>
<growthPercent>0</growthPercent>
<growthType>Year</growthType>
<maxVolumes>9999999</maxVolumes>
<minVolumes>0</minVolumes>
<normalForm>Third</normalForm>
<attributes itemClass="oracle.dbtools.crest.model.design.logical.Attribute">
<Attribute name="sName" id="0472E3E5-06E7-3340-269B-BCDB53F78455">
<createdBy>10151</createdBy>
<createdTime>2022-10-09 14:34:32 UTC</createdTime>
<generatorID>A8DBF6A0-3BE4-2151-B166-CD7F4CB78874</generatorID>
<ownerDesignName>DBhw3</ownerDesignName>
<engineerTo>
<item key="17B22EE0-DE5E-7289-5174-986CC7F63751" value="true"/>
</engineerTo>
<referedAttribute>DCF6B826-A171-AA06-E946-9F5CCA74D355</referedAttribute>
<use>0</use>
<logicalDatatype>LOGDT025</logicalDatatype>
<domain>7DF8EF8A-CCCB-B4E3-3103-F9D4C766597C</domain>
<ownDataTypeParameters>,,</ownDataTypeParameters>
</Attribute>
<Attribute name="roomNo" id="9461D20C-7C9E-0F4C-982A-8FF9863DAD3E">
<createdBy>10151</createdBy>
<createdTime>2022-10-08 11:26:09 UTC</createdTime>
<generatorID>9E888931-2615-55B8-C635-0A3693A0D63E</generatorID>
<ownerDesignName>DBhw3</ownerDesignName>
<engineerTo>
<item key="17B22EE0-DE5E-7289-5174-986CC7F63751" value="true"/>
</engineerTo>
<referedAttribute>7DB337BE-D5B3-726B-31F2-3A1A3C730B70</referedAttribute>
<use>0</use>
<logicalDatatype>LOGDT019</logicalDatatype>
<domain>3AF8B718-ABE9-5F4B-1183-8465C2D3A7D7</domain>
<ownDataTypeParameters>,,</ownDataTypeParameters>
</Attribute>
<Attribute name="bName" id="E7B746D5-77D9-9448-6529-E6BF7CF8FF35">
<createdBy>10151</createdBy>
<createdTime>2022-10-08 11:26:09 UTC</createdTime>
<generatorID>9E888931-2615-55B8-C635-0A3693A0D63E</generatorID>
<ownerDesignName>DBhw3</ownerDesignName>
<engineerTo>
<item key="17B22EE0-DE5E-7289-5174-986CC7F63751" value="true"/>
</engineerTo>
<referedAttribute>C21744CF-68DD-982B-2FB2-7BB9298E6418</referedAttribute>
<use>0</use>
<logicalDatatype>LOGDT025</logicalDatatype>
<domain>7DF8EF8A-CCCB-B4E3-3103-F9D4C766597C</domain>
<ownDataTypeParameters>,,</ownDataTypeParameters>
</Attribute>
<Attribute name="Professor_No" id="57D903C1-2001-A1ED-786E-17BC62000637">
<createdBy>10151</createdBy>
<createdTime>2022-10-08 12:42:14 UTC</createdTime>
<generatorID>E5D06A80-2F3D-074C-6512-3CCC0818F916</generatorID>
<ownerDesignName>DBhw3</ownerDesignName>
<engineerTo>
<item key="17B22EE0-DE5E-7289-5174-986CC7F63751" value="true"/>
</engineerTo>
<referedAttribute>4BDAD616-3CB9-BE42-4D3F-530A47949614</referedAttribute>
<use>0</use>
<logicalDatatype>LOGDT019</logicalDatatype>
<domain>CC156D6C-DD91-95E8-7DC3-60ACB58671D3</domain>
<ownDataTypeParameters>,,</ownDataTypeParameters>
</Attribute>
</attributes>
<identifiers itemClass="oracle.dbtools.crest.model.design.logical.CandidateKey">
<identifier id="18A5A196-0D91-76DA-B529-5EFF1B46CECD" name="Lecture PK">
<createdBy>10151</createdBy>
<createdTime>2022-10-07 19:31:36 UTC</createdTime>
<ownerDesignName>DBhw3</ownerDesignName>
<shouldEngineer>false</shouldEngineer>
<engineerTo>
<item key="17B22EE0-DE5E-7289-5174-986CC7F63751" value="false"/>
</engineerTo>
<pk>true</pk>
<usedAttributes>
<attributeRef>0472E3E5-06E7-3340-269B-BCDB53F78455</attributeRef>
</usedAttributes>
</identifier>
</identifiers>
</Entity>