<?xml version = '1.0' encoding = 'UTF-8'?>
<Entity class="oracle.dbtools.crest.model.design.logical.Entity" directorySegmentName="seg_0" id="1171CAA4-3035-D67D-7E1A-2639A790DF64" name="Shipping_Posting">
<createdBy>10151</createdBy>
<createdTime>2022-09-29 18:28:01 UTC</createdTime>
<ownerDesignName>DBhw2</ownerDesignName>
<engineerTo>
<item key="1D70CB78-46CB-D6F3-7797-FB636430C684" value="true"/>
</engineerTo>
<adequatelyNormalized>NO</adequatelyNormalized>
<expectedVolumes>0</expectedVolumes>
<fwdEngineeringStrategyName>Single Table</fwdEngineeringStrategyName>
<growthPercent>0</growthPercent>
<growthType>Year</growthType>
<maxVolumes>9999999</maxVolumes>
<minVolumes>0</minVolumes>
<normalForm>Third</normalForm>
<attributes itemClass="oracle.dbtools.crest.model.design.logical.Attribute">
<Attribute name="shipping_Title" id="6CF91364-EBAD-1EEA-DE98-1378E8E1FB02">
<createdBy>10151</createdBy>
<createdTime>2022-10-01 20:44:27 UTC</createdTime>
<generatorID>2FE1DCA3-4123-AE23-8753-3D2A8E2CB944</generatorID>
<ownerDesignName>DBhw2</ownerDesignName>
<engineerTo>
<item key="1D70CB78-46CB-D6F3-7797-FB636430C684" value="true"/>
</engineerTo>
<referedAttribute>4D6C7B9E-DC84-8DE6-9DEF-BA7B618C6F98</referedAttribute>
<use>0</use>
<logicalDatatype>LOGDT025</logicalDatatype>
<domain>056B496A-52CD-F522-8F59-A0CAE09C7C05</domain>
<ownDataTypeParameters>,,</ownDataTypeParameters>
</Attribute>
<Attribute name="ship_posting_Date" id="2A2B3E18-5E49-B577-7649-9B6B9AC62B88">
<createdBy>10151</createdBy>
<createdTime>2022-10-01 21:23:07 UTC</createdTime>
<generatorID>2FE1DCA3-4123-AE23-8753-3D2A8E2CB944</generatorID>
<ownerDesignName>DBhw2</ownerDesignName>
<engineerTo>
<item key="1D70CB78-46CB-D6F3-7797-FB636430C684" value="true"/>
</engineerTo>
<referedAttribute>BF25D30D-B05F-8E82-2887-01830CB249EB</referedAttribute>
<use>0</use>
<logicalDatatype>LOGDT007</logicalDatatype>
<domain>F4850004-7CB5-D5EA-66F9-BBFDDB3E082A</domain>
<ownDataTypeParameters>,,</ownDataTypeParameters>
<listOfRanges>
<rangeDef class="oracle.dbtools.crest.model.design.constraint.AVT">
<beginValue>date &apos;2022-01-01&apos;</beginValue>
<endValue>date &apos;2022-12-31&apos;</endValue>
</rangeDef>
</listOfRanges>
</Attribute>
<Attribute name="writer" id="049F0247-8666-47D8-E1DA-F91E4189B5B7">
<createdBy>10151</createdBy>
<createdTime>2022-10-01 20:48:29 UTC</createdTime>
<generatorID>452499E9-3F0E-04D1-2A0E-E8D3F8B91BA9</generatorID>
<ownerDesignName>DBhw2</ownerDesignName>
<engineerTo>
<item key="1D70CB78-46CB-D6F3-7797-FB636430C684" value="true"/>
</engineerTo>
<nullsAllowed>true</nullsAllowed>
<referedAttribute>8F5E6F07-499C-D383-9679-50DD8BE20652</referedAttribute>
<use>0</use>
<logicalDatatype>LOGDT025</logicalDatatype>
<domain>056B496A-52CD-F522-8F59-A0CAE09C7C05</domain>
<ownDataTypeParameters>,,</ownDataTypeParameters>
</Attribute>
</attributes>
<identifiers itemClass="oracle.dbtools.crest.model.design.logical.CandidateKey">
<identifier id="59C5532E-584F-AF21-2DE9-C84BFD5EA3A5" name="Shipping_Posting PK">
<createdBy>10151</createdBy>
<createdTime>2022-10-01 17:00:04 UTC</createdTime>
<ownerDesignName>DBhw2</ownerDesignName>
<shouldEngineer>false</shouldEngineer>
<engineerTo>
<item key="1D70CB78-46CB-D6F3-7797-FB636430C684" value="false"/>
</engineerTo>
<pk>true</pk>
<usedAttributes>
<attributeRef>6CF91364-EBAD-1EEA-DE98-1378E8E1FB02</attributeRef>
<attributeRef>2A2B3E18-5E49-B577-7649-9B6B9AC62B88</attributeRef>
</usedAttributes>
</identifier>
</identifiers>
</Entity>