<?xml version = '1.0' encoding = 'UTF-8'?>
<Entity class="oracle.dbtools.crest.model.design.logical.Entity" directorySegmentName="seg_0" id="162F48DF-3354-744D-F854-5D8FF909D98E" name="Answer">
<createdBy>10151</createdBy>
<createdTime>2022-10-02 09:00:05 UTC</createdTime>
<ownerDesignName>DBhw2</ownerDesignName>
<engineerTo>
<item key="1D70CB78-46CB-D6F3-7797-FB636430C684" value="true"/>
</engineerTo>
<adequatelyNormalized>NO</adequatelyNormalized>
<expectedVolumes>0</expectedVolumes>
<fwdEngineeringStrategyName>Single Table</fwdEngineeringStrategyName>
<growthPercent>0</growthPercent>
<growthType>Year</growthType>
<maxVolumes>9999999</maxVolumes>
<minVolumes>0</minVolumes>
<normalForm>Third</normalForm>
<attributes itemClass="oracle.dbtools.crest.model.design.logical.Attribute">
<Attribute name="title" id="AFE224DF-F32C-BCCC-0B59-EBB9F50E9F0B">
<createdBy>10151</createdBy>
<createdTime>2022-10-02 09:00:47 UTC</createdTime>
<generatorID>91338536-7F0F-20F3-2DF5-BF0002A93325</generatorID>
<ownerDesignName>DBhw2</ownerDesignName>
<engineerTo>
<item key="1D70CB78-46CB-D6F3-7797-FB636430C684" value="true"/>
</engineerTo>
<referedAttribute>4D6C7B9E-DC84-8DE6-9DEF-BA7B618C6F98</referedAttribute>
<use>0</use>
<logicalDatatype>LOGDT025</logicalDatatype>
<domain>056B496A-52CD-F522-8F59-A0CAE09C7C05</domain>
<ownDataTypeParameters>,,</ownDataTypeParameters>
</Attribute>
<Attribute name="posting_date" id="1AF41851-4B6E-B431-F1CE-A756E713EC0A">
<createdBy>10151</createdBy>
<createdTime>2022-10-02 09:00:47 UTC</createdTime>
<generatorID>91338536-7F0F-20F3-2DF5-BF0002A93325</generatorID>
<ownerDesignName>DBhw2</ownerDesignName>
<engineerTo>
<item key="1D70CB78-46CB-D6F3-7797-FB636430C684" value="true"/>
</engineerTo>
<referedAttribute>BF25D30D-B05F-8E82-2887-01830CB249EB</referedAttribute>
<use>0</use>
<logicalDatatype>LOGDT007</logicalDatatype>
<domain>F4850004-7CB5-D5EA-66F9-BBFDDB3E082A</domain>
<ownDataTypeParameters>,,</ownDataTypeParameters>
<listOfRanges>
<rangeDef class="oracle.dbtools.crest.model.design.constraint.AVT">
<beginValue>date &apos;2022-01-01&apos;</beginValue>
<endValue>date &apos;2022-12-31&apos;</endValue>
</rangeDef>
</listOfRanges>
</Attribute>
<Attribute name="manager_no" id="2C2A7B5F-A030-DF70-92D3-FB6C51D3641A">
<createdBy>10151</createdBy>
<createdTime>2022-10-02 09:01:26 UTC</createdTime>
<generatorID>F07D7409-7A4F-C579-AF20-14101374E128</generatorID>
<ownerDesignName>DBhw2</ownerDesignName>
<engineerTo>
<item key="1D70CB78-46CB-D6F3-7797-FB636430C684" value="true"/>
</engineerTo>
<referedAttribute>9FFF70CB-D874-AF86-DE39-07D7741E3601</referedAttribute>
<use>0</use>
<logicalDatatype>LOGDT019</logicalDatatype>
<domain>B61C4286-9FB8-84AA-2302-2A5CF6D7B99F</domain>
<ownDataTypeParameters>,,</ownDataTypeParameters>
</Attribute>
</attributes>
<identifiers itemClass="oracle.dbtools.crest.model.design.logical.CandidateKey">
<identifier id="27C5C9D8-6AE6-222E-3548-5543A7C19CC5" name="Answer PK">
<createdBy>10151</createdBy>
<createdTime>2022-10-02 09:00:47 UTC</createdTime>
<ownerDesignName>DBhw2</ownerDesignName>
<shouldEngineer>false</shouldEngineer>
<engineerTo>
<item key="1D70CB78-46CB-D6F3-7797-FB636430C684" value="false"/>
</engineerTo>
<pk>true</pk>
<usedAttributes>
<attributeRef>AFE224DF-F32C-BCCC-0B59-EBB9F50E9F0B</attributeRef>
<attributeRef>1AF41851-4B6E-B431-F1CE-A756E713EC0A</attributeRef>
<attributeRef>2C2A7B5F-A030-DF70-92D3-FB6C51D3641A</attributeRef>
</usedAttributes>
</identifier>
</identifiers>
</Entity>