<?xml version = '1.0' encoding = 'UTF-8'?>
<Entity class="oracle.dbtools.crest.model.design.logical.Entity" directorySegmentName="seg_0" id="64DDCD74-5AAB-64BB-2B6F-34A1C0F79052" name="User">
<createdBy>10151</createdBy>
<createdTime>2022-09-29 14:02:00 UTC</createdTime>
<ownerDesignName>DBhw2</ownerDesignName>
<engineerTo>
<item key="1D70CB78-46CB-D6F3-7797-FB636430C684" value="true"/>
</engineerTo>
<adequatelyNormalized>NO</adequatelyNormalized>
<expectedVolumes>0</expectedVolumes>
<fwdEngineeringStrategyName>Single Table</fwdEngineeringStrategyName>
<growthPercent>0</growthPercent>
<growthType>Year</growthType>
<maxVolumes>9999999</maxVolumes>
<minVolumes>0</minVolumes>
<normalForm>Third</normalForm>
<attributes itemClass="oracle.dbtools.crest.model.design.logical.Attribute">
<Attribute name="nickname" id="8F5E6F07-499C-D383-9679-50DD8BE20652">
<createdBy>10151</createdBy>
<createdTime>2022-09-29 18:16:09 UTC</createdTime>
<ownerDesignName>DBhw2</ownerDesignName>
<engineerTo>
<item key="1D70CB78-46CB-D6F3-7797-FB636430C684" value="true"/>
</engineerTo>
<use>0</use>
<logicalDatatype>LOGDT025</logicalDatatype>
<domain>056B496A-52CD-F522-8F59-A0CAE09C7C05</domain>
<ownDataTypeParameters>,,</ownDataTypeParameters>
</Attribute>
<Attribute name="home_address" id="2538745D-932B-BB64-7CA3-9312E191B232">
<createdBy>10151</createdBy>
<createdTime>2022-09-29 18:16:22 UTC</createdTime>
<ownerDesignName>DBhw2</ownerDesignName>
<engineerTo>
<item key="1D70CB78-46CB-D6F3-7797-FB636430C684" value="true"/>
</engineerTo>
<use>0</use>
<logicalDatatype>LOGDT024</logicalDatatype>
<domain>5EC83322-1670-3E49-0723-65FB212702D1</domain>
<ownDataTypeParameters>,,</ownDataTypeParameters>
</Attribute>
<Attribute name="work_address" id="42054C8F-EB1A-8378-AB15-AC464566EA82">
<createdBy>10151</createdBy>
<createdTime>2022-09-29 18:16:39 UTC</createdTime>
<ownerDesignName>DBhw2</ownerDesignName>
<engineerTo>
<item key="1D70CB78-46CB-D6F3-7797-FB636430C684" value="true"/>
</engineerTo>
<use>0</use>
<logicalDatatype>LOGDT024</logicalDatatype>
<domain>5EC83322-1670-3E49-0723-65FB212702D1</domain>
<ownDataTypeParameters>,,</ownDataTypeParameters>
</Attribute>
<Attribute name="home_pno" id="16F399BD-6463-94AB-42FF-29A35AA7C164">
<createdBy>10151</createdBy>
<createdTime>2022-09-29 18:16:48 UTC</createdTime>
<ownerDesignName>DBhw2</ownerDesignName>
<engineerTo>
<item key="1D70CB78-46CB-D6F3-7797-FB636430C684" value="true"/>
</engineerTo>
<use>0</use>
<logicalDatatype>LOGDT019</logicalDatatype>
<domain>CAF0EDF3-9833-488F-DA0B-21C72892C171</domain>
<ownDataTypeParameters>,,</ownDataTypeParameters>
</Attribute>
<Attribute name="email" id="B11D68F4-61E8-C842-82E9-08CD1F2E4161">
<createdBy>10151</createdBy>
<createdTime>2022-09-29 18:17:26 UTC</createdTime>
<ownerDesignName>DBhw2</ownerDesignName>
<engineerTo>
<item key="1D70CB78-46CB-D6F3-7797-FB636430C684" value="true"/>
</engineerTo>
<use>0</use>
<logicalDatatype>LOGDT025</logicalDatatype>
<domain>480FA508-BFAE-42D8-CB11-3892254AA5BC</domain>
<ownDataTypeParameters>,,</ownDataTypeParameters>
</Attribute>
<Attribute name="name" id="BE771284-A921-F944-C999-46A1079ABB8A">
<createdBy>10151</createdBy>
<createdTime>2022-09-29 18:16:16 UTC</createdTime>
<ownerDesignName>DBhw2</ownerDesignName>
<engineerTo>
<item key="1D70CB78-46CB-D6F3-7797-FB636430C684" value="true"/>
</engineerTo>
<nullsAllowed>true</nullsAllowed>
<use>0</use>
<logicalDatatype>LOGDT025</logicalDatatype>
<domain>056B496A-52CD-F522-8F59-A0CAE09C7C05</domain>
<ownDataTypeParameters>,,</ownDataTypeParameters>
</Attribute>
<Attribute name="work_pno" id="5761794A-309B-B882-07FC-DF86E2EA0118">
<createdBy>10151</createdBy>
<createdTime>2022-09-29 18:17:09 UTC</createdTime>
<ownerDesignName>DBhw2</ownerDesignName>
<engineerTo>
<item key="1D70CB78-46CB-D6F3-7797-FB636430C684" value="true"/>
</engineerTo>
<nullsAllowed>true</nullsAllowed>
<use>0</use>
<logicalDatatype>LOGDT019</logicalDatatype>
<domain>1D016137-1738-F55D-39A7-9E1D186907B9</domain>
<ownDataTypeParameters>,,</ownDataTypeParameters>
</Attribute>
</attributes>
<identifiers itemClass="oracle.dbtools.crest.model.design.logical.CandidateKey">
<identifier id="FAD02A8D-7BDF-EF0E-C877-715A3225AF2C" name="User PK">
<createdBy>10151</createdBy>
<createdTime>2022-10-01 16:56:53 UTC</createdTime>
<ownerDesignName>DBhw2</ownerDesignName>
<shouldEngineer>false</shouldEngineer>
<engineerTo>
<item key="1D70CB78-46CB-D6F3-7797-FB636430C684" value="false"/>
</engineerTo>
<pk>true</pk>
<usedAttributes>
<attributeRef>8F5E6F07-499C-D383-9679-50DD8BE20652</attributeRef>
</usedAttributes>
</identifier>
<identifier id="5158501E-D5D0-8ACF-B01C-9268E39E2306" name="Unique">
<createdBy>10151</createdBy>
<createdTime>2022-10-01 17:25:03 UTC</createdTime>
<ownerDesignName>DBhw2</ownerDesignName>
<shouldEngineer>false</shouldEngineer>
<engineerTo>
<item key="1D70CB78-46CB-D6F3-7797-FB636430C684" value="false"/>
</engineerTo>
<newElementsIDs>2538745D-932B-BB64-7CA3-9312E191B232,42054C8F-EB1A-8378-AB15-AC464566EA82</newElementsIDs>
<usedAttributes>
<attributeRef>2538745D-932B-BB64-7CA3-9312E191B232</attributeRef>
<attributeRef>42054C8F-EB1A-8378-AB15-AC464566EA82</attributeRef>
</usedAttributes>
</identifier>
</identifiers>
</Entity>