<?xml version = '1.0' encoding = 'UTF-8'?>
<Entity class="oracle.dbtools.crest.model.design.logical.Entity" directorySegmentName="seg_0" id="99BB7528-E110-603D-A10B-7ED7A7EEA24D" name="Posting">
<createdBy>10151</createdBy>
<createdTime>2022-10-01 20:29:32 UTC</createdTime>
<ownerDesignName>DBhw2</ownerDesignName>
<engineerTo>
<item key="1D70CB78-46CB-D6F3-7797-FB636430C684" value="true"/>
</engineerTo>
<adequatelyNormalized>NO</adequatelyNormalized>
<expectedVolumes>0</expectedVolumes>
<fwdEngineeringStrategyName>Single Table</fwdEngineeringStrategyName>
<growthPercent>0</growthPercent>
<growthType>Year</growthType>
<maxVolumes>9999999</maxVolumes>
<minVolumes>0</minVolumes>
<normalForm>Third</normalForm>
<attributes itemClass="oracle.dbtools.crest.model.design.logical.Attribute">
<Attribute name="title" id="4D6C7B9E-DC84-8DE6-9DEF-BA7B618C6F98">
<createdBy>10151</createdBy>
<createdTime>2022-10-01 20:29:42 UTC</createdTime>
<ownerDesignName>DBhw2</ownerDesignName>
<engineerTo>
<item key="1D70CB78-46CB-D6F3-7797-FB636430C684" value="true"/>
</engineerTo>
<use>0</use>
<logicalDatatype>LOGDT025</logicalDatatype>
<domain>056B496A-52CD-F522-8F59-A0CAE09C7C05</domain>
<ownDataTypeParameters>,,</ownDataTypeParameters>
</Attribute>
<Attribute name="posting_date" id="BF25D30D-B05F-8E82-2887-01830CB249EB">
<createdBy>10151</createdBy>
<createdTime>2022-10-01 20:34:49 UTC</createdTime>
<ownerDesignName>DBhw2</ownerDesignName>
<engineerTo>
<item key="1D70CB78-46CB-D6F3-7797-FB636430C684" value="true"/>
</engineerTo>
<use>0</use>
<logicalDatatype>LOGDT007</logicalDatatype>
<domain>F4850004-7CB5-D5EA-66F9-BBFDDB3E082A</domain>
<ownDataTypeParameters>,,</ownDataTypeParameters>
<listOfRanges>
<rangeDef class="oracle.dbtools.crest.model.design.constraint.AVT">
<beginValue>date &apos;2022-01-01&apos;</beginValue>
<endValue>date &apos;2022-12-31&apos;</endValue>
</rangeDef>
</listOfRanges>
</Attribute>
<Attribute name="context" id="1E9F24F5-3651-A15B-3465-DA988BC29897">
<createdBy>10151</createdBy>
<createdTime>2022-10-01 20:34:35 UTC</createdTime>
<ownerDesignName>DBhw2</ownerDesignName>
<engineerTo>
<item key="1D70CB78-46CB-D6F3-7797-FB636430C684" value="true"/>
</engineerTo>
<nullsAllowed>true</nullsAllowed>
<use>0</use>
<logicalDatatype>LOGDT024</logicalDatatype>
<domain>38467AE3-53B7-6042-4A58-726F93EB1F0A</domain>
<ownDataTypeParameters>,,</ownDataTypeParameters>
</Attribute>
</attributes>
<identifiers itemClass="oracle.dbtools.crest.model.design.logical.CandidateKey">
<identifier id="499B4851-56D4-F66D-0C22-51EDB2FA6C6B" name="Posting PK">
<createdBy>10151</createdBy>
<createdTime>2022-10-01 20:44:24 UTC</createdTime>
<ownerDesignName>DBhw2</ownerDesignName>
<shouldEngineer>false</shouldEngineer>
<engineerTo>
<item key="1D70CB78-46CB-D6F3-7797-FB636430C684" value="false"/>
</engineerTo>
<pk>true</pk>
<usedAttributes>
<attributeRef>4D6C7B9E-DC84-8DE6-9DEF-BA7B618C6F98</attributeRef>
<attributeRef>BF25D30D-B05F-8E82-2887-01830CB249EB</attributeRef>
</usedAttributes>
</identifier>
</identifiers>
</Entity>