<?xml version = '1.0' encoding = 'UTF-8'?>
<Entity class="oracle.dbtools.crest.model.design.logical.Entity" directorySegmentName="seg_0" id="B5D7C31A-E0D0-F015-7B29-B1D2F3E3F6FE" name="employee">
<createdBy>10151</createdBy>
<createdTime>2022-10-01 21:36:59 UTC</createdTime>
<ownerDesignName>DBhw2</ownerDesignName>
<engineerTo>
<item key="1D70CB78-46CB-D6F3-7797-FB636430C684" value="true"/>
</engineerTo>
<adequatelyNormalized>NO</adequatelyNormalized>
<expectedVolumes>0</expectedVolumes>
<fwdEngineeringStrategyName>Single Table</fwdEngineeringStrategyName>
<growthPercent>0</growthPercent>
<growthType>Year</growthType>
<maxVolumes>9999999</maxVolumes>
<minVolumes>0</minVolumes>
<normalForm>Third</normalForm>
<attributes itemClass="oracle.dbtools.crest.model.design.logical.Attribute">
<Attribute name="emp_no" id="9FFF70CB-D874-AF86-DE39-07D7741E3601">
<createdBy>10151</createdBy>
<createdTime>2022-10-01 21:37:21 UTC</createdTime>
<ownerDesignName>DBhw2</ownerDesignName>
<engineerTo>
<item key="1D70CB78-46CB-D6F3-7797-FB636430C684" value="true"/>
</engineerTo>
<use>0</use>
<logicalDatatype>LOGDT019</logicalDatatype>
<domain>B61C4286-9FB8-84AA-2302-2A5CF6D7B99F</domain>
<ownDataTypeParameters>,,</ownDataTypeParameters>
</Attribute>
<Attribute name="nickname" id="51FB7D79-3A9F-6630-2B5A-02761E5C9A06">
<createdBy>10151</createdBy>
<createdTime>2022-10-01 21:37:37 UTC</createdTime>
<ownerDesignName>DBhw2</ownerDesignName>
<engineerTo>
<item key="1D70CB78-46CB-D6F3-7797-FB636430C684" value="true"/>
</engineerTo>
<use>0</use>
<logicalDatatype>LOGDT025</logicalDatatype>
<domain>B60690E5-1E9B-139C-B952-2BA7DF1E8DCD</domain>
<ownDataTypeParameters>,,</ownDataTypeParameters>
</Attribute>
<Attribute name="name" id="010D8F92-9BC0-A223-8270-F66587C1CAD0">
<createdBy>10151</createdBy>
<createdTime>2022-10-01 21:37:33 UTC</createdTime>
<ownerDesignName>DBhw2</ownerDesignName>
<engineerTo>
<item key="1D70CB78-46CB-D6F3-7797-FB636430C684" value="true"/>
</engineerTo>
<nullsAllowed>true</nullsAllowed>
<use>0</use>
<logicalDatatype>LOGDT025</logicalDatatype>
<domain>056B496A-52CD-F522-8F59-A0CAE09C7C05</domain>
<ownDataTypeParameters>,,</ownDataTypeParameters>
</Attribute>
<Attribute name="pno" id="A03DE530-3527-3D87-5A31-3B40B3F9E196">
<createdBy>10151</createdBy>
<createdTime>2022-10-01 21:37:50 UTC</createdTime>
<ownerDesignName>DBhw2</ownerDesignName>
<engineerTo>
<item key="1D70CB78-46CB-D6F3-7797-FB636430C684" value="true"/>
</engineerTo>
<nullsAllowed>true</nullsAllowed>
<use>0</use>
<logicalDatatype>LOGDT019</logicalDatatype>
<domain>CAF0EDF3-9833-488F-DA0B-21C72892C171</domain>
<ownDataTypeParameters>,,</ownDataTypeParameters>
</Attribute>
<Attribute name="address" id="9285491F-70F8-946C-DC44-B7F07CC22543">
<createdBy>10151</createdBy>
<createdTime>2022-10-01 21:37:58 UTC</createdTime>
<ownerDesignName>DBhw2</ownerDesignName>
<engineerTo>
<item key="1D70CB78-46CB-D6F3-7797-FB636430C684" value="true"/>
</engineerTo>
<nullsAllowed>true</nullsAllowed>
<use>0</use>
<logicalDatatype>LOGDT024</logicalDatatype>
<domain>5EC83322-1670-3E49-0723-65FB212702D1</domain>
<ownDataTypeParameters>,,</ownDataTypeParameters>
</Attribute>
<Attribute name="email" id="ECF7DF23-B50F-113A-CF82-0D4026C71A35">
<createdBy>10151</createdBy>
<createdTime>2022-10-01 21:38:04 UTC</createdTime>
<ownerDesignName>DBhw2</ownerDesignName>
<engineerTo>
<item key="1D70CB78-46CB-D6F3-7797-FB636430C684" value="true"/>
</engineerTo>
<nullsAllowed>true</nullsAllowed>
<use>0</use>
<logicalDatatype>LOGDT025</logicalDatatype>
<domain>480FA508-BFAE-42D8-CB11-3892254AA5BC</domain>
<ownDataTypeParameters>,,</ownDataTypeParameters>
</Attribute>
<Attribute name="department" id="3B6B4CBF-D2CB-3E3F-B2E9-6AC9508F8235">
<createdBy>10151</createdBy>
<createdTime>2022-10-01 22:13:45 UTC</createdTime>
<generatorID>05A3DD91-281B-287A-9FD3-9C135A946D68</generatorID>
<ownerDesignName>DBhw2</ownerDesignName>
<engineerTo>
<item key="1D70CB78-46CB-D6F3-7797-FB636430C684" value="true"/>
</engineerTo>
<referedAttribute>688B821D-473E-4240-9896-20F2862075E3</referedAttribute>
<use>0</use>
<logicalDatatype>LOGDT025</logicalDatatype>
<domain>056B496A-52CD-F522-8F59-A0CAE09C7C05</domain>
<ownDataTypeParameters>,,</ownDataTypeParameters>
</Attribute>
</attributes>
<identifiers itemClass="oracle.dbtools.crest.model.design.logical.CandidateKey">
<identifier id="FA51EC2F-7030-E458-0CF8-8BE2801004EC" name="employee PK">
<createdBy>10151</createdBy>
<createdTime>2022-10-01 21:37:31 UTC</createdTime>
<ownerDesignName>DBhw2</ownerDesignName>
<shouldEngineer>false</shouldEngineer>
<engineerTo>
<item key="1D70CB78-46CB-D6F3-7797-FB636430C684" value="false"/>
</engineerTo>
<pk>true</pk>
<usedAttributes>
<attributeRef>9FFF70CB-D874-AF86-DE39-07D7741E3601</attributeRef>
</usedAttributes>
</identifier>
<identifier id="7AA0D535-9B95-EDB2-3E70-0361B3D17E95" name="management">
<createdBy>10151</createdBy>
<createdTime>2022-10-01 22:01:01 UTC</createdTime>
<ownerDesignName>DBhw2</ownerDesignName>
<shouldEngineer>false</shouldEngineer>
<engineerTo>
<item key="1D70CB78-46CB-D6F3-7797-FB636430C684" value="false"/>
</engineerTo>
<newElementsIDs>51FB7D79-3A9F-6630-2B5A-02761E5C9A06</newElementsIDs>
<usedAttributes>
<attributeRef>51FB7D79-3A9F-6630-2B5A-02761E5C9A06</attributeRef>
</usedAttributes>
</identifier>
</identifiers>
</Entity>