<?xml version = '1.0' encoding = 'UTF-8'?>
<Entity class="oracle.dbtools.crest.model.design.logical.Entity" directorySegmentName="seg_0" id="C3ABFF17-5828-1E96-833A-B47876CB6682" name="Goods_Posting">
<createdBy>10151</createdBy>
<createdTime>2022-09-29 18:34:00 UTC</createdTime>
<ownerDesignName>DBhw2</ownerDesignName>
<engineerTo>
<item key="1D70CB78-46CB-D6F3-7797-FB636430C684" value="true"/>
</engineerTo>
<adequatelyNormalized>NO</adequatelyNormalized>
<expectedVolumes>0</expectedVolumes>
<fwdEngineeringStrategyName>Single Table</fwdEngineeringStrategyName>
<growthPercent>0</growthPercent>
<growthType>Year</growthType>
<maxVolumes>9999999</maxVolumes>
<minVolumes>0</minVolumes>
<normalForm>Third</normalForm>
<attributes itemClass="oracle.dbtools.crest.model.design.logical.Attribute">
<Attribute name="goods_Title" id="B18C7197-8102-CD99-C0EA-CA4620212AE4">
<createdBy>10151</createdBy>
<createdTime>2022-10-01 20:44:27 UTC</createdTime>
<generatorID>77A57072-CC4E-359E-26E4-40CF0ACB7CAD</generatorID>
<ownerDesignName>DBhw2</ownerDesignName>
<engineerTo>
<item key="1D70CB78-46CB-D6F3-7797-FB636430C684" value="true"/>
</engineerTo>
<referedAttribute>4D6C7B9E-DC84-8DE6-9DEF-BA7B618C6F98</referedAttribute>
<use>0</use>
<logicalDatatype>LOGDT025</logicalDatatype>
<domain>056B496A-52CD-F522-8F59-A0CAE09C7C05</domain>
<ownDataTypeParameters>,,</ownDataTypeParameters>
</Attribute>
<Attribute name="goods_posting_Date" id="A816060F-5901-76CF-D6E2-7F5A2E746623">
<createdBy>10151</createdBy>
<createdTime>2022-10-01 21:23:07 UTC</createdTime>
<generatorID>77A57072-CC4E-359E-26E4-40CF0ACB7CAD</generatorID>
<ownerDesignName>DBhw2</ownerDesignName>
<engineerTo>
<item key="1D70CB78-46CB-D6F3-7797-FB636430C684" value="true"/>
</engineerTo>
<referedAttribute>BF25D30D-B05F-8E82-2887-01830CB249EB</referedAttribute>
<use>0</use>
<logicalDatatype>LOGDT007</logicalDatatype>
<domain>F4850004-7CB5-D5EA-66F9-BBFDDB3E082A</domain>
<ownDataTypeParameters>,,</ownDataTypeParameters>
<listOfRanges>
<rangeDef class="oracle.dbtools.crest.model.design.constraint.AVT">
<beginValue>date &apos;2022-01-01&apos;</beginValue>
<endValue>date &apos;2022-12-31&apos;</endValue>
</rangeDef>
</listOfRanges>
</Attribute>
<Attribute name="writer" id="4C5F4060-9725-DC40-7693-3FA68815FF22">
<createdBy>10151</createdBy>
<createdTime>2022-10-01 21:29:54 UTC</createdTime>
<generatorID>2A3F5BCF-027F-ECFE-6C2F-3BA5B96C7081</generatorID>
<ownerDesignName>DBhw2</ownerDesignName>
<engineerTo>
<item key="1D70CB78-46CB-D6F3-7797-FB636430C684" value="true"/>
</engineerTo>
<nullsAllowed>true</nullsAllowed>
<referedAttribute>8F5E6F07-499C-D383-9679-50DD8BE20652</referedAttribute>
<use>0</use>
<logicalDatatype>LOGDT025</logicalDatatype>
<domain>056B496A-52CD-F522-8F59-A0CAE09C7C05</domain>
<ownDataTypeParameters>,,</ownDataTypeParameters>
</Attribute>
</attributes>
<identifiers itemClass="oracle.dbtools.crest.model.design.logical.CandidateKey">
<identifier id="A7791F9A-9666-7F2B-FF87-F6845993F646" name="Order_Posting PK">
<createdBy>10151</createdBy>
<createdTime>2022-09-30 17:36:10 UTC</createdTime>
<ownerDesignName>DBhw2</ownerDesignName>
<shouldEngineer>false</shouldEngineer>
<engineerTo>
<item key="1D70CB78-46CB-D6F3-7797-FB636430C684" value="false"/>
</engineerTo>
<pk>true</pk>
<usedAttributes>
<attributeRef>B18C7197-8102-CD99-C0EA-CA4620212AE4</attributeRef>
<attributeRef>A816060F-5901-76CF-D6E2-7F5A2E746623</attributeRef>
</usedAttributes>
</identifier>
</identifiers>
</Entity>