<?xml version = '1.0' encoding = 'UTF-8'?>
<Entity class="oracle.dbtools.crest.model.design.logical.Entity" directorySegmentName="seg_0" id="D6F9C145-210A-4DD7-5B5B-29004962E6B9" name="Order">
<createdBy>10151</createdBy>
<createdTime>2022-09-29 18:20:38 UTC</createdTime>
<ownerDesignName>DBhw2</ownerDesignName>
<engineerTo>
<item key="1D70CB78-46CB-D6F3-7797-FB636430C684" value="true"/>
</engineerTo>
<adequatelyNormalized>NO</adequatelyNormalized>
<expectedVolumes>0</expectedVolumes>
<fwdEngineeringStrategyName>Single Table</fwdEngineeringStrategyName>
<growthPercent>0</growthPercent>
<growthType>Year</growthType>
<maxVolumes>9999999</maxVolumes>
<minVolumes>0</minVolumes>
<normalForm>Third</normalForm>
<attributes itemClass="oracle.dbtools.crest.model.design.logical.Attribute">
<Attribute name="goods" id="9858993B-10A7-A80B-42AE-783A380F76AF">
<createdBy>10151</createdBy>
<createdTime>2022-09-29 18:21:37 UTC</createdTime>
<ownerDesignName>DBhw2</ownerDesignName>
<engineerTo>
<item key="1D70CB78-46CB-D6F3-7797-FB636430C684" value="true"/>
</engineerTo>
<use>0</use>
<logicalDatatype>LOGDT025</logicalDatatype>
<domain>A251B5D6-EA72-D18B-1F08-362832963F4B</domain>
<ownDataTypeParameters>,,</ownDataTypeParameters>
</Attribute>
<Attribute name="order_date" id="5968ECE5-33F3-4D9B-1FF9-4DAE2D0917CD">
<createdBy>10151</createdBy>
<createdTime>2022-09-29 18:20:48 UTC</createdTime>
<ownerDesignName>DBhw2</ownerDesignName>
<engineerTo>
<item key="1D70CB78-46CB-D6F3-7797-FB636430C684" value="true"/>
</engineerTo>
<use>0</use>
<logicalDatatype>LOGDT007</logicalDatatype>
<domain>F4850004-7CB5-D5EA-66F9-BBFDDB3E082A</domain>
<ownDataTypeParameters>,,</ownDataTypeParameters>
<listOfRanges>
<rangeDef class="oracle.dbtools.crest.model.design.constraint.AVT">
<beginValue>date &apos;2022-01-01&apos;</beginValue>
<endValue>date &apos;2022-12-31&apos;</endValue>
</rangeDef>
</listOfRanges>
</Attribute>
<Attribute name="shipping_address_choice1" id="DD2C8D08-143F-48E4-AF07-F4D767F0C2F4">
<createdBy>10151</createdBy>
<createdTime>2022-10-01 17:25:35 UTC</createdTime>
<generatorID>AF551EB2-BF1E-B990-9E5C-D36F4A54D1AC</generatorID>
<ownerDesignName>DBhw2</ownerDesignName>
<engineerTo>
<item key="1D70CB78-46CB-D6F3-7797-FB636430C684" value="true"/>
</engineerTo>
<nullsAllowed>true</nullsAllowed>
<referedAttribute>2538745D-932B-BB64-7CA3-9312E191B232</referedAttribute>
<use>0</use>
<logicalDatatype>LOGDT024</logicalDatatype>
<domain>5EC83322-1670-3E49-0723-65FB212702D1</domain>
<ownDataTypeParameters>,,</ownDataTypeParameters>
</Attribute>
<Attribute name="shipping_address_choice2" id="48407EA2-4CC9-D827-01C3-E530D8929F25">
<createdBy>10151</createdBy>
<createdTime>2022-10-02 09:33:33 UTC</createdTime>
<generatorID>AF551EB2-BF1E-B990-9E5C-D36F4A54D1AC</generatorID>
<ownerDesignName>DBhw2</ownerDesignName>
<engineerTo>
<item key="1D70CB78-46CB-D6F3-7797-FB636430C684" value="true"/>
</engineerTo>
<nullsAllowed>true</nullsAllowed>
<referedAttribute>42054C8F-EB1A-8378-AB15-AC464566EA82</referedAttribute>
<use>0</use>
<logicalDatatype>LOGDT024</logicalDatatype>
<domain>5EC83322-1670-3E49-0723-65FB212702D1</domain>
<ownDataTypeParameters>,,</ownDataTypeParameters>
</Attribute>
</attributes>
<identifiers itemClass="oracle.dbtools.crest.model.design.logical.CandidateKey">
<identifier id="0EE3469E-9CB9-65B1-1765-DB883EBE040A" name="Order PK">
<createdBy>10151</createdBy>
<createdTime>2022-10-01 17:05:54 UTC</createdTime>
<ownerDesignName>DBhw2</ownerDesignName>
<shouldEngineer>false</shouldEngineer>
<engineerTo>
<item key="1D70CB78-46CB-D6F3-7797-FB636430C684" value="false"/>
</engineerTo>
<pk>true</pk>
<usedAttributes>
<attributeRef>9858993B-10A7-A80B-42AE-783A380F76AF</attributeRef>
</usedAttributes>
</identifier>
</identifiers>
</Entity>