<?xml version = '1.0' encoding = 'UTF-8'?>
<FKIndexAssociation class="oracle.dbtools.crest.model.design.relational.FKIndexAssociation" directorySegmentName="seg_0" id="01716F5F-C165-8732-82A8-38CA7916A384" containerWithKeyObject="3C672753-C896-66A9-6438-0451E496AC7F" localFKIndex="1309544D-469F-C648-2FBA-C07F5C5B0382" name="s_to_L">
<createdBy>10151</createdBy>
<createdTime>2022-10-08 17:43:12 UTC</createdTime>
<generatorID>A7AAA9CD-6AE5-C2F9-FB14-A5F4C468AE22</generatorID>
<ownerDesignName>DBhw3</ownerDesignName>
<referredTableLongName>Subject</referredTableLongName>
<deleteRule>NO ACTION</deleteRule>
<referredTableID>425CE09A-1224-9958-47D3-14E441B22719</referredTableID>
<keyObject>196DB163-EF96-2389-2CE8-5C84C46CCC68</keyObject>
<referredKeyID>196DB163-EF96-2389-2CE8-5C84C46CCC68</referredKeyID>
<mandatory>true</mandatory>
<refColNames>name</refColNames>
<transferable>true</transferable>
<rely>false</rely>
<columnDependencyConstraintGenerateInDDL>true</columnDependencyConstraintGenerateInDDL>
</FKIndexAssociation>