<?xml version = '1.0' encoding = 'UTF-8'?>
<FKIndexAssociation class="oracle.dbtools.crest.model.design.relational.FKIndexAssociation" directorySegmentName="seg_0" id="081BFF74-B295-D808-73C5-51A82C84FC02" containerWithKeyObject="3C672753-C896-66A9-6438-0451E496AC7F" localFKIndex="EF3B6DAD-6265-C98F-08C0-8390580695C6" name="learn">
<createdBy>10151</createdBy>
<createdTime>2022-10-08 17:43:12 UTC</createdTime>
<generatorID>C86E655D-D885-A60E-1CED-A0572BD36B84</generatorID>
<ownerDesignName>DBhw3</ownerDesignName>
<referredTableLongName>Student</referredTableLongName>
<deleteRule>NO ACTION</deleteRule>
<referredTableID>4C24C8D0-D0F8-775A-107C-93B86C136DA4</referredTableID>
<keyObject>D57BCF82-B70C-5CC7-6E5D-346CC392BDDB</keyObject>
<referredKeyID>D57BCF82-B70C-5CC7-6E5D-346CC392BDDB</referredKeyID>
<mandatory>true</mandatory>
<refColNames>IDNo</refColNames>
<transferable>true</transferable>
<rely>false</rely>
<columnDependencyConstraintGenerateInDDL>true</columnDependencyConstraintGenerateInDDL>
</FKIndexAssociation>