<?xml version = '1.0' encoding = 'UTF-8'?>
<FKIndexAssociation class="oracle.dbtools.crest.model.design.relational.FKIndexAssociation" directorySegmentName="seg_0" id="1594FBA3-9C42-3CBC-A9D5-78B597FA90F4" containerWithKeyObject="497FC1AD-F34F-042B-1ED0-013BA2435B8B" localFKIndex="96B26002-58E8-CBEB-2110-13649E388377" name="Time_Lecture_time_FK">
<createdBy>10151</createdBy>
<createdTime>2022-10-08 17:43:12 UTC</createdTime>
<generatorID>8AD8D807-DC9A-2A88-7143-A6D7E9913D17</generatorID>
<ownerDesignName>DBhw3</ownerDesignName>
<referredTableLongName>Lecture_time</referredTableLongName>
<deleteRule>NO ACTION</deleteRule>
<referredTableID>07D48DA5-834C-F150-25BE-458F8D139FF8</referredTableID>
<keyObject>1A8042FC-FD72-7EC8-FDB6-ED5F8781F76F</keyObject>
<referredKeyID>1A8042FC-FD72-7EC8-FDB6-ED5F8781F76F</referredKeyID>
<mandatory>true</mandatory>
<refColNames>L_time,L_date</refColNames>
<transferable>true</transferable>
<rely>false</rely>
<columnDependencyConstraintGenerateInDDL>true</columnDependencyConstraintGenerateInDDL>
</FKIndexAssociation>