<?xml version = '1.0' encoding = 'UTF-8'?>
<FKIndexAssociation class="oracle.dbtools.crest.model.design.relational.FKIndexAssociation" directorySegmentName="seg_0" id="1A3D7F62-B53C-10D4-5075-1C18F083B183" containerWithKeyObject="3C672753-C896-66A9-6438-0451E496AC7F" localFKIndex="FDC99B7F-81FC-D32E-7B5E-72323DAC407A" name="learning_room">
<createdBy>10151</createdBy>
<createdTime>2022-10-08 17:43:12 UTC</createdTime>
<generatorID>9E888931-2615-55B8-C635-0A3693A0D63E</generatorID>
<ownerDesignName>DBhw3</ownerDesignName>
<referredTableLongName>Room</referredTableLongName>
<deleteRule>NO ACTION</deleteRule>
<referredTableID>062FB300-FBE7-8E68-1DD4-1775E478B62A</referredTableID>
<keyObject>0C616895-B334-5A03-91DC-F1179F77CF16</keyObject>
<referredKeyID>0C616895-B334-5A03-91DC-F1179F77CF16</referredKeyID>
<mandatory>true</mandatory>
<refColNames>rNO,buildingname</refColNames>
<transferable>true</transferable>
<rely>false</rely>
<columnDependencyConstraintGenerateInDDL>true</columnDependencyConstraintGenerateInDDL>
</FKIndexAssociation>