<?xml version = '1.0' encoding = 'UTF-8'?>
<FKIndexAssociation class="oracle.dbtools.crest.model.design.relational.FKIndexAssociation" directorySegmentName="seg_0" id="34A4B79E-9E04-4AB2-CDEE-C54CC8607E06" containerWithKeyObject="BEA0C4BD-8F0E-99A3-5B89-5011B8274085" localFKIndex="7BEFBFBD-47E3-36A5-3A2D-D2EFF51A6C0E" name="assistant_to_subjectv1">
<createdBy>10151</createdBy>
<createdTime>2022-10-08 17:43:12 UTC</createdTime>
<generatorID>3CB001BB-AA0D-4A0D-DA1C-8159E3E0B4D3</generatorID>
<ownerDesignName>DBhw3</ownerDesignName>
<referredTableLongName>Subject</referredTableLongName>
<deleteRule>NO ACTION</deleteRule>
<referredTableID>425CE09A-1224-9958-47D3-14E441B22719</referredTableID>
<keyObject>196DB163-EF96-2389-2CE8-5C84C46CCC68</keyObject>
<referredKeyID>196DB163-EF96-2389-2CE8-5C84C46CCC68</referredKeyID>
<mandatory>true</mandatory>
<refColNames>name</refColNames>
<transferable>true</transferable>
<rely>false</rely>
<columnDependencyConstraintGenerateInDDL>true</columnDependencyConstraintGenerateInDDL>
</FKIndexAssociation>