<?xml version = '1.0' encoding = 'UTF-8'?>
<FKIndexAssociation class="oracle.dbtools.crest.model.design.relational.FKIndexAssociation" directorySegmentName="seg_0" id="4B431E2E-863E-70EE-2A4D-7BD1727688C8" containerWithKeyObject="18719B23-C431-FAF5-030F-F6EABE3EE428" localFKIndex="C656292F-255A-2762-27D6-467619299F1C" name="head_department">
<createdBy>10151</createdBy>
<createdTime>2022-10-08 17:43:12 UTC</createdTime>
<generatorID>AA2B5421-304D-A7E3-6460-27D153C6794A</generatorID>
<ownerDesignName>DBhw3</ownerDesignName>
<referredTableLongName>Department</referredTableLongName>
<deleteRule>NO ACTION</deleteRule>
<referredTableID>4786D8B5-8A79-0B0C-0E24-5E7670F8EA82</referredTableID>
<keyObject>B7C6E9AF-EB16-57EB-2E53-2702A78B50BD</keyObject>
<referredKeyID>B7C6E9AF-EB16-57EB-2E53-2702A78B50BD</referredKeyID>
<mandatory>true</mandatory>
<refColNames>dName</refColNames>
<transferable>true</transferable>
<rely>false</rely>
<columnDependencyConstraintGenerateInDDL>true</columnDependencyConstraintGenerateInDDL>
</FKIndexAssociation>