<?xml version = '1.0' encoding = 'UTF-8'?>
<FKIndexAssociation class="oracle.dbtools.crest.model.design.relational.FKIndexAssociation" directorySegmentName="seg_0" id="7DCC72B3-98E5-1D68-2020-1743D4DA31FF" containerWithKeyObject="BEA0C4BD-8F0E-99A3-5B89-5011B8274085" localFKIndex="7D4DEB26-CDE6-6549-B4AE-A57D64211255" name="belong_assistant">
<createdBy>10151</createdBy>
<createdTime>2022-10-08 17:43:12 UTC</createdTime>
<generatorID>8E6231DD-F858-8A7B-7D4B-39C4BA8DF5BA</generatorID>
<ownerDesignName>DBhw3</ownerDesignName>
<referredTableLongName>Department</referredTableLongName>
<deleteRule>NO ACTION</deleteRule>
<referredTableID>4786D8B5-8A79-0B0C-0E24-5E7670F8EA82</referredTableID>
<keyObject>B7C6E9AF-EB16-57EB-2E53-2702A78B50BD</keyObject>
<referredKeyID>B7C6E9AF-EB16-57EB-2E53-2702A78B50BD</referredKeyID>
<mandatory>true</mandatory>
<refColNames>dName</refColNames>
<transferable>true</transferable>
<rely>false</rely>
<columnDependencyConstraintGenerateInDDL>true</columnDependencyConstraintGenerateInDDL>
</FKIndexAssociation>