<?xml version = '1.0' encoding = 'UTF-8'?>
<FKIndexAssociation class="oracle.dbtools.crest.model.design.relational.FKIndexAssociation" directorySegmentName="seg_0" id="803D6195-99BB-4C6D-44C1-D01E1AE85431" containerWithKeyObject="497FC1AD-F34F-042B-1ED0-013BA2435B8B" localFKIndex="BC82FA01-6B5B-339C-F461-4E30EC2632F6" name="Time_Lecture_FK">
<createdBy>10151</createdBy>
<createdTime>2022-10-08 17:43:12 UTC</createdTime>
<generatorID>8AD8D807-DC9A-2A88-7143-A6D7E9913D17</generatorID>
<ownerDesignName>DBhw3</ownerDesignName>
<referredTableLongName>Lecture</referredTableLongName>
<deleteRule>NO ACTION</deleteRule>
<referredTableID>3C672753-C896-66A9-6438-0451E496AC7F</referredTableID>
<keyObject>D9596C1D-17D0-8DBB-4F65-EF3FA4550B9C</keyObject>
<referredKeyID>D9596C1D-17D0-8DBB-4F65-EF3FA4550B9C</referredKeyID>
<mandatory>true</mandatory>
<refColNames>sName</refColNames>
<transferable>true</transferable>
<rely>false</rely>
<columnDependencyConstraintGenerateInDDL>true</columnDependencyConstraintGenerateInDDL>
</FKIndexAssociation>