<?xml version = '1.0' encoding = 'UTF-8'?>
<FKIndexAssociation class="oracle.dbtools.crest.model.design.relational.FKIndexAssociation" directorySegmentName="seg_0" id="979C2C72-E031-EFEA-228B-D596C8508FC4" containerWithKeyObject="A4DCF317-83A2-1732-0409-AF0C78CD1E57" localFKIndex="75B9E947-0254-57D5-C266-2361CB2480F4" name="belong_professor">
<createdBy>10151</createdBy>
<createdTime>2022-10-08 17:43:12 UTC</createdTime>
<generatorID>1C7FBABA-EC34-8D62-761D-504CE932CD45</generatorID>
<ownerDesignName>DBhw3</ownerDesignName>
<referredTableLongName>Department</referredTableLongName>
<deleteRule>NO ACTION</deleteRule>
<referredTableID>4786D8B5-8A79-0B0C-0E24-5E7670F8EA82</referredTableID>
<keyObject>B7C6E9AF-EB16-57EB-2E53-2702A78B50BD</keyObject>
<referredKeyID>B7C6E9AF-EB16-57EB-2E53-2702A78B50BD</referredKeyID>
<mandatory>true</mandatory>
<refColNames>dName</refColNames>
<transferable>true</transferable>
<rely>false</rely>
<columnDependencyConstraintGenerateInDDL>true</columnDependencyConstraintGenerateInDDL>
</FKIndexAssociation>