<?xml version = '1.0' encoding = 'UTF-8'?>
<FKIndexAssociation class="oracle.dbtools.crest.model.design.relational.FKIndexAssociation" directorySegmentName="seg_0" id="B73EFF5D-2559-80BF-92DB-70A2F561DE58" containerWithKeyObject="4FF178C3-1C60-4402-387A-CB770817FA5B" localFKIndex="EE28F5EE-BA14-59C6-798A-A1DB926E99ED" name="responsibility_Subject_FK">
<createdBy>10151</createdBy>
<createdTime>2022-10-08 17:43:12 UTC</createdTime>
<generatorID>6A9FF635-81E9-E5D4-46C0-705D5F40D1EC</generatorID>
<ownerDesignName>DBhw3</ownerDesignName>
<referredTableLongName>Subject</referredTableLongName>
<deleteRule>NO ACTION</deleteRule>
<referredTableID>425CE09A-1224-9958-47D3-14E441B22719</referredTableID>
<keyObject>196DB163-EF96-2389-2CE8-5C84C46CCC68</keyObject>
<referredKeyID>196DB163-EF96-2389-2CE8-5C84C46CCC68</referredKeyID>
<mandatory>true</mandatory>
<refColNames>name</refColNames>
<transferable>true</transferable>
<rely>false</rely>
<columnDependencyConstraintGenerateInDDL>true</columnDependencyConstraintGenerateInDDL>
</FKIndexAssociation>