<?xml version = '1.0' encoding = 'UTF-8'?>
<FKIndexAssociation class="oracle.dbtools.crest.model.design.relational.FKIndexAssociation" directorySegmentName="seg_0" id="BBD11420-588A-7520-70F8-230C7103737D" containerWithKeyObject="4C24C8D0-D0F8-775A-107C-93B86C136DA4" localFKIndex="829B36DD-2119-E836-B376-FF713D8E4478" name="belong">
<createdBy>10151</createdBy>
<createdTime>2022-10-08 17:43:12 UTC</createdTime>
<generatorID>0E8B4D5D-77C2-D7A8-FFAE-D0B04E39B382</generatorID>
<ownerDesignName>DBhw3</ownerDesignName>
<referredTableLongName>Department</referredTableLongName>
<deleteRule>NO ACTION</deleteRule>
<referredTableID>4786D8B5-8A79-0B0C-0E24-5E7670F8EA82</referredTableID>
<keyObject>B7C6E9AF-EB16-57EB-2E53-2702A78B50BD</keyObject>
<referredKeyID>B7C6E9AF-EB16-57EB-2E53-2702A78B50BD</referredKeyID>
<mandatory>true</mandatory>
<refColNames>dName</refColNames>
<transferable>true</transferable>
<rely>false</rely>
<columnDependencyConstraintGenerateInDDL>true</columnDependencyConstraintGenerateInDDL>
</FKIndexAssociation>