<?xml version = '1.0' encoding = 'UTF-8'?>
<FKIndexAssociation class="oracle.dbtools.crest.model.design.relational.FKIndexAssociation" directorySegmentName="seg_0" id="C43B143A-5380-ABB5-C1DE-27464C1367FE" containerWithKeyObject="4FF178C3-1C60-4402-387A-CB770817FA5B" localFKIndex="563FD45B-1199-87C6-7827-CEB8F580C63E" name="responsibility_Professor_FK">
<createdBy>10151</createdBy>
<createdTime>2022-10-08 17:43:12 UTC</createdTime>
<generatorID>6A9FF635-81E9-E5D4-46C0-705D5F40D1EC</generatorID>
<ownerDesignName>DBhw3</ownerDesignName>
<referredTableLongName>Professor</referredTableLongName>
<deleteRule>NO ACTION</deleteRule>
<referredTableID>A4DCF317-83A2-1732-0409-AF0C78CD1E57</referredTableID>
<keyObject>FB65B17B-24FF-158B-90CE-46A5740E4964</keyObject>
<referredKeyID>FB65B17B-24FF-158B-90CE-46A5740E4964</referredKeyID>
<mandatory>true</mandatory>
<refColNames>ProNo</refColNames>
<transferable>true</transferable>
<rely>false</rely>
<columnDependencyConstraintGenerateInDDL>true</columnDependencyConstraintGenerateInDDL>
</FKIndexAssociation>