<?xml version = '1.0' encoding = 'UTF-8'?>
<FKIndexAssociation class="oracle.dbtools.crest.model.design.relational.FKIndexAssociation" directorySegmentName="seg_0" id="C955096C-E6F1-1A07-4EA8-EE124C51C247" containerWithKeyObject="18719B23-C431-FAF5-030F-F6EABE3EE428" localFKIndex="3F8FE972-0875-6A45-84CD-FB581D578ACB" name="professor_head">
<createdBy>10151</createdBy>
<createdTime>2022-10-08 17:43:12 UTC</createdTime>
<generatorID>AC50753F-5209-2F74-1375-9AB3CC7C3862</generatorID>
<ownerDesignName>DBhw3</ownerDesignName>
<referredTableLongName>Professor</referredTableLongName>
<deleteRule>NO ACTION</deleteRule>
<referredTableID>A4DCF317-83A2-1732-0409-AF0C78CD1E57</referredTableID>
<keyObject>FB65B17B-24FF-158B-90CE-46A5740E4964</keyObject>
<referredKeyID>FB65B17B-24FF-158B-90CE-46A5740E4964</referredKeyID>
<mandatory>true</mandatory>
<refColNames>ProNo</refColNames>
<transferable>true</transferable>
<rely>false</rely>
<columnDependencyConstraintGenerateInDDL>true</columnDependencyConstraintGenerateInDDL>
</FKIndexAssociation>