<?xml version = '1.0' encoding = 'UTF-8'?>
<FKIndexAssociation class="oracle.dbtools.crest.model.design.relational.FKIndexAssociation" directorySegmentName="seg_0" id="D57B1583-257F-6C54-1C05-82BBBBFBF70B" containerWithKeyObject="425CE09A-1224-9958-47D3-14E441B22719" localFKIndex="915C9548-86BA-6BC0-1256-555121B0A092" name="assistant_to_subject">
<createdBy>10151</createdBy>
<createdTime>2022-10-08 17:43:12 UTC</createdTime>
<generatorID>3CB001BB-AA0D-4A0D-DA1C-8159E3E0B4D3</generatorID>
<ownerDesignName>DBhw3</ownerDesignName>
<referredTableLongName>assiatant</referredTableLongName>
<deleteRule>NO ACTION</deleteRule>
<referredTableID>BEA0C4BD-8F0E-99A3-5B89-5011B8274085</referredTableID>
<keyObject>36F7A65B-517E-6ADA-3C72-69AEF52EABF6</keyObject>
<referredKeyID>36F7A65B-517E-6ADA-3C72-69AEF52EABF6</referredKeyID>
<mandatory>true</mandatory>
<refColNames>aNo</refColNames>
<transferable>true</transferable>
<rely>false</rely>
<columnDependencyConstraintGenerateInDDL>true</columnDependencyConstraintGenerateInDDL>
</FKIndexAssociation>