<?xml version = '1.0' encoding = 'UTF-8'?>
<FKIndexAssociation class="oracle.dbtools.crest.model.design.relational.FKIndexAssociation" directorySegmentName="seg_0" id="D990B850-73A5-6DCD-912E-25286C0D730E" containerWithKeyObject="4C24C8D0-D0F8-775A-107C-93B86C136DA4" localFKIndex="DA5976A8-6151-E688-C36A-451B191E62C5" name="sub_department">
<createdBy>10151</createdBy>
<createdTime>2022-10-08 17:43:12 UTC</createdTime>
<generatorID>81A27580-0055-452D-AADF-06E2FD4CE51E</generatorID>
<ownerDesignName>DBhw3</ownerDesignName>
<referredTableLongName>Department</referredTableLongName>
<deleteRule>NO ACTION</deleteRule>
<referredTableID>4786D8B5-8A79-0B0C-0E24-5E7670F8EA82</referredTableID>
<keyObject>B7C6E9AF-EB16-57EB-2E53-2702A78B50BD</keyObject>
<referredKeyID>B7C6E9AF-EB16-57EB-2E53-2702A78B50BD</referredKeyID>
<mandatory>false</mandatory>
<refColNames>dName</refColNames>
<transferable>true</transferable>
<rely>false</rely>
<columnDependencyConstraintGenerateInDDL>true</columnDependencyConstraintGenerateInDDL>
</FKIndexAssociation>