<?xml version = '1.0' encoding = 'UTF-8'?>
<FKIndexAssociation class="oracle.dbtools.crest.model.design.relational.FKIndexAssociation" directorySegmentName="seg_0" id="EC631B31-A0A7-D2E4-CE4D-22619BAAD392" containerWithKeyObject="3C672753-C896-66A9-6438-0451E496AC7F" localFKIndex="AA3BC0F8-9D57-3A9E-E539-8FBABB7E1A32" name="teach">
<createdBy>10151</createdBy>
<createdTime>2022-10-08 17:43:12 UTC</createdTime>
<generatorID>E5D06A80-2F3D-074C-6512-3CCC0818F916</generatorID>
<ownerDesignName>DBhw3</ownerDesignName>
<referredTableLongName>Professor</referredTableLongName>
<deleteRule>NO ACTION</deleteRule>
<referredTableID>A4DCF317-83A2-1732-0409-AF0C78CD1E57</referredTableID>
<keyObject>FB65B17B-24FF-158B-90CE-46A5740E4964</keyObject>
<referredKeyID>FB65B17B-24FF-158B-90CE-46A5740E4964</referredKeyID>
<mandatory>true</mandatory>
<refColNames>ProNo</refColNames>
<transferable>true</transferable>
<rely>false</rely>
<columnDependencyConstraintGenerateInDDL>true</columnDependencyConstraintGenerateInDDL>
</FKIndexAssociation>