<?xml version = '1.0' encoding = 'UTF-8'?>
<Diagram class="oracle.dbtools.crest.swingui.logical.DPVLogical" name="Logical" id="FA8E2CC3-6059-B9EB-494F-7A5A62E8FE6E">
<createdBy>10151</createdBy>
<modifiedBy>10151</modifiedBy>
<createdTime>2022-10-07 14:39:47 UTC</createdTime>
<autoRoute>false</autoRoute>
<boxInbox>true</boxInbox>
<showLegend>false</showLegend>
<showLabels>false</showLabels>
<showRelAttributes>false</showRelAttributes>
<gridEnabled>false</gridEnabled>
<showGrid>false</showGrid>
<diagramColor>-1</diagramColor>
<display>false</display>
<notation>2</notation>
<objectViews>
<OView class="oracle.dbtools.crest.swingui.logical.TVEntity" oid="12E86DF4-18C5-1A8F-7040-B8634FEC867F" otype="Entity" vid="1C9EE8B1-3405-C2E6-42E2-CB5EF6A25245">
<hideElementsInCurrentOnly>false</hideElementsInCurrentOnly>
<bounds x="345" y="350" width="259" height="189"/>
</OView>
<OView class="oracle.dbtools.crest.swingui.logical.TVEntity" oid="25792029-2921-EE43-DCCB-18C40C765865" otype="Entity" vid="231F5857-9B5A-BC9A-FBCA-FC4323574A8A">
<hideElementsInCurrentOnly>false</hideElementsInCurrentOnly>
<bounds x="1237" y="619" width="200" height="204"/>
</OView>
<OView class="oracle.dbtools.crest.swingui.logical.TVEntity" oid="3A98840C-D69F-AA28-F64C-0FEB808B45F9" otype="Entity" vid="18202DB9-3325-1435-CFC2-B45095FA4F4E">
<hideElementsInCurrentOnly>false</hideElementsInCurrentOnly>
<bounds x="467" y="620" width="288" height="187"/>
</OView>
<OView class="oracle.dbtools.crest.swingui.logical.TVEntity" oid="6E274246-7E2C-A3BD-38DA-DEC80D382E1D" otype="Entity" vid="2B335026-17FF-564D-B1CB-CF28A0286575">
<hideElementsInCurrentOnly>false</hideElementsInCurrentOnly>
<bounds x="628" y="260" width="203" height="148"/>
</OView>
<OView class="oracle.dbtools.crest.swingui.logical.TVEntity" oid="71F6F889-BACD-B406-1E5B-C8690854C24E" otype="Entity" vid="FA99C71D-FEAB-EAB2-0D0D-953C105B51C9">
<hideElementsInCurrentOnly>false</hideElementsInCurrentOnly>
<bounds x="43" y="57" width="155" height="105"/>
</OView>
<OView class="oracle.dbtools.crest.swingui.logical.TVEntity" oid="7F406B4C-F18B-A2A5-2620-405EF27D949D" otype="Entity" vid="9D6079C1-BAE3-CBB9-B33F-6812A23EB224">
<hideElementsInCurrentOnly>false</hideElementsInCurrentOnly>
<bounds x="1227" y="219" width="225" height="208"/>
</OView>
<OView class="oracle.dbtools.crest.swingui.logical.TVEntity" oid="959FE40F-DB87-2F08-10C7-00445A22B3AC" otype="Entity" vid="363BF555-5BC7-62C9-ADF8-0732F9D94B9A">
<hideElementsInCurrentOnly>false</hideElementsInCurrentOnly>
<bounds x="21" y="326" width="235" height="197"/>
</OView>
<OView class="oracle.dbtools.crest.swingui.logical.TVEntity" oid="A12741FA-803A-854E-ADEC-B80B33D66CDE" otype="Entity" vid="7B312ED6-1493-48D9-0232-1D93CEA2439A">
<hideElementsInCurrentOnly>false</hideElementsInCurrentOnly>
<bounds x="334" y="39" width="246" height="214"/>
</OView>
<OView class="oracle.dbtools.crest.swingui.logical.TVEntity" oid="C3728B06-B465-3C86-1466-147E3D1DE138" otype="Entity" vid="08054F06-15D2-EBD2-1EBC-C9BDBB2133B0">
<hideElementsInCurrentOnly>false</hideElementsInCurrentOnly>
<bounds x="931" y="260" width="184" height="204"/>
</OView>
</objectViews>
<connectors>
<Connector class="oracle.dbtools.crest.swingui.logical.TVRelation" oid="0E8B4D5D-77C2-D7A8-FFAE-D0B04E39B382" otype="Relation" vid_source="18202DB9-3325-1435-CFC2-B45095FA4F4E" vid_target="363BF555-5BC7-62C9-ADF8-0732F9D94B9A">
<hideElementsInCurrentOnly>false</hideElementsInCurrentOnly>
<backgroundColor>-16777216</backgroundColor>
<lineWidth>1</lineWidth>
<points>
<point x="467" y="775"/>
<point x="87" y="775"/>
<point x="87" y="523"/>
</points>
</Connector>
<Connector class="oracle.dbtools.crest.swingui.logical.TVRelation" oid="1C7FBABA-EC34-8D62-761D-504CE932CD45" otype="Relation" vid_source="363BF555-5BC7-62C9-ADF8-0732F9D94B9A" vid_target="7B312ED6-1493-48D9-0232-1D93CEA2439A">
<hideElementsInCurrentOnly>false</hideElementsInCurrentOnly>
<backgroundColor>-16777216</backgroundColor>
<lineWidth>1</lineWidth>
<points>
<point x="192" y="326"/>
<point x="192" y="213"/>
<point x="334" y="213"/>
</points>
</Connector>
<Connector class="oracle.dbtools.crest.swingui.logical.TVRelation" oid="3CB001BB-AA0D-4A0D-DA1C-8159E3E0B4D3" otype="Relation" vid_source="1C9EE8B1-3405-C2E6-42E2-CB5EF6A25245" vid_target="9D6079C1-BAE3-CBB9-B33F-6812A23EB224">
<hideElementsInCurrentOnly>false</hideElementsInCurrentOnly>
<backgroundColor>-16777216</backgroundColor>
<lineWidth>1</lineWidth>
<points>
<point x="604" y="505"/>
<point x="1344" y="505"/>
<point x="1344" y="427"/>
</points>
</Connector>
<Connector class="oracle.dbtools.crest.swingui.logical.TVRelation" oid="6A9FF635-81E9-E5D4-46C0-705D5F40D1EC" otype="Relation" vid_source="7B312ED6-1493-48D9-0232-1D93CEA2439A" vid_target="9D6079C1-BAE3-CBB9-B33F-6812A23EB224">
<hideElementsInCurrentOnly>false</hideElementsInCurrentOnly>
<backgroundColor>-16777216</backgroundColor>
<lineWidth>1</lineWidth>
<points>
<point x="580" y="91"/>
<point x="1291" y="91"/>
<point x="1291" y="219"/>
</points>
</Connector>
<Connector class="oracle.dbtools.crest.swingui.logical.TVRelation" oid="81A27580-0055-452D-AADF-06E2FD4CE51E" otype="Relation" vid_source="18202DB9-3325-1435-CFC2-B45095FA4F4E" vid_target="363BF555-5BC7-62C9-ADF8-0732F9D94B9A">
<hideElementsInCurrentOnly>false</hideElementsInCurrentOnly>
<backgroundColor>-16777216</backgroundColor>
<lineWidth>1</lineWidth>
<points>
<point x="467" y="700"/>
<point x="190" y="700"/>
<point x="190" y="523"/>
</points>
</Connector>
<Connector class="oracle.dbtools.crest.swingui.logical.TVRelation" oid="8AD8D807-DC9A-2A88-7143-A6D7E9913D17" otype="Relation" vid_source="2B335026-17FF-564D-B1CB-CF28A0286575" vid_target="08054F06-15D2-EBD2-1EBC-C9BDBB2133B0">
<hideElementsInCurrentOnly>false</hideElementsInCurrentOnly>
<backgroundColor>-16777216</backgroundColor>
<lineWidth>1</lineWidth>
<points>
<point x="831" y="334"/>
<point x="931" y="334"/>
</points>
</Connector>
<Connector class="oracle.dbtools.crest.swingui.logical.TVRelation" oid="8E6231DD-F858-8A7B-7D4B-39C4BA8DF5BA" otype="Relation" vid_source="363BF555-5BC7-62C9-ADF8-0732F9D94B9A" vid_target="1C9EE8B1-3405-C2E6-42E2-CB5EF6A25245">
<hideElementsInCurrentOnly>false</hideElementsInCurrentOnly>
<backgroundColor>-16777216</backgroundColor>
<lineWidth>1</lineWidth>
<points>
<point x="256" y="436"/>
<point x="345" y="436"/>
</points>
</Connector>
<Connector class="oracle.dbtools.crest.swingui.logical.TVRelation" oid="9E888931-2615-55B8-C635-0A3693A0D63E" otype="Relation" vid_source="231F5857-9B5A-BC9A-FBCA-FC4323574A8A" vid_target="08054F06-15D2-EBD2-1EBC-C9BDBB2133B0">
<hideElementsInCurrentOnly>false</hideElementsInCurrentOnly>
<backgroundColor>-16777216</backgroundColor>
<lineWidth>1</lineWidth>
<points>
<point x="1237" y="734"/>
<point x="1042" y="734"/>
<point x="1042" y="464"/>
</points>
</Connector>
<Connector class="oracle.dbtools.crest.swingui.logical.TVRelation" oid="A8DBF6A0-3BE4-2151-B166-CD7F4CB78874" otype="Relation" vid_source="9D6079C1-BAE3-CBB9-B33F-6812A23EB224" vid_target="08054F06-15D2-EBD2-1EBC-C9BDBB2133B0">
<hideElementsInCurrentOnly>false</hideElementsInCurrentOnly>
<backgroundColor>-16777216</backgroundColor>
<lineWidth>1</lineWidth>
<points>
<point x="1227" y="358"/>
<point x="1115" y="358"/>
</points>
</Connector>
<Connector class="oracle.dbtools.crest.swingui.logical.TVRelation" oid="AA2B5421-304D-A7E3-6460-27D153C6794A" otype="Relation" vid_source="363BF555-5BC7-62C9-ADF8-0732F9D94B9A" vid_target="FA99C71D-FEAB-EAB2-0D0D-953C105B51C9">
<hideElementsInCurrentOnly>false</hideElementsInCurrentOnly>
<backgroundColor>-16777216</backgroundColor>
<lineWidth>1</lineWidth>
<points>
<point x="120" y="326"/>
<point x="120" y="162"/>
</points>
</Connector>
<Connector class="oracle.dbtools.crest.swingui.logical.TVRelation" oid="AC50753F-5209-2F74-1375-9AB3CC7C3862" otype="Relation" vid_source="7B312ED6-1493-48D9-0232-1D93CEA2439A" vid_target="FA99C71D-FEAB-EAB2-0D0D-953C105B51C9">
<hideElementsInCurrentOnly>false</hideElementsInCurrentOnly>
<backgroundColor>-16777216</backgroundColor>
<lineWidth>1</lineWidth>
<points>
<point x="334" y="109"/>
<point x="198" y="109"/>
</points>
</Connector>
<Connector class="oracle.dbtools.crest.swingui.logical.TVRelation" oid="C86E655D-D885-A60E-1CED-A0572BD36B84" otype="Relation" vid_source="18202DB9-3325-1435-CFC2-B45095FA4F4E" vid_target="08054F06-15D2-EBD2-1EBC-C9BDBB2133B0">
<hideElementsInCurrentOnly>false</hideElementsInCurrentOnly>
<backgroundColor>-16777216</backgroundColor>
<lineWidth>1</lineWidth>
<points>
<point x="755" y="738"/>
<point x="977" y="738"/>
<point x="977" y="464"/>
</points>
</Connector>
<Connector class="oracle.dbtools.crest.swingui.logical.TVRelation" oid="E5D06A80-2F3D-074C-6512-3CCC0818F916" otype="Relation" vid_source="7B312ED6-1493-48D9-0232-1D93CEA2439A" vid_target="08054F06-15D2-EBD2-1EBC-C9BDBB2133B0">
<hideElementsInCurrentOnly>false</hideElementsInCurrentOnly>
<backgroundColor>-16777216</backgroundColor>
<lineWidth>1</lineWidth>
<points>
<point x="580" y="176"/>
<point x="1004" y="176"/>
<point x="1004" y="260"/>
</points>
</Connector>
</connectors>
</Diagram>