<?xml version = '1.0' encoding = 'UTF-8'?>
<DomainFile class="oracle.dbtools.crest.model.design.DomainFileWrapper" fileName="MovieDB">
<domains>
<Domain class="oracle.dbtools.crest.model.design.Domain" name="add_ty" id="0748DC71-A91A-118F-8EDD-ADE2BF86F58B">
<createdBy>10151</createdBy>
<createdTime>2022-09-17 17:47:36 UTC</createdTime>
<ownerDesignName>DBhw1</ownerDesignName>
<avTSortOrder>0</avTSortOrder>
<dataTypeSize>255</dataTypeSize>
<fileName>MovieDB</fileName>
<logicalDatatype>LOGDT024</logicalDatatype>
</Domain>
<Domain class="oracle.dbtools.crest.model.design.Domain" name="col_ty" id="194451C9-D9C6-A1FA-BEA3-204AA4C38B32">
<createdBy>10151</createdBy>
<createdTime>2022-09-17 17:30:33 UTC</createdTime>
<ownerDesignName>DBhw1</ownerDesignName>
<avTSortOrder>0</avTSortOrder>
<dataTypeSize>5</dataTypeSize>
<fileName>MovieDB</fileName>
<logicalDatatype>LOGDT025</logicalDatatype>
<listOfValues>
<valueDef value="F" description=""/>
<valueDef value="T" description=""/>
<valueDef value="f" description=""/>
<valueDef value="false" description=""/>
<valueDef value="t" description=""/>
<valueDef value="true" description=""/>
</listOfValues>
</Domain>
<Domain class="oracle.dbtools.crest.model.design.Domain" name="name_ty" id="25866B11-AD40-7E90-7574-D03219C65A85">
<createdBy>10151</createdBy>
<createdTime>2022-09-17 17:45:23 UTC</createdTime>
<ownerDesignName>DBhw1</ownerDesignName>
<avTSortOrder>0</avTSortOrder>
<dataTypeSize>30</dataTypeSize>
<fileName>MovieDB</fileName>
<logicalDatatype>LOGDT024</logicalDatatype>
</Domain>
<Domain class="oracle.dbtools.crest.model.design.Domain" name="yr_ty" id="34611CD3-4223-A0BF-E89E-7A5A4C3D6FF5">
<createdBy>10151</createdBy>
<createdTime>2022-09-17 17:29:56 UTC</createdTime>
<ownerDesignName>DBhw1</ownerDesignName>
<avTSortOrder>0</avTSortOrder>
<dataTypePrecision>4</dataTypePrecision>
<fileName>MovieDB</fileName>
<logicalDatatype>LOGDT019</logicalDatatype>
<listOfRanges>
<rangeDef class="oracle.dbtools.crest.model.design.constraint.AVT">
<beginValue>1900</beginValue>
<endValue>2022</endValue>
</rangeDef>
</listOfRanges>
</Domain>
<Domain class="oracle.dbtools.crest.model.design.Domain" name="tit_ty" id="535E4BCD-72AD-15E4-3F1A-443FF5C53AC2">
<createdBy>10151</createdBy>
<createdTime>2022-09-17 17:29:10 UTC</createdTime>
<ownerDesignName>DBhw1</ownerDesignName>
<avTSortOrder>0</avTSortOrder>
<dataTypeSize>255</dataTypeSize>
<fileName>MovieDB</fileName>
<logicalDatatype>LOGDT024</logicalDatatype>
</Domain>
<Domain class="oracle.dbtools.crest.model.design.Domain" name="len_ty" id="6FEA616A-9837-401D-6917-E2987FCEF23F">
<createdBy>10151</createdBy>
<createdTime>2022-09-17 17:31:32 UTC</createdTime>
<ownerDesignName>DBhw1</ownerDesignName>
<avTSortOrder>0</avTSortOrder>
<dataTypePrecision>3</dataTypePrecision>
<fileName>MovieDB</fileName>
<logicalDatatype>LOGDT019</logicalDatatype>
<listOfRanges>
<rangeDef class="oracle.dbtools.crest.model.design.constraint.AVT">
<beginValue>50</beginValue>
<endValue>300</endValue>
</rangeDef>
</listOfRanges>
</Domain>
<Domain class="oracle.dbtools.crest.model.design.Domain" name="emp_ty" id="736D053F-A049-05B0-66A9-D7437CA44F8F">
<createdBy>10151</createdBy>
<createdTime>2022-09-18 06:17:23 UTC</createdTime>
<ownerDesignName>DBhw1</ownerDesignName>
<avTSortOrder>0</avTSortOrder>
<dataTypePrecision>3</dataTypePrecision>
<fileName>MovieDB</fileName>
<logicalDatatype>LOGDT019</logicalDatatype>
<listOfRanges>
<rangeDef class="oracle.dbtools.crest.model.design.constraint.AVT">
<beginValue>10</beginValue>
<endValue>100</endValue>
</rangeDef>
</listOfRanges>
</Domain>
<Domain class="oracle.dbtools.crest.model.design.Domain" name="no_ty" id="893B5C95-9783-49F1-AA14-BBE754889717">
<createdBy>10151</createdBy>
<createdTime>2022-09-17 17:45:56 UTC</createdTime>
<ownerDesignName>DBhw1</ownerDesignName>
<avTSortOrder>0</avTSortOrder>
<dataTypePrecision>6</dataTypePrecision>
<fileName>MovieDB</fileName>
<logicalDatatype>LOGDT019</logicalDatatype>
</Domain>
<Domain class="oracle.dbtools.crest.model.design.Domain" name="date_ty" id="95C050FB-C3FF-DBF8-7F9B-BD58AA0AF444">
<createdBy>10151</createdBy>
<createdTime>2022-09-17 17:48:03 UTC</createdTime>
<ownerDesignName>DBhw1</ownerDesignName>
<avTSortOrder>0</avTSortOrder>
<fileName>MovieDB</fileName>
<logicalDatatype>LOGDT007</logicalDatatype>
</Domain>
<Domain class="oracle.dbtools.crest.model.design.Domain" name="prov_ty" id="C7EF61CA-A1F1-22C4-8537-E6AAAFEC85ED">
<createdBy>10151</createdBy>
<createdTime>2022-09-18 06:18:57 UTC</createdTime>
<ownerDesignName>DBhw1</ownerDesignName>
<avTSortOrder>0</avTSortOrder>
<dataTypeSize>3</dataTypeSize>
<fileName>MovieDB</fileName>
<logicalDatatype>LOGDT025</logicalDatatype>
<listOfValues>
<valueDef value="kt" description=""/>
<valueDef value="skt" description=""/>
<valueDef value="u+" description=""/>
</listOfValues>
</Domain>
<Domain class="oracle.dbtools.crest.model.design.Domain" name="net_ty" id="D470A6F0-72DF-756B-87F8-1C76DBB661E2">
<createdBy>10151</createdBy>
<createdTime>2022-09-17 17:48:29 UTC</createdTime>
<ownerDesignName>DBhw1</ownerDesignName>
<avTSortOrder>0</avTSortOrder>
<dataTypePrecision>38</dataTypePrecision>
<fileName>MovieDB</fileName>
<logicalDatatype>LOGDT019</logicalDatatype>
</Domain>
<Domain class="oracle.dbtools.crest.model.design.Domain" name="gen_ty" id="D8E17772-3C35-4F52-A797-599751FB2266">
<createdBy>10151</createdBy>
<createdTime>2022-09-17 17:49:10 UTC</createdTime>
<ownerDesignName>DBhw1</ownerDesignName>
<avTSortOrder>0</avTSortOrder>
<dataTypeSize>6</dataTypeSize>
<fileName>MovieDB</fileName>
<logicalDatatype>LOGDT025</logicalDatatype>
<listOfValues>
<valueDef value="f" description=""/>
<valueDef value="female" description=""/>
<valueDef value="m" description=""/>
<valueDef value="male" description=""/>
<valueDef value="남자" description=""/>
<valueDef value="여자" description=""/>
</listOfValues>
</Domain>
</domains>
</DomainFile>