<?xml version = '1.0' encoding = 'UTF-8'?>
<Relation class="oracle.dbtools.crest.model.design.logical.Relation" name="belong" directorySegmentName="seg_0" id="0E8B4D5D-77C2-D7A8-FFAE-D0B04E39B382">
<createdBy>10151</createdBy>
<createdTime>2022-10-07 19:39:35 UTC</createdTime>
<ownerDesignName>DBhw3</ownerDesignName>
<engineerTo>
<item key="9B7DBD56-310A-938F-7827-9B2A479BF8D4" value="true"/>
</engineerTo>
<sourcePk>9F718E0F-B73A-6866-D6E9-F14839F58821</sourcePk>
<targetPk>A33FDBDD-BA11-7838-345D-76E2CE18A3D1</targetPk>
<identifying>false</identifying>
<optionalSource>false</optionalSource>
<optionalTarget>false</optionalTarget>
<sourceCardinality>*</sourceCardinality>
<sourceEntity>3A98840C-D69F-AA28-F64C-0FEB808B45F9</sourceEntity>
<targetCardinalityString>1</targetCardinalityString>
<targetEntity>959FE40F-DB87-2F08-10C7-00445A22B3AC</targetEntity>
<transferable>true</transferable>
<deleteRule>NO ACTION</deleteRule>
</Relation>