<?xml version = '1.0' encoding = 'UTF-8'?>
<Relation class="oracle.dbtools.crest.model.design.logical.Relation" name="belong_professor" directorySegmentName="seg_0" id="1C7FBABA-EC34-8D62-761D-504CE932CD45">
<createdBy>10151</createdBy>
<createdTime>2022-10-08 14:37:39 UTC</createdTime>
<ownerDesignName>DBhw3</ownerDesignName>
<engineerTo>
<item key="9B7DBD56-310A-938F-7827-9B2A479BF8D4" value="true"/>
</engineerTo>
<sourcePk>A33FDBDD-BA11-7838-345D-76E2CE18A3D1</sourcePk>
<identifying>false</identifying>
<optionalSource>false</optionalSource>
<optionalTarget>false</optionalTarget>
<sourceCardinality>1</sourceCardinality>
<sourceEntity>959FE40F-DB87-2F08-10C7-00445A22B3AC</sourceEntity>
<targetCardinalityString>*</targetCardinalityString>
<targetEntity>A12741FA-803A-854E-ADEC-B80B33D66CDE</targetEntity>
<transferable>true</transferable>
<deleteRule>NO ACTION</deleteRule>
</Relation>