<?xml version = '1.0' encoding = 'UTF-8'?>
<Relation class="oracle.dbtools.crest.model.design.logical.Relation" name="assistant_to_subject" directorySegmentName="seg_0" id="3CB001BB-AA0D-4A0D-DA1C-8159E3E0B4D3">
<createdBy>10151</createdBy>
<createdTime>2022-10-07 19:35:10 UTC</createdTime>
<ownerDesignName>DBhw3</ownerDesignName>
<engineerTo>
<item key="17B22EE0-DE5E-7289-5174-986CC7F63751" value="true"/>
</engineerTo>
<sourcePk>B21DC276-49A8-D190-E6A6-EFD8C584571B</sourcePk>
<identifying>false</identifying>
<optionalSource>false</optionalSource>
<optionalTarget>false</optionalTarget>
<sourceCardinality>1</sourceCardinality>
<sourceEntity>12E86DF4-18C5-1A8F-7040-B8634FEC867F</sourceEntity>
<targetCardinalityString>*</targetCardinalityString>
<targetEntity>7F406B4C-F18B-A2A5-2620-405EF27D949D</targetEntity>
<transferable>true</transferable>
<deleteRule>NO ACTION</deleteRule>
</Relation>