<?xml version = '1.0' encoding = 'UTF-8'?>
<Relation class="oracle.dbtools.crest.model.design.logical.Relation" name="responsibility" directorySegmentName="seg_0" id="6A9FF635-81E9-E5D4-46C0-705D5F40D1EC">
<createdBy>10151</createdBy>
<createdTime>2022-10-07 19:49:41 UTC</createdTime>
<ownerDesignName>DBhw3</ownerDesignName>
<engineerTo>
<item key="75E03BA6-9E10-D510-2EB8-2B4A09426BD3" value="true"/>
</engineerTo>
<identifying>false</identifying>
<optionalSource>false</optionalSource>
<optionalTarget>false</optionalTarget>
<sourceCardinality>*</sourceCardinality>
<sourceEntity>A12741FA-803A-854E-ADEC-B80B33D66CDE</sourceEntity>
<targetCardinalityString>*</targetCardinalityString>
<targetEntity>7F406B4C-F18B-A2A5-2620-405EF27D949D</targetEntity>
<transferable>true</transferable>
<deleteRule>NO ACTION</deleteRule>
</Relation>