<?xml version = '1.0' encoding = 'UTF-8'?>
<Relation class="oracle.dbtools.crest.model.design.logical.Relation" name="Time" directorySegmentName="seg_0" id="8AD8D807-DC9A-2A88-7143-A6D7E9913D17">
<createdBy>10151</createdBy>
<createdTime>2022-10-08 12:05:40 UTC</createdTime>
<ownerDesignName>DBhw3</ownerDesignName>
<engineerTo>
<item key="9B7DBD56-310A-938F-7827-9B2A479BF8D4" value="true"/>
</engineerTo>
<identifying>false</identifying>
<optionalSource>true</optionalSource>
<optionalTarget>false</optionalTarget>
<sourceCardinality>*</sourceCardinality>
<sourceEntity>6E274246-7E2C-A3BD-38DA-DEC80D382E1D</sourceEntity>
<targetCardinalityString>*</targetCardinalityString>
<targetEntity>C3728B06-B465-3C86-1466-147E3D1DE138</targetEntity>
<transferable>true</transferable>
<deleteRule>NO ACTION</deleteRule>
</Relation>