<?xml version = '1.0' encoding = 'UTF-8'?>
<Relation class="oracle.dbtools.crest.model.design.logical.Relation" name="belong_assistant" directorySegmentName="seg_0" id="8E6231DD-F858-8A7B-7D4B-39C4BA8DF5BA">
<createdBy>10151</createdBy>
<createdTime>2022-10-07 19:44:59 UTC</createdTime>
<ownerDesignName>DBhw3</ownerDesignName>
<engineerTo>
<item key="75E03BA6-9E10-D510-2EB8-2B4A09426BD3" value="true"/>
</engineerTo>
<sourcePk>A33FDBDD-BA11-7838-345D-76E2CE18A3D1</sourcePk>
<identifying>false</identifying>
<optionalSource>false</optionalSource>
<optionalTarget>false</optionalTarget>
<sourceCardinality>1</sourceCardinality>
<sourceEntity>959FE40F-DB87-2F08-10C7-00445A22B3AC</sourceEntity>
<targetCardinalityString>*</targetCardinalityString>
<targetEntity>12E86DF4-18C5-1A8F-7040-B8634FEC867F</targetEntity>
<transferable>true</transferable>
<deleteRule>NO ACTION</deleteRule>
</Relation>