<?xml version = '1.0' encoding = 'UTF-8'?>
<Relation class="oracle.dbtools.crest.model.design.logical.Relation" name="learning_room" directorySegmentName="seg_0" id="9E888931-2615-55B8-C635-0A3693A0D63E">
<createdBy>10151</createdBy>
<createdTime>2022-10-08 11:26:09 UTC</createdTime>
<ownerDesignName>DBhw3</ownerDesignName>
<engineerTo>
<item key="DC414B03-8911-9BD6-0161-1D8DCE6609B9" value="true"/>
</engineerTo>
<sourcePk>B7DEC69F-AE30-0767-E4F3-9AD9450E0CD1</sourcePk>
<identifying>false</identifying>
<optionalSource>true</optionalSource>
<optionalTarget>false</optionalTarget>
<sourceCardinality>1</sourceCardinality>
<sourceEntity>25792029-2921-EE43-DCCB-18C40C765865</sourceEntity>
<targetCardinalityString>*</targetCardinalityString>
<targetEntity>C3728B06-B465-3C86-1466-147E3D1DE138</targetEntity>
<transferable>true</transferable>
<deleteRule>NO ACTION</deleteRule>
</Relation>