<?xml version = '1.0' encoding = 'UTF-8'?>
<Relation class="oracle.dbtools.crest.model.design.logical.Relation" name="s_to_L" directorySegmentName="seg_0" id="A8DBF6A0-3BE4-2151-B166-CD7F4CB78874">
<createdBy>10151</createdBy>
<createdTime>2022-10-09 14:34:32 UTC</createdTime>
<ownerDesignName>DBhw3</ownerDesignName>
<engineerTo>
<item key="17B22EE0-DE5E-7289-5174-986CC7F63751" value="true"/>
</engineerTo>
<sourcePk>9F6B4822-1015-E3E1-F108-1C65B77CB484</sourcePk>
<identifying>false</identifying>
<optionalSource>false</optionalSource>
<optionalTarget>false</optionalTarget>
<sourceCardinality>1</sourceCardinality>
<sourceEntity>7F406B4C-F18B-A2A5-2620-405EF27D949D</sourceEntity>
<targetCardinalityString>*</targetCardinalityString>
<targetEntity>C3728B06-B465-3C86-1466-147E3D1DE138</targetEntity>
<transferable>true</transferable>
<deleteRule>NO ACTION</deleteRule>
</Relation>