<?xml version = '1.0' encoding = 'UTF-8'?>
<Relation class="oracle.dbtools.crest.model.design.logical.Relation" name="head_department" directorySegmentName="seg_0" id="AA2B5421-304D-A7E3-6460-27D153C6794A">
<createdBy>10151</createdBy>
<createdTime>2022-10-08 17:38:33 UTC</createdTime>
<ownerDesignName>DBhw3</ownerDesignName>
<sourcePk>A33FDBDD-BA11-7838-345D-76E2CE18A3D1</sourcePk>
<dominantRole>959FE40F-DB87-2F08-10C7-00445A22B3AC</dominantRole>
<identifying>false</identifying>
<optionalSource>false</optionalSource>
<optionalTarget>false</optionalTarget>
<sourceCardinality>1</sourceCardinality>
<sourceEntity>959FE40F-DB87-2F08-10C7-00445A22B3AC</sourceEntity>
<targetCardinalityString>1</targetCardinalityString>
<targetEntity>71F6F889-BACD-B406-1E5B-C8690854C24E</targetEntity>
<transferable>true</transferable>
<deleteRule>NO ACTION</deleteRule>
</Relation>