<?xml version = '1.0' encoding = 'UTF-8'?>
<Relation class="oracle.dbtools.crest.model.design.logical.Relation" name="professor_head" directorySegmentName="seg_0" id="AC50753F-5209-2F74-1375-9AB3CC7C3862">
<createdBy>10151</createdBy>
<createdTime>2022-10-08 17:38:16 UTC</createdTime>
<ownerDesignName>DBhw3</ownerDesignName>
<sourcePk>ED33261B-3E00-DF51-4C2E-D5ECBF1441A5</sourcePk>
<identifying>true</identifying>
<optionalSource>true</optionalSource>
<optionalTarget>false</optionalTarget>
<sourceCardinality>1</sourceCardinality>
<sourceEntity>A12741FA-803A-854E-ADEC-B80B33D66CDE</sourceEntity>
<targetCardinalityString>1</targetCardinalityString>
<targetEntity>71F6F889-BACD-B406-1E5B-C8690854C24E</targetEntity>
<transferable>true</transferable>
<deleteRule>NO ACTION</deleteRule>
</Relation>