<?xml version = '1.0' encoding = 'UTF-8'?>
<Relation class="oracle.dbtools.crest.model.design.logical.Relation" name="learn" directorySegmentName="seg_0" id="C86E655D-D885-A60E-1CED-A0572BD36B84">
<createdBy>10151</createdBy>
<createdTime>2022-10-07 19:46:11 UTC</createdTime>
<ownerDesignName>DBhw3</ownerDesignName>
<engineerTo>
<item key="17B22EE0-DE5E-7289-5174-986CC7F63751" value="true"/>
</engineerTo>
<sourcePk>9F718E0F-B73A-6866-D6E9-F14839F58821</sourcePk>
<identifying>false</identifying>
<optionalSource>false</optionalSource>
<optionalTarget>false</optionalTarget>
<sourceCardinality>*</sourceCardinality>
<sourceEntity>3A98840C-D69F-AA28-F64C-0FEB808B45F9</sourceEntity>
<targetCardinalityString>*</targetCardinalityString>
<targetEntity>C3728B06-B465-3C86-1466-147E3D1DE138</targetEntity>
<transferable>true</transferable>
<deleteRule>NO ACTION</deleteRule>
</Relation>