<?xml version = '1.0' encoding = 'UTF-8'?>
<Relation class="oracle.dbtools.crest.model.design.logical.Relation" name="teach" directorySegmentName="seg_0" id="E5D06A80-2F3D-074C-6512-3CCC0818F916">
<createdBy>10151</createdBy>
<createdTime>2022-10-07 19:45:51 UTC</createdTime>
<ownerDesignName>DBhw3</ownerDesignName>
<engineerTo>
<item key="2A51CC67-91E2-7ECE-C212-8C838583DC6A" value="true"/>
</engineerTo>
<sourcePk>ED33261B-3E00-DF51-4C2E-D5ECBF1441A5</sourcePk>
<identifying>false</identifying>
<optionalSource>false</optionalSource>
<optionalTarget>false</optionalTarget>
<sourceCardinality>1</sourceCardinality>
<sourceEntity>A12741FA-803A-854E-ADEC-B80B33D66CDE</sourceEntity>
<targetCardinalityString>*</targetCardinalityString>
<targetEntity>C3728B06-B465-3C86-1466-147E3D1DE138</targetEntity>
<transferable>true</transferable>
<deleteRule>NO ACTION</deleteRule>
</Relation>